Barrio,Tipo de Inmueble,Estado,Antigüedad,Área Construida (m2),Área Privada (m2),Estrato,Baños,Habitaciones,Parqueaderos,Piso N°,Barrio_clean,Barrio_group,Piso_cat
Castropol,Casa,Usado,1 a 8 años,200.0,200.0,6.0,4,4,2,1,CASTROPOL,CASTROPOL,missing
Vía Las Palmas,Casa,Buen estado,16 a 30 años,323.0,323.0,6.0,6,5,6,1,VIA LAS PALMAS,VIA LAS PALMAS,1
El Poblado,Apartamento,Usado,16 a 30 años,100.0,100.0,5.0,2,3,1,7,EL POBLADO,EL POBLADO,missing
Laureles,Apartamento,Usado,más de 30 años,98.0,98.0,5.0,2,3,1,5,LAURELES,LAURELES,missing
San Antonio de Prado,Apartamento,Usado,9 a 15 años,45.0,45.0,3.0,1,2,0,4,SAN ANTONIO DE PRADO,SAN ANTONIO DE PRADO,missing
Loma de los bernal,Apartamento,Usado,1 a 8 años,120.0,120.0,5.0,2,2,1,4,LOMA DE LOS BERNAL,LOMA DE LOS BERNAL,missing
El Poblado,Casa,Usado,16 a 30 años,250.0,250.0,6.0,3,5,2,1,EL POBLADO,EL POBLADO,1
La milagrosa,Apartamento,Usado,16 a 30 años,37.0,37.0,3.0,1,2,0,15,LA MILAGROSA,LA MILAGROSA,3+
Belen La Palma,Apartamento,Usado,16 a 30 años,85.0,85.0,4.0,3,2,1,9,BELEN LA PALMA,BELEN LA PALMA,3+
Las palmas,Apartamento,Usado,9 a 15 años,75.0,75.0,6.0,3,2,1,8,LAS PALMAS,LAS PALMAS,missing
El Poblado,Apartamento,Buen estado,16 a 30 años,162.0,162.0,4.0,4,3,2,5,EL POBLADO,EL POBLADO,3+
El Poblado,Apartamento,Usado,9 a 15 años,97.0,97.0,6.0,3,2,2,10,EL POBLADO,EL POBLADO,missing
San german,Apartamento,Usado,1 a 8 años,102.4,102.4,4.0,2,3,1,5,SAN GERMAN,SAN GERMAN,missing
Calasanz,Apartamento,Nuevo,1 a 8 años,70.0,70.0,5.0,2,3,1,15,CALASANZ,CALASANZ,3+
Loma del Indio,Apartamento,Usado,1 a 8 años,70.0,70.0,6.0,2,2,1,10,LOMA DEL INDIO,LOMA DEL INDIO,missing
Belen La Palma,Apartaestudio,Usado,16 a 30 años,53.0,53.0,5.0,1,1,0,4,BELEN LA PALMA,BELEN LA PALMA,3+
San diego,Apartamento,Usado,16 a 30 años,80.0,80.0,4.0,2,3,1,3,SAN DIEGO,SAN DIEGO,3+
Laureles,Apartamento,Usado,1 a 8 años,90.0,90.0,4.0,2,2,1,8,LAURELES,LAURELES,missing
El Poblado,Apartamento,Usado,16 a 30 años,121.0,121.0,5.0,3,3,2,11,EL POBLADO,EL POBLADO,missing
El Poblado,Apartamento,Usado,1 a 8 años,90.0,90.0,6.0,2,2,0,18,EL POBLADO,EL POBLADO,3+
Los pinos,Apartaestudio,Usado,1 a 8 años,37.0,37.0,5.0,1,1,0,2,LOS PINOS,LOS PINOS,missing
El Poblado,Apartamento,Buen estado,16 a 30 años,169.0,169.0,6.0,4,3,0,4,EL POBLADO,EL POBLADO,3+
La candelaria,Apartamento,Usado,9 a 15 años,73.0,73.0,4.0,2,2,0,10,LA CANDELARIA,LA CANDELARIA,missing
Los alcazares,Apartaestudio,Usado,menor a 1 año,40.0,40.0,3.0,1,1,0,2,LOS ALCAZARES,OTROS,missing
El Poblado,Apartamento,Usado,16 a 30 años,205.0,205.0,6.0,5,3,3,6,EL POBLADO,EL POBLADO,3+
Alejandria,Apartamento,Usado,16 a 30 años,150.0,150.0,6.0,4,3,2,9,ALEJANDRIA,ALEJANDRIA,3+
San joaquin,Apartamento,Usado,16 a 30 años,98.0,98.0,4.0,2,3,0,3,SAN JOAQUIN,SAN JOAQUIN,3+
Las Lomitas,Apartamento,Usado,1 a 8 años,65.0,65.0,3.0,2,2,0,5,LAS LOMITAS,OTROS,missing
El Poblado,Apartamento,Usado,16 a 30 años,126.0,126.0,6.0,2,3,1,6,EL POBLADO,EL POBLADO,3+
La candelaria,Apartamento,Usado,16 a 30 años,140.0,140.0,3.0,3,3,1,14,LA CANDELARIA,LA CANDELARIA,3+
Loma de los Gonzalez,Apartamento,Usado,1 a 8 años,70.0,70.0,5.0,2,3,1,3,LOMA DE LOS GONZALEZ,LOMA DE LOS GONZALEZ,missing
Las palmas,Apartamento,Usado,9 a 15 años,141.0,141.0,6.0,2,3,2,3,LAS PALMAS,LAS PALMAS,missing
El Poblado,Apartamento,Usado,16 a 30 años,85.0,85.0,4.0,2,3,1,7,EL POBLADO,EL POBLADO,missing
San diego,Apartamento,Usado,1 a 8 años,70.0,70.0,4.0,2,3,1,3,SAN DIEGO,SAN DIEGO,missing
Belén,Apartamento,Usado,9 a 15 años,60.0,60.0,4.0,2,3,0,4,BELEN,BELEN,3+
El Poblado,Apartamento,Usado,16 a 30 años,55.0,55.0,5.0,1,2,1,10,EL POBLADO,EL POBLADO,3+
Centro,Apartaestudio,Usado,16 a 30 años,32.0,32.0,4.0,1,1,0,10,CENTRO,CENTRO,3+
La castellana,Casa,Usado,1 a 8 años,150.0,150.0,5.0,2,4,0,1,LA CASTELLANA,LA CASTELLANA,missing
Castropol,Casa,Usado,16 a 30 años,320.0,320.0,6.0,4,4,2,1,CASTROPOL,CASTROPOL,missing
Laureles,Apartamento,Usado,16 a 30 años,92.0,92.0,5.0,2,3,1,13,LAURELES,LAURELES,3+
Belén,Apartamento,Usado,16 a 30 años,98.0,98.0,4.0,2,3,0,3,BELEN,BELEN,3+
Laureles,Apartamento,Usado,16 a 30 años,56.0,56.0,4.0,1,2,0,1,LAURELES,LAURELES,1
Pajarito,Apartaestudio,Usado,1 a 8 años,30.0,30.0,3.0,1,1,0,1,PAJARITO,PAJARITO,1
Milla de Oro,Apartamento,Usado,1 a 8 años,185.0,185.0,6.0,4,3,2,6,MILLA DE ORO,MILLA DE ORO,3+
Los pinos,Apartamento,Excelente estado,1 a 8 años,68.0,68.0,4.0,2,2,1,12,LOS PINOS,LOS PINOS,missing
Patio bonito,Casa,Usado,más de 30 años,500.0,500.0,6.0,4,13,3,1,PATIO BONITO,PATIO BONITO,missing
Laureles,Apartamento,Usado,1 a 8 años,80.0,80.0,5.0,2,2,2,2,LAURELES,LAURELES,missing
La pilarica,Apartamento,Usado,16 a 30 años,50.0,50.0,4.0,2,2,0,2,LA PILARICA,LA PILARICA,2
Vía Las Palmas,Apartamento,Usado,1 a 8 años,94.0,94.0,6.0,3,3,2,2,VIA LAS PALMAS,VIA LAS PALMAS,missing
La candelaria,Apartamento,Usado,más de 30 años,52.0,52.0,4.0,1,1,0,9,LA CANDELARIA,LA CANDELARIA,3+
Altos del poblado,Apartamento,Usado,1 a 8 años,13000.0,13000.0,5.0,3,3,1,5,ALTOS DEL POBLADO,ALTOS DEL POBLADO,missing
Centro,Apartaestudio,Usado,16 a 30 años,35.0,35.0,3.0,1,1,0,1,CENTRO,CENTRO,1
Lorena,Casa,Usado,1 a 8 años,120.0,120.0,4.0,2,4,0,1,LORENA,LORENA,1
Laureles,Apartamento,Usado,16 a 30 años,115.0,115.0,5.0,2,3,1,4,LAURELES,LAURELES,missing
Buenos aires,Apartamento,Usado,más de 30 años,80.0,80.0,4.0,2,2,0,2,BUENOS AIRES,BUENOS AIRES,missing
Laureles,Casa,Usado,1 a 8 años,210.0,210.0,5.0,3,3,0,1,LAURELES,LAURELES,missing
Las palmas,Apartamento,Usado,1 a 8 años,100.0,100.0,5.0,2,2,0,8,LAS PALMAS,LAS PALMAS,missing
Robledo,Apartamento,Usado,16 a 30 años,65.0,65.0,3.0,2,2,0,1,ROBLEDO,ROBLEDO,1
Robledo,Apartamento,Usado,1 a 8 años,65.0,65.0,3.0,2,3,0,18,ROBLEDO,ROBLEDO,3+
San diego,Apartamento,Usado,16 a 30 años,89.0,89.0,4.0,2,2,1,1,SAN DIEGO,SAN DIEGO,1
El Poblado,Apartamento,Usado,1 a 8 años,5200.0,5200.0,4.0,2,2,1,9,EL POBLADO,EL POBLADO,missing
Belén,Casa,Usado,16 a 30 años,160.0,160.0,4.0,2,3,1,1,BELEN,BELEN,1
San javier,Apartamento,Usado,16 a 30 años,43.0,43.0,2.0,1,2,0,2,SAN JAVIER,SAN JAVIER,2
Calasanz,Apartamento,Usado,1 a 8 años,32.0,32.0,4.0,1,1,0,4,CALASANZ,CALASANZ,missing
Los colores,Apartamento,Usado,9 a 15 años,75.0,75.0,5.0,2,2,0,3,LOS COLORES,LOS COLORES,3+
El Poblado,Casa,Usado,16 a 30 años,244.0,244.0,6.0,6,4,2,1,EL POBLADO,EL POBLADO,missing
Laureles,Apartamento,Buen estado,16 a 30 años,95.0,95.0,5.0,2,3,1,8,LAURELES,LAURELES,3+
Conquistadores,Apartamento,Usado,16 a 30 años,56.0,56.0,4.0,2,1,2,2,CONQUISTADORES,CONQUISTADORES,2
San diego,Apartamento,Usado,más de 30 años,106.0,106.0,6.0,1,2,0,1,SAN DIEGO,SAN DIEGO,1
Laureles,Apartaestudio,Usado,16 a 30 años,45.0,45.0,5.0,1,1,1,2,LAURELES,LAURELES,missing
Altos del poblado,Apartamento,Usado,1 a 8 años,148.0,148.0,5.0,3,3,1,5,ALTOS DEL POBLADO,ALTOS DEL POBLADO,missing
Buenos aires,Apartamento,Usado,16 a 30 años,45.0,45.0,5.0,1,2,0,4,BUENOS AIRES,BUENOS AIRES,missing
Colon,Apartamento,Usado,16 a 30 años,68.0,68.0,4.0,2,3,1,5,COLON,COLON,missing
Laureles,Casa,Usado,más de 30 años,365.0,365.0,6.0,4,4,2,1,LAURELES,LAURELES,1
Belén Aliadas,Apartamento,Usado,menor a 1 año,64.0,64.0,4.0,2,2,0,7,BELEN ALIADAS,BELEN ALIADAS,missing
Boston,Apartaestudio,Usado,más de 30 años,25.0,25.0,3.0,1,1,0,2,BOSTON,BOSTON,2
El Poblado,Apartamento,Usado,16 a 30 años,70.0,70.0,6.0,2,2,1,6,EL POBLADO,EL POBLADO,3+
El Poblado,Apartamento,Usado,9 a 15 años,70.0,70.0,6.0,2,2,1,10,EL POBLADO,EL POBLADO,missing
Conquistadores,Apartamento,Usado,1 a 8 años,110.0,110.0,5.0,4,3,1,10,CONQUISTADORES,CONQUISTADORES,3+
Belén Rincón,Apartamento,Usado,16 a 30 años,50.0,50.0,3.0,2,3,0,2,BELEN RINCON,BELEN RINCON,2
El Poblado,Apartamento,Buen estado,1 a 8 años,67.0,67.0,5.0,1,1,1,18,EL POBLADO,EL POBLADO,3+
El Poblado,Apartamento,Usado,16 a 30 años,62.0,62.0,6.0,2,1,1,9,EL POBLADO,EL POBLADO,missing
Laureles,Apartaestudio,Usado,9 a 15 años,48.0,48.0,3.0,1,1,0,13,LAURELES,LAURELES,3+
Laureles,Apartamento,Usado,16 a 30 años,170.0,170.0,5.0,4,4,2,2,LAURELES,LAURELES,missing
El Poblado,Apartamento,Usado,16 a 30 años,80.0,80.0,5.0,2,3,0,14,EL POBLADO,EL POBLADO,3+
Estadio,Apartamento,Usado,1 a 8 años,45.0,45.0,5.0,1,1,0,2,ESTADIO,ESTADIO,2
Laureles,Apartamento,Usado,16 a 30 años,85.0,85.0,5.0,2,2,1,6,LAURELES,LAURELES,missing
Laureles,Casa,Usado,16 a 30 años,120.0,120.0,5.0,2,4,0,1,LAURELES,LAURELES,missing
Robledo,Apartamento,Usado,más de 30 años,60.0,60.0,4.0,2,3,0,10,ROBLEDO,ROBLEDO,missing
Ciudad del Río,Apartamento,Usado,menor a 1 año,64.0,64.0,5.0,2,2,1,7,CIUDAD DEL RIO,CIUDAD DEL RIO,missing
Boston,Apartamento,Usado,9 a 15 años,65.0,65.0,4.0,3,3,1,9,BOSTON,BOSTON,3+
Las palmas,Casa,Usado,1 a 8 años,222.4,222.4,5.0,5,4,3,1,LAS PALMAS,LAS PALMAS,missing
Centro,Apartaestudio,Usado,más de 30 años,46.0,46.0,3.0,1,2,0,1,CENTRO,CENTRO,1
San diego,Apartamento,Usado,9 a 15 años,75.0,75.0,4.0,1,1,0,2,SAN DIEGO,SAN DIEGO,2
Los colores,Apartamento,Usado,9 a 15 años,125.0,125.0,5.0,2,3,1,4,LOS COLORES,LOS COLORES,3+
Bombona no1,Apartaestudio,Usado,más de 30 años,50.0,50.0,4.0,1,3,0,11,BOMBONA NO1,BOMBONA NO1,3+
Buenos aires,Apartamento,Usado,16 a 30 años,7000.0,7000.0,3.0,2,3,0,2,BUENOS AIRES,BUENOS AIRES,2
Laureles,Apartamento,Usado,16 a 30 años,67.0,67.0,5.0,2,2,1,5,LAURELES,LAURELES,3+
Santa lucia,Apartamento,Usado,1 a 8 años,90.0,90.0,5.0,2,3,1,4,SANTA LUCIA,SANTA LUCIA,missing
La salle,Apartamento,Usado,1 a 8 años,65.0,65.0,4.0,2,3,1,9,LA SALLE,OTROS,missing
Buenos aires,Apartaestudio,Usado,más de 30 años,40.0,40.0,3.0,1,1,0,1,BUENOS AIRES,BUENOS AIRES,1
San joaquin,Apartaestudio,Usado,16 a 30 años,68.0,68.0,4.0,1,1,0,3,SAN JOAQUIN,SAN JOAQUIN,3+
Robledo,Apartaestudio,Usado,más de 30 años,30.0,30.0,2.0,1,1,0,1,ROBLEDO,ROBLEDO,1
El Poblado,Apartamento,Buen estado,16 a 30 años,60.0,60.0,6.0,2,2,1,13,EL POBLADO,EL POBLADO,3+
Villa hermosa,Apartaestudio,Usado,1 a 8 años,35.0,35.0,3.0,1,1,0,3,VILLA HERMOSA,VILLA HERMOSA,missing
Loma del Indio,Apartamento,Nuevo,menor a 1 año,76.0,76.0,4.0,2,3,1,4,LOMA DEL INDIO,LOMA DEL INDIO,missing
El Poblado,Apartamento,Usado,más de 30 años,101.0,101.0,5.0,1,3,0,4,EL POBLADO,EL POBLADO,3+
Conquistadores,Apartamento,Usado,9 a 15 años,100.0,100.0,5.0,4,3,1,6,CONQUISTADORES,CONQUISTADORES,3+
Centro,Apartamento,Usado,1 a 8 años,32.0,32.0,3.0,1,1,0,3,CENTRO,CENTRO,missing
Laureles,Casa,Nuevo,menor a 1 año,90.0,90.0,5.0,2,2,1,1,LAURELES,LAURELES,missing
Buenos aires,Apartamento,Usado,más de 30 años,48.0,48.0,3.0,1,2,0,2,BUENOS AIRES,BUENOS AIRES,2
Villa hermosa,Apartamento,Usado,9 a 15 años,45.0,45.0,3.0,1,2,0,12,VILLA HERMOSA,VILLA HERMOSA,3+
Pajarito,Apartamento,Usado,1 a 8 años,54.0,54.0,3.0,1,3,0,10,PAJARITO,PAJARITO,missing
Suramericana,Casa,Usado,menor a 1 año,25.0,25.0,4.0,1,1,0,1,SURAMERICANA,SURAMERICANA,missing
La america,Apartamento,Usado,más de 30 años,90.0,90.0,5.0,2,2,0,8,LA AMERICA,LA AMERICA,missing
El Poblado,Apartamento,Usado,menor a 1 año,87.0,87.0,6.0,3,2,2,13,EL POBLADO,EL POBLADO,missing
Ciudad del Río,Apartamento,Usado,1 a 8 años,65.0,65.0,4.0,2,2,1,5,CIUDAD DEL RIO,CIUDAD DEL RIO,missing
Belén,Apartamento,Usado,16 a 30 años,80.0,80.0,4.0,2,3,0,3,BELEN,BELEN,3+
El Poblado,Apartamento,Usado,16 a 30 años,130.0,130.0,6.0,2,3,1,5,EL POBLADO,EL POBLADO,missing
El salvador,Apartaestudio,Usado,1 a 8 años,20.0,20.0,3.0,1,1,0,4,EL SALVADOR,EL SALVADOR,3+
Manrique,Apartamento,Usado,16 a 30 años,180.0,180.0,3.0,2,1,0,1,MANRIQUE,MANRIQUE,1
Boston,Apartaestudio,Usado,1 a 8 años,30.0,30.0,4.0,1,1,0,3,BOSTON,BOSTON,missing
Lalinde,Apartamento,Usado,1 a 8 años,93.0,93.0,6.0,3,2,2,1,LALINDE,OTROS,missing
Boston,Apartamento,Excelente estado,1 a 8 años,58.0,58.0,4.0,2,3,1,10,BOSTON,BOSTON,missing
Buenos aires,Casa,Usado,más de 30 años,13000.0,13000.0,3.0,1,4,0,1,BUENOS AIRES,BUENOS AIRES,missing
Manrique,Apartaestudio,Nuevo,16 a 30 años,30.0,30.0,3.0,1,1,0,4,MANRIQUE,MANRIQUE,3+
Maria Auxiliadora,Apartamento,Usado,1 a 8 años,60.0,60.0,3.0,2,2,0,6,MARIA AUXILIADORA,OTROS,missing
Cristo rey,Apartaestudio,Usado,1 a 8 años,50.0,50.0,3.0,1,1,0,4,CRISTO REY,CRISTO REY,missing
Laureles,Apartamento,Usado,9 a 15 años,119.0,119.0,5.0,3,3,1,3,LAURELES,LAURELES,missing
Los pinos,Apartaestudio,Usado,1 a 8 años,45.0,45.0,4.0,1,1,0,2,LOS PINOS,LOS PINOS,missing
Centro,Apartamento,Usado,16 a 30 años,33.0,33.0,4.0,1,1,0,4,CENTRO,CENTRO,missing
Calasanz,Apartamento,Usado,1 a 8 años,70.0,70.0,4.0,2,3,0,3,CALASANZ,CALASANZ,3+
El Poblado,Apartamento,Usado,16 a 30 años,260.0,260.0,6.0,3,2,1,18,EL POBLADO,EL POBLADO,3+
Santa maria de los angeles,Apartamento,Usado,16 a 30 años,150.0,150.0,6.0,4,3,3,5,SANTA MARIA DE LOS ANGELES,SANTA MARIA DE LOS ANGELES,3+
El Poblado,Apartamento,Usado,1 a 8 años,120.0,120.0,6.0,3,4,1,12,EL POBLADO,EL POBLADO,3+
El Poblado,Apartamento,Excelente estado,1 a 8 años,7300.0,7300.0,6.0,2,3,1,18,EL POBLADO,EL POBLADO,3+
El Poblado,Apartamento,Usado,1 a 8 años,6000.0,6000.0,4.0,2,2,1,9,EL POBLADO,EL POBLADO,missing
La castellana,Apartamento,Usado,16 a 30 años,85.0,85.0,5.0,2,3,1,7,LA CASTELLANA,LA CASTELLANA,missing
Loma De San Julian,Apartamento,Usado,16 a 30 años,78.0,78.0,5.0,2,3,1,5,LOMA DE SAN JULIAN,LOMA DE SAN JULIAN,missing
La candelaria ,Casa,Usado,16 a 30 años,280.0,280.0,5.0,3,2,2,2,LA CANDELARIA,LA CANDELARIA,2
Loma del Indio,Apartamento,Usado,menor a 1 año,62.0,62.0,4.0,2,2,1,5,LOMA DEL INDIO,LOMA DEL INDIO,missing
La floresta,Casa,Usado,9 a 15 años,200.0,200.0,4.0,1,2,0,1,LA FLORESTA,LA FLORESTA,missing
Los Balsos,Apartaestudio,Usado,1 a 8 años,60.0,60.0,6.0,2,1,1,18,LOS BALSOS,LOS BALSOS,3+
Belen La Palma,Apartamento,Usado,1 a 8 años,65.0,65.0,4.0,3,2,0,5,BELEN LA PALMA,BELEN LA PALMA,3+
La candelaria,Apartamento,Usado,16 a 30 años,120.0,120.0,4.0,2,3,0,3,LA CANDELARIA,LA CANDELARIA,3+
El Poblado,Apartamento,Usado,1 a 8 años,68.0,68.0,4.0,2,2,1,12,EL POBLADO,EL POBLADO,missing
Belén Rosales,Apartamento,Usado,1 a 8 años,70.0,70.0,4.0,1,2,0,2,BELEN ROSALES,BELEN ROSALES,2
Simon bolivar,Apartamento,Usado,más de 30 años,70.0,70.0,5.0,2,2,0,3,SIMON BOLIVAR,SIMON BOLIVAR,3+
Laureles,Apartamento,Usado,16 a 30 años,62.0,62.0,5.0,2,2,1,3,LAURELES,LAURELES,3+
Laureles,Casa,Usado,16 a 30 años,324.0,324.0,5.0,3,5,0,1,LAURELES,LAURELES,missing
El Poblado,Apartamento,Usado,9 a 15 años,76.0,76.0,6.0,2,2,2,15,EL POBLADO,EL POBLADO,missing
El Poblado,Apartamento,Usado,16 a 30 años,102.4,102.4,6.0,2,3,1,5,EL POBLADO,EL POBLADO,missing
Laureles,Apartamento,Usado,1 a 8 años,110.0,110.0,5.0,3,3,1,10,LAURELES,LAURELES,3+
La america,Casa,Usado,más de 30 años,118.0,118.0,4.0,3,4,1,4,LA AMERICA,LA AMERICA,3+
El Poblado,Apartamento,Usado,1 a 8 años,6400.0,6400.0,6.0,2,3,1,5,EL POBLADO,EL POBLADO,missing
Calasanz parte alta,Apartamento,Usado,1 a 8 años,70.0,70.0,4.0,2,3,1,15,CALASANZ PARTE ALTA,CALASANZ PARTE ALTA,3+
El salvador,Apartaestudio,Usado,menor a 1 año,30.0,30.0,3.0,1,1,0,3,EL SALVADOR,EL SALVADOR,missing
Loma De San Julian,Apartamento,Usado,16 a 30 años,84.0,84.0,5.0,2,3,2,6,LOMA DE SAN JULIAN,LOMA DE SAN JULIAN,missing
Florida nueva,Casa,Usado,16 a 30 años,267.0,267.0,5.0,7,7,1,1,FLORIDA NUEVA,FLORIDA NUEVA,missing
Laureles,Apartaestudio,Usado,más de 30 años,31.0,31.0,3.0,1,1,0,1,LAURELES,LAURELES,missing
El Poblado,Apartamento,Usado,9 a 15 años,68.0,68.0,4.0,2,2,1,12,EL POBLADO,EL POBLADO,missing
Prado,Apartaestudio,Usado,más de 30 años,360.0,360.0,4.0,4,5,0,1,PRADO,PRADO,1
La candelaria,Apartamento,Buen estado,16 a 30 años,158.0,158.0,4.0,3,4,1,8,LA CANDELARIA,LA CANDELARIA,3+
La Almeria,Casa,Usado,más de 30 años,380.0,380.0,4.0,5,7,0,2,LA ALMERIA,LA ALMERIA,2
Belén,Apartamento,Buen estado,16 a 30 años,80.0,80.0,5.0,2,3,1,3,BELEN,BELEN,3+
Calasanz parte alta,Apartamento,Usado,16 a 30 años,87.0,87.0,4.0,2,3,1,8,CALASANZ PARTE ALTA,CALASANZ PARTE ALTA,3+
Robledo,Apartamento,Usado,más de 30 años,110.0,110.0,3.0,3,3,0,2,ROBLEDO,ROBLEDO,2
Calasanz,Apartamento,Usado,1 a 8 años,56.0,56.0,4.0,2,3,1,6,CALASANZ,CALASANZ,missing
Girardot,Apartaestudio,Usado,16 a 30 años,4000.0,4000.0,3.0,1,1,1,2,GIRARDOT,OTROS,missing
La mota,Apartamento,Usado,16 a 30 años,71.0,71.0,4.0,2,2,1,3,LA MOTA,LA MOTA,3+
La pilarica,Apartamento,Usado,1 a 8 años,55.0,55.0,4.0,2,2,0,4,LA PILARICA,LA PILARICA,3+
Vía Las Palmas,Apartamento,Usado,1 a 8 años,105.0,105.0,6.0,3,3,2,5,VIA LAS PALMAS,VIA LAS PALMAS,missing
El Poblado,Apartamento,Usado,9 a 15 años,259.0,259.0,6.0,4,3,3,5,EL POBLADO,EL POBLADO,missing
Laureles,Casa,Usado,16 a 30 años,70.0,70.0,6.0,1,4,0,1,LAURELES,LAURELES,1
Boston ,Apartamento,Usado,16 a 30 años,72.0,72.0,4.0,2,3,0,12,BOSTON,BOSTON,3+
Belén Aliadas,Apartamento,Usado,1 a 8 años,70.0,70.0,4.0,2,2,0,1,BELEN ALIADAS,BELEN ALIADAS,1
Calasanz,Apartamento,Nuevo,1 a 8 años,58.0,58.0,3.0,2,3,1,18,CALASANZ,CALASANZ,3+
Loma Benedictinos,Apartamento,Usado,9 a 15 años,120.0,120.0,6.0,3,3,1,2,LOMA BENEDICTINOS,OTROS,missing
Robledo,Apartamento,Usado,16 a 30 años,47.0,47.0,2.0,1,1,0,5,ROBLEDO,ROBLEDO,missing
Pajarito,Apartamento,Usado,1 a 8 años,55.0,55.0,3.0,1,3,1,12,PAJARITO,PAJARITO,3+
Laureles,Casa,Nuevo,menor a 1 año,180.0,180.0,4.0,3,4,0,1,LAURELES,LAURELES,missing
Brasilia ,Apartamento,Usado,1 a 8 años,60.0,60.0,4.0,3,2,0,5,BRASILIA,OTROS,3+
La mota,Casa,Usado,16 a 30 años,116.0,116.0,5.0,3,3,2,1,LA MOTA,LA MOTA,missing
Maria Auxiliadora,Apartamento,Usado,1 a 8 años,50.0,50.0,3.0,2,2,0,15,MARIA AUXILIADORA,OTROS,3+
Loma del Indio,Apartamento,Buen estado,16 a 30 años,80.0,80.0,5.0,3,3,1,8,LOMA DEL INDIO,LOMA DEL INDIO,3+
Calasanz,Apartamento,Usado,menor a 1 año,60.0,60.0,3.0,2,3,1,10,CALASANZ,CALASANZ,missing
Vía Las Palmas,Apartamento,Usado,1 a 8 años,7000.0,7000.0,6.0,2,3,1,7,VIA LAS PALMAS,VIA LAS PALMAS,missing
Robledo,Apartamento,Usado,menor a 1 año,68.0,68.0,4.0,2,2,1,12,ROBLEDO,ROBLEDO,missing
Laureles,Apartaestudio,Usado,16 a 30 años,35.0,35.0,5.0,2,1,1,5,LAURELES,LAURELES,3+
Simon bolivar,Apartaestudio,Usado,1 a 8 años,35.0,35.0,5.0,1,1,0,3,SIMON BOLIVAR,SIMON BOLIVAR,missing
La america,Apartamento,Usado,1 a 8 años,155.0,155.0,4.0,3,3,1,2,LA AMERICA,LA AMERICA,missing
El Poblado,Apartamento,Usado,16 a 30 años,14000.0,14000.0,6.0,3,3,1,4,EL POBLADO,EL POBLADO,missing
La pilarica,Apartamento,Usado,1 a 8 años,55.0,55.0,4.0,2,2,0,3,LA PILARICA,LA PILARICA,3+
Calasanz,Apartamento,Usado,menor a 1 año,58.0,58.0,4.0,3,2,1,7,CALASANZ,CALASANZ,missing
El Poblado,Apartamento,Usado,1 a 8 años,111.0,111.0,6.0,3,3,0,18,EL POBLADO,EL POBLADO,3+
Provenza,Apartamento,Usado,1 a 8 años,100.0,100.0,6.0,2,1,2,5,PROVENZA,PROVENZA,3+
Manrique,Casa,Usado,16 a 30 años,85.0,85.0,3.0,1,2,0,2,MANRIQUE,MANRIQUE,2
Loma del Indio,Apartamento,Usado,1 a 8 años,78.0,78.0,4.0,2,3,1,5,LOMA DEL INDIO,LOMA DEL INDIO,missing
Belén San Bernardo,Apartaestudio,Usado,16 a 30 años,30.0,30.0,3.0,1,1,0,1,BELEN SAN BERNARDO,BELEN SAN BERNARDO,1
Las palmas,Apartamento,Usado,1 a 8 años,80.0,80.0,5.0,2,3,1,18,LAS PALMAS,LAS PALMAS,3+
La america,Apartaestudio,Usado,16 a 30 años,50.0,50.0,4.0,1,1,1,5,LA AMERICA,LA AMERICA,3+
Laureles,Casa,Nuevo,menor a 1 año,160.0,160.0,4.0,4,3,2,1,LAURELES,LAURELES,missing
Belén,Apartamento,Usado,16 a 30 años,50.0,50.0,4.0,1,1,0,4,BELEN,BELEN,missing
Santa cruz,Casa,Usado,9 a 15 años,8300.0,8300.0,2.0,2,5,0,1,SANTA CRUZ,OTROS,missing
Laureles,Apartamento,Usado,16 a 30 años,55.0,55.0,5.0,1,2,1,9,LAURELES,LAURELES,3+
Ciudad del Río,Apartamento,Nuevo,1 a 8 años,109.0,109.0,5.0,3,3,2,18,CIUDAD DEL RIO,CIUDAD DEL RIO,3+
Doce de octubre,Apartamento,Usado,16 a 30 años,45.0,45.0,4.0,1,1,0,3,DOCE DE OCTUBRE,OTROS,3+
Las palmas,Casa,Usado,1 a 8 años,316.0,1414.0,5.0,5,3,6,2,LAS PALMAS,LAS PALMAS,2
Barrio Nuevo,Apartaestudio,Usado,16 a 30 años,28.0,28.0,3.0,1,1,1,1,BARRIO NUEVO,OTROS,1
Loma de los bernal,Apartamento,Usado,1 a 8 años,70.0,70.0,5.0,2,3,1,16,LOMA DE LOS BERNAL,LOMA DE LOS BERNAL,3+
Colasania,Apartamento,Usado,9 a 15 años,135.0,135.0,6.0,3,2,2,2,COLASANIA,COLASANIA,2
Loma del Indio,Apartamento,Usado,16 a 30 años,110.0,110.0,6.0,3,3,1,13,LOMA DEL INDIO,LOMA DEL INDIO,missing
El Poblado,Apartamento,Buen estado,1 a 8 años,122.0,122.0,6.0,1,3,2,5,EL POBLADO,EL POBLADO,3+
El Poblado,Casa,Usado,16 a 30 años,283.0,283.0,6.0,5,3,2,1,EL POBLADO,EL POBLADO,missing
El Poblado,Apartamento,Usado,16 a 30 años,70.0,70.0,5.0,2,3,1,3,EL POBLADO,EL POBLADO,missing
Calasanz,Apartamento,Usado,16 a 30 años,70.0,70.0,4.0,2,3,1,3,CALASANZ,CALASANZ,missing
Robledo,Apartaestudio,Usado,más de 30 años,35.0,35.0,2.0,1,1,0,2,ROBLEDO,ROBLEDO,2
El Poblado,Apartamento,Usado,1 a 8 años,72.0,72.0,6.0,2,2,1,9,EL POBLADO,EL POBLADO,missing
San joaquin,Apartaestudio,Usado,1 a 8 años,25.0,25.0,4.0,1,1,0,1,SAN JOAQUIN,SAN JOAQUIN,1
El Poblado,Apartamento,Usado,1 a 8 años,100.0,100.0,5.0,2,2,1,8,EL POBLADO,EL POBLADO,missing
El Poblado,Apartamento,Usado,1 a 8 años,8600.0,8600.0,5.0,2,3,0,2,EL POBLADO,EL POBLADO,missing
Belén Altavista,Apartamento,Usado,menor a 1 año,35.0,35.0,2.0,1,2,0,4,BELEN ALTAVISTA,BELEN ALTAVISTA,missing
Castropol,Casa,Usado,16 a 30 años,230.0,230.0,5.0,5,4,1,1,CASTROPOL,CASTROPOL,missing
Robledo,Apartamento,Usado,más de 30 años,70.0,70.0,3.0,2,3,0,3,ROBLEDO,ROBLEDO,3+
Los Balsos,Apartamento,Usado,9 a 15 años,187.0,187.0,6.0,5,3,2,1,LOS BALSOS,LOS BALSOS,missing
Laureles,Apartamento,Usado,16 a 30 años,70.0,70.0,5.0,2,2,1,4,LAURELES,LAURELES,3+
Centro,Apartamento,Nuevo,16 a 30 años,75.0,75.0,4.0,2,3,0,4,CENTRO,CENTRO,3+
Vía Las Palmas,Apartamento,Usado,16 a 30 años,74.0,74.0,6.0,2,2,1,6,VIA LAS PALMAS,VIA LAS PALMAS,3+
El Poblado,Apartamento,Usado,9 a 15 años,65.0,65.0,6.0,2,3,0,9,EL POBLADO,EL POBLADO,missing
El Poblado,Apartamento,Usado,9 a 15 años,60.0,60.0,4.0,2,2,1,6,EL POBLADO,EL POBLADO,missing
La castellana,Apartaestudio,Usado,16 a 30 años,40.0,40.0,5.0,2,1,1,2,LA CASTELLANA,LA CASTELLANA,2
Asomadera no2,Apartamento,Usado,16 a 30 años,500.0,500.0,6.0,6,5,2,3,ASOMADERA NO2,ASOMADERA NO2,missing
Estadio,Apartaestudio,Usado,16 a 30 años,45.0,45.0,5.0,1,1,0,2,ESTADIO,ESTADIO,missing
El Poblado,Apartamento,Excelente estado,16 a 30 años,74.0,74.0,4.0,2,3,2,11,EL POBLADO,EL POBLADO,missing
Belén,Apartamento,Usado,1 a 8 años,57.0,57.0,3.0,2,3,1,5,BELEN,BELEN,3+
El tesoro,Apartamento,Usado,1 a 8 años,220.0,220.0,6.0,4,3,2,6,EL TESORO,EL TESORO,3+
Buenos aires,Apartamento,Usado,más de 30 años,90.0,90.0,4.0,3,5,0,2,BUENOS AIRES,BUENOS AIRES,2
Villa hermosa,Apartaestudio,Usado,más de 30 años,30.0,30.0,3.0,1,1,0,1,VILLA HERMOSA,VILLA HERMOSA,1
El Poblado,Apartamento,Buen estado,1 a 8 años,104.0,104.0,6.0,3,2,3,18,EL POBLADO,EL POBLADO,3+
Laureles,Apartamento,Usado,16 a 30 años,80.0,80.0,3.0,2,2,0,3,LAURELES,LAURELES,3+
El Poblado,Apartamento,Usado,menor a 1 año,79.0,79.0,6.0,3,2,1,4,EL POBLADO,EL POBLADO,missing
El Poblado,Apartamento,Usado,9 a 15 años,136.0,136.0,6.0,2,3,2,6,EL POBLADO,EL POBLADO,missing
El Poblado,Casa,Usado,1 a 8 años,140.0,140.0,6.0,3,5,0,1,EL POBLADO,EL POBLADO,missing
Ciudad del Río,Apartamento,Usado,menor a 1 año,121.0,121.0,5.0,3,3,2,11,CIUDAD DEL RIO,CIUDAD DEL RIO,missing
Belén,Apartamento,Usado,menor a 1 año,80.0,80.0,5.0,2,3,0,3,BELEN,BELEN,3+
Las palmas,Apartamento,Usado,1 a 8 años,288.0,288.0,6.0,4,3,3,18,LAS PALMAS,LAS PALMAS,3+
Belén,Apartamento,Usado,menor a 1 año,73.0,73.0,4.0,2,3,1,4,BELEN,BELEN,missing
El Poblado,Apartamento,Usado,16 a 30 años,80.0,80.0,6.0,2,2,2,2,EL POBLADO,EL POBLADO,2
Pajarito,Apartamento,Usado,1 a 8 años,49.0,49.0,3.0,1,3,0,3,PAJARITO,PAJARITO,missing
El Poblado,Apartamento,Usado,16 a 30 años,70.0,70.0,6.0,2,3,1,3,EL POBLADO,EL POBLADO,missing
El Poblado,Apartamento,Buen estado,más de 30 años,163.0,163.0,6.0,1,3,2,4,EL POBLADO,EL POBLADO,3+
Calasanz,Apartaestudio,Usado,1 a 8 años,70.0,70.0,3.0,2,1,0,3,CALASANZ,CALASANZ,3+
Las palmas,Apartamento,Usado,1 a 8 años,70.0,70.0,5.0,2,2,1,10,LAS PALMAS,LAS PALMAS,missing
Ciudad del Río,Apartamento,Usado,1 a 8 años,65.0,65.0,4.0,2,2,1,5,CIUDAD DEL RIO,CIUDAD DEL RIO,missing
Belén Aliadas,Apartaestudio,Usado,16 a 30 años,12.0,12.0,5.0,1,2,0,1,BELEN ALIADAS,BELEN ALIADAS,1
Santa lucia,Casa,Usado,menor a 1 año,80.0,80.0,3.0,2,3,0,1,SANTA LUCIA,SANTA LUCIA,missing
El Poblado,Apartamento,Usado,más de 30 años,60.0,60.0,5.0,2,2,0,6,EL POBLADO,EL POBLADO,missing
El Poblado,Apartamento,Usado,16 a 30 años,115.0,115.0,6.0,3,2,2,5,EL POBLADO,EL POBLADO,missing
Belén Las violetas,Apartamento,Usado,16 a 30 años,70.0,70.0,3.0,1,3,0,1,BELEN LAS VIOLETAS,OTROS,1
Campo amor,Apartamento,Usado,1 a 8 años,66.0,66.0,4.0,2,3,0,4,CAMPO AMOR,CAMPO AMOR,missing
Belén,Apartamento,Buen estado,16 a 30 años,80.0,80.0,5.0,2,3,1,1,BELEN,BELEN,1
Los Balsos,Apartamento,Usado,16 a 30 años,85.0,85.0,5.0,3,3,1,5,LOS BALSOS,LOS BALSOS,missing
Villa hermosa,Apartaestudio,Usado,más de 30 años,2200.0,2200.0,4.0,5,8,1,1,VILLA HERMOSA,VILLA HERMOSA,1
Belén San Bernardo,Apartamento,Usado,menor a 1 año,110.0,110.0,3.0,2,3,0,24,BELEN SAN BERNARDO,BELEN SAN BERNARDO,missing
Loma del Indio,Apartamento,Buen estado,9 a 15 años,56.0,56.0,4.0,2,3,1,6,LOMA DEL INDIO,LOMA DEL INDIO,3+
La america,Apartamento,Usado,más de 30 años,85.0,85.0,3.0,2,2,0,4,LA AMERICA,LA AMERICA,3+
San Lucas,Apartamento,Usado,16 a 30 años,104.0,104.0,6.0,3,2,2,11,SAN LUCAS,SAN LUCAS,3+
Las palmas,Apartamento,Usado,1 a 8 años,2594.0,2594.0,5.0,3,3,2,10,LAS PALMAS,LAS PALMAS,missing
Guayabal,Apartamento,Usado,1 a 8 años,75.0,75.0,4.0,2,3,0,1,GUAYABAL,GUAYABAL,1
El Poblado,Apartamento,Usado,16 a 30 años,60.0,60.0,5.0,1,1,1,6,EL POBLADO,EL POBLADO,missing
Santo domingo savio no1,Casa,Usado,9 a 15 años,40000.0,40000.0,4.0,5,4,3,1,SANTO DOMINGO SAVIO NO1,OTROS,missing
Los colores,Apartamento,Usado,más de 30 años,60.0,60.0,4.0,2,3,1,15,LOS COLORES,LOS COLORES,3+
Belén,Apartamento,Usado,16 a 30 años,65.0,65.0,4.0,1,2,1,4,BELEN,BELEN,missing
Belén,Casa,Usado,16 a 30 años,200.0,200.0,5.0,3,4,0,2,BELEN,BELEN,2
Cristo rey,Apartaestudio,Usado,1 a 8 años,50.0,50.0,3.0,1,1,0,4,CRISTO REY,CRISTO REY,missing
Robledo,Apartamento,Usado,16 a 30 años,65.0,65.0,3.0,2,2,0,3,ROBLEDO,ROBLEDO,3+
El Poblado,Apartamento,Usado,más de 30 años,158.0,158.0,6.0,4,3,1,5,EL POBLADO,EL POBLADO,missing
Cabañas,Apartamento,Usado,16 a 30 años,65.0,65.0,3.0,1,3,0,2,CABANAS,OTROS,missing
Laureles,Apartamento,Usado,16 a 30 años,87.0,87.0,5.0,2,3,1,10,LAURELES,LAURELES,missing
Laureles,Apartamento,Usado,16 a 30 años,105.0,105.0,5.0,3,3,1,5,LAURELES,LAURELES,missing
Florida nueva,Casa,Usado,16 a 30 años,94.2,94.2,5.0,2,4,0,1,FLORIDA NUEVA,FLORIDA NUEVA,missing
La milagrosa,Apartamento,Usado,9 a 15 años,68.0,68.0,3.0,2,3,0,5,LA MILAGROSA,LA MILAGROSA,missing
Belén,Apartamento,Usado,16 a 30 años,65.0,65.0,5.0,2,3,1,18,BELEN,BELEN,3+
Los colores,Apartamento,Usado,9 a 15 años,125.0,125.0,5.0,2,3,1,4,LOS COLORES,LOS COLORES,3+
Laureles,Apartamento,Usado,16 a 30 años,75.0,75.0,5.0,2,2,2,5,LAURELES,LAURELES,3+
Robledo,Apartamento,Usado,1 a 8 años,58.0,58.0,3.0,2,3,1,11,ROBLEDO,ROBLEDO,3+
El Poblado,Apartamento,Usado,1 a 8 años,70.0,70.0,6.0,2,2,1,13,EL POBLADO,EL POBLADO,3+
Belén,Apartamento,Usado,16 a 30 años,70.0,70.0,5.0,2,2,0,10,BELEN,BELEN,missing
Loma de los bernal,Apartamento,Usado,1 a 8 años,120.0,120.0,5.0,2,3,1,2,LOMA DE LOS BERNAL,LOMA DE LOS BERNAL,2
La castellana,Apartamento,Usado,16 a 30 años,80.0,80.0,6.0,2,3,1,9,LA CASTELLANA,LA CASTELLANA,3+
El Poblado,Apartamento,Buen estado,1 a 8 años,127.0,127.0,6.0,2,3,2,10,EL POBLADO,EL POBLADO,3+
Loma de los bernal,Apartamento,Usado,1 a 8 años,74.0,74.0,4.0,2,3,1,10,LOMA DE LOS BERNAL,LOMA DE LOS BERNAL,3+
El tesoro,Casa,Usado,9 a 15 años,430.0,430.0,6.0,4,3,5,1,EL TESORO,EL TESORO,1
Villa hermosa,Apartaestudio,Nuevo,menor a 1 año,31.0,31.0,4.0,1,1,0,2,VILLA HERMOSA,VILLA HERMOSA,2
Calasanz,Apartamento,Usado,9 a 15 años,65.0,65.0,3.0,2,2,0,5,CALASANZ,CALASANZ,missing
Las brujas,Apartamento,Usado,9 a 15 años,164.0,164.0,5.0,3,3,1,8,LAS BRUJAS,OTROS,3+
Belén,Casa,Usado,1 a 8 años,70.0,70.0,3.0,2,3,1,1,BELEN,BELEN,1
El Poblado,Apartamento,Buen estado,9 a 15 años,103.0,103.0,6.0,2,2,2,5,EL POBLADO,EL POBLADO,3+
Belén Las mercedes,Apartamento,Usado,9 a 15 años,55.0,55.0,4.0,1,2,1,3,BELEN LAS MERCEDES,BELEN LAS MERCEDES,missing
Las palmas ,Apartamento,Nuevo,1 a 8 años,30.0,30.0,3.0,1,2,0,2,LAS PALMAS,LAS PALMAS,2
Robledo,Apartamento,Usado,1 a 8 años,76.0,76.0,4.0,2,2,1,1,ROBLEDO,ROBLEDO,1
Calasanz,Apartamento,Usado,9 a 15 años,55.0,55.0,4.0,2,2,1,3,CALASANZ,CALASANZ,3+
Loma de los bernal,Apartamento,Usado,1 a 8 años,105.0,105.0,5.0,3,3,2,5,LOMA DE LOS BERNAL,LOMA DE LOS BERNAL,missing
Villa hermosa,Apartaestudio,Nuevo,menor a 1 año,19.0,19.0,4.0,1,1,0,3,VILLA HERMOSA,VILLA HERMOSA,3+
El Poblado,Apartamento,Buen estado,1 a 8 años,72.0,72.0,6.0,1,1,1,13,EL POBLADO,EL POBLADO,3+
El Poblado,Apartamento,Usado,16 a 30 años,45.0,45.0,6.0,1,1,0,5,EL POBLADO,EL POBLADO,3+
Vía Las Palmas,Apartamento,Excelente estado,1 a 8 años,75.0,75.0,5.0,2,3,1,18,VIA LAS PALMAS,VIA LAS PALMAS,3+
Loma del Indio,Apartamento,Usado,16 a 30 años,60.0,60.0,4.0,2,3,1,4,LOMA DEL INDIO,LOMA DEL INDIO,3+
El Poblado,Apartamento,Usado,9 a 15 años,320.0,320.0,6.0,4,3,3,1,EL POBLADO,EL POBLADO,missing
Laureles,Apartamento,Usado,16 a 30 años,165.0,165.0,5.0,3,4,2,3,LAURELES,LAURELES,3+
El nogal- los almendros,Apartamento,Usado,menor a 1 año,160.0,160.0,5.0,3,3,0,3,EL NOGAL- LOS ALMENDROS,EL NOGAL- LOS ALMENDROS,missing
Belen Alameda,Casa,Usado,16 a 30 años,96.0,96.0,5.0,2,1,0,1,BELEN ALAMEDA,BELEN ALAMEDA,1
Calasanz parte alta,Apartamento,Usado,1 a 8 años,65.0,65.0,4.0,2,3,1,8,CALASANZ PARTE ALTA,CALASANZ PARTE ALTA,3+
Florida nueva,Casa,Usado,1 a 8 años,220.0,220.0,5.0,2,4,1,1,FLORIDA NUEVA,FLORIDA NUEVA,missing
Guayabal,Apartamento,Usado,más de 30 años,85.0,85.0,5.0,2,3,0,10,GUAYABAL,GUAYABAL,3+
Laureles,Casa,Usado,más de 30 años,281.0,281.0,6.0,5,9,0,1,LAURELES,LAURELES,missing
El Poblado,Apartamento,Usado,más de 30 años,96.0,96.0,6.0,3,3,0,2,EL POBLADO,EL POBLADO,2
Loma de los bernal,Apartamento,Usado,9 a 15 años,87.0,87.0,5.0,2,3,2,10,LOMA DE LOS BERNAL,LOMA DE LOS BERNAL,3+
Las palmas,Apartamento,Usado,1 a 8 años,72.0,72.0,6.0,2,2,1,9,LAS PALMAS,LAS PALMAS,missing
Laureles,Casa,Usado,1 a 8 años,130.0,130.0,4.0,3,3,0,1,LAURELES,LAURELES,1
El Poblado,Apartamento,Usado,16 a 30 años,7000.0,7000.0,5.0,2,2,1,12,EL POBLADO,EL POBLADO,missing
La linde,Apartamento,Usado,1 a 8 años,104.0,104.0,6.0,3,2,2,10,LA LINDE,LA LINDE,3+
El salvador,Apartamento,Usado,más de 30 años,120.0,120.0,3.0,1,2,0,1,EL SALVADOR,EL SALVADOR,1
Buenos aires,Apartaestudio,Usado,más de 30 años,28.0,28.0,3.0,1,1,0,1,BUENOS AIRES,BUENOS AIRES,1
Laureles,Apartamento,Usado,16 a 30 años,95.0,95.0,5.0,4,3,1,4,LAURELES,LAURELES,3+
El Poblado,Apartamento,Usado,9 a 15 años,90.0,90.0,6.0,3,2,2,2,EL POBLADO,EL POBLADO,missing
Carlos e restrepo,Apartamento,Usado,9 a 15 años,120.0,120.0,4.0,2,4,1,3,CARLOS E RESTREPO,CARLOS E RESTREPO,3+
El Poblado,Apartamento,Usado,16 a 30 años,124.0,124.0,6.0,2,3,2,5,EL POBLADO,EL POBLADO,missing
El Poblado,Apartamento,Usado,menor a 1 año,110.0,110.0,6.0,3,2,3,8,EL POBLADO,EL POBLADO,3+
El Poblado,Apartamento,Usado,16 a 30 años,170.0,170.0,6.0,4,3,1,15,EL POBLADO,EL POBLADO,3+
San diego,Casa,Usado,1 a 8 años,11000.0,11000.0,6.0,2,2,2,1,SAN DIEGO,SAN DIEGO,missing
Belén,Apartamento,Usado,16 a 30 años,65.0,65.0,4.0,2,3,0,3,BELEN,BELEN,3+
Belen La Palma,Apartamento,Usado,1 a 8 años,80.0,80.0,4.0,2,3,1,6,BELEN LA PALMA,BELEN LA PALMA,missing
Prado,Apartaestudio,Usado,16 a 30 años,40.0,40.0,3.0,1,1,0,1,PRADO,PRADO,1
Buenos aires,Apartaestudio,Usado,más de 30 años,18.0,18.0,3.0,1,1,0,9,BUENOS AIRES,BUENOS AIRES,3+
El Poblado,Apartamento,Usado,16 a 30 años,80.0,80.0,4.0,2,3,2,6,EL POBLADO,EL POBLADO,missing
La castellana,Apartamento,Usado,16 a 30 años,78.0,78.0,5.0,2,3,1,9,LA CASTELLANA,LA CASTELLANA,3+
Laureles,Apartamento,Usado,16 a 30 años,165.0,165.0,5.0,3,3,2,2,LAURELES,LAURELES,missing
Belen Las Playas,Apartaestudio,Usado,9 a 15 años,32.0,32.0,3.0,1,1,0,3,BELEN LAS PLAYAS,BELEN LAS PLAYAS,missing
Belen Las Playas,Casa,Usado,16 a 30 años,85.0,85.0,3.0,2,4,0,1,BELEN LAS PLAYAS,BELEN LAS PLAYAS,missing
El Poblado,Apartamento,Usado,9 a 15 años,240.0,240.0,6.0,4,3,3,8,EL POBLADO,EL POBLADO,missing
Santa Mónica,Apartamento,Usado,1 a 8 años,80.0,80.0,4.0,2,3,0,6,SANTA MONICA,SANTA MONICA,missing
Las granjas,Apartamento,Usado,menor a 1 año,70.0,70.0,5.0,2,2,1,10,LAS GRANJAS,LAS GRANJAS,missing
Castropol,Apartamento,Usado,1 a 8 años,94.0,94.0,6.0,2,2,1,9,CASTROPOL,CASTROPOL,missing
El Poblado,Apartamento,Buen estado,9 a 15 años,71.0,71.0,6.0,2,3,1,16,EL POBLADO,EL POBLADO,3+
Vía Las Palmas,Apartamento,Usado,1 a 8 años,50.0,50.0,4.0,2,3,0,4,VIA LAS PALMAS,VIA LAS PALMAS,missing
El Poblado,Apartamento,Usado,más de 30 años,75.0,75.0,6.0,2,3,0,10,EL POBLADO,EL POBLADO,3+
Patio bonito,Apartamento,Usado,9 a 15 años,135.0,135.0,5.0,2,3,2,8,PATIO BONITO,PATIO BONITO,missing
El Poblado,Apartaestudio,Usado,16 a 30 años,40.0,40.0,6.0,1,1,1,2,EL POBLADO,EL POBLADO,missing
El Poblado,Apartamento,Usado,9 a 15 años,6800.0,6800.0,4.0,2,2,1,9,EL POBLADO,EL POBLADO,missing
El velodromo,Apartaestudio,Usado,16 a 30 años,20.0,20.0,4.0,1,1,0,18,EL VELODROMO,EL VELODROMO,3+
Los pinos,Apartamento,Usado,16 a 30 años,86.0,86.0,4.0,3,3,1,2,LOS PINOS,LOS PINOS,2
El Poblado,Apartamento,Usado,1 a 8 años,87.0,87.0,4.0,2,3,0,18,EL POBLADO,EL POBLADO,3+
El Poblado,Apartamento,Buen estado,9 a 15 años,66.0,66.0,5.0,2,1,1,5,EL POBLADO,EL POBLADO,3+
Cementerio universal,Apartamento,Usado,1 a 8 años,80.0,80.0,3.0,1,3,0,1,CEMENTERIO UNIVERSAL,OTROS,missing
Buenos aires,Apartaestudio,Usado,9 a 15 años,45.0,45.0,3.0,1,1,0,1,BUENOS AIRES,BUENOS AIRES,1
El Poblado,Apartamento,Usado,16 a 30 años,86.0,86.0,6.0,2,2,1,9,EL POBLADO,EL POBLADO,missing
Belén,Apartamento,Usado,16 a 30 años,59.0,59.0,4.0,1,3,1,18,BELEN,BELEN,3+
Laureles,Casa,Usado,9 a 15 años,180.0,180.0,4.0,2,5,0,1,LAURELES,LAURELES,missing
Belen La Palma,Apartamento,Usado,menor a 1 año,56.0,56.0,4.0,2,2,0,5,BELEN LA PALMA,BELEN LA PALMA,3+
El Poblado,Apartamento,Usado,1 a 8 años,135.0,135.0,4.0,2,2,0,11,EL POBLADO,EL POBLADO,missing
Boston,Casa,Usado,9 a 15 años,370.0,370.0,4.0,9,9,1,1,BOSTON,BOSTON,1
Belén Los Alpes,Apartamento,Usado,1 a 8 años,135.0,135.0,3.0,3,5,0,1,BELEN LOS ALPES,BELEN LOS ALPES,missing
El Poblado,Apartamento,Usado,más de 30 años,78.0,78.0,4.0,2,3,0,15,EL POBLADO,EL POBLADO,3+
Pajarito,Apartamento,Usado,menor a 1 año,55.0,55.0,3.0,2,3,0,4,PAJARITO,PAJARITO,missing
Buenos aires,Apartamento,Usado,más de 30 años,53.0,53.0,3.0,2,3,1,13,BUENOS AIRES,BUENOS AIRES,3+
San javier,Apartaestudio,Usado,menor a 1 año,40.0,40.0,3.0,1,1,0,2,SAN JAVIER,SAN JAVIER,missing
El tesoro,Casa,Usado,1 a 8 años,75.0,75.0,3.0,2,2,1,1,EL TESORO,EL TESORO,missing
El Poblado,Apartamento,Usado,9 a 15 años,46.0,46.0,5.0,1,2,1,2,EL POBLADO,EL POBLADO,missing
Buenos aires,Apartamento,Usado,menor a 1 año,48.0,48.0,3.0,1,2,0,5,BUENOS AIRES,BUENOS AIRES,missing
Villa hermosa,Apartaestudio,Usado,menor a 1 año,32.0,32.0,4.0,1,1,0,3,VILLA HERMOSA,VILLA HERMOSA,missing
Campo valdes no1,Casa,Usado,16 a 30 años,53.0,53.0,3.0,2,3,0,2,CAMPO VALDES NO1,CAMPO VALDES NO1,2
Los Colegios,Apartamento,Usado,menor a 1 año,55.0,55.0,4.0,2,2,1,5,LOS COLEGIOS,OTROS,missing
Laureles,Apartamento,Usado,9 a 15 años,57.0,57.0,5.0,2,2,1,10,LAURELES,LAURELES,missing
Asomadera no2,Apartamento,Usado,16 a 30 años,86.0,86.0,5.0,2,3,1,3,ASOMADERA NO2,ASOMADERA NO2,missing
Laureles,Apartaestudio,Usado,16 a 30 años,35.0,35.0,3.0,1,1,0,1,LAURELES,LAURELES,1
Los Balsos,Apartamento,Usado,1 a 8 años,157.0,157.0,6.0,5,3,2,4,LOS BALSOS,LOS BALSOS,missing
Rodeo Alto,Apartamento,Usado,16 a 30 años,54.0,54.0,4.0,2,2,1,3,RODEO ALTO,RODEO ALTO,3+
Laureles,Casa,Usado,16 a 30 años,200.0,200.0,5.0,3,4,1,2,LAURELES,LAURELES,2
Simon bolivar,Apartamento,Usado,más de 30 años,250.0,250.0,6.0,2,3,1,6,SIMON BOLIVAR,SIMON BOLIVAR,missing
Loma del Indio,Apartamento,Usado,1 a 8 años,45.0,45.0,4.0,1,1,1,2,LOMA DEL INDIO,LOMA DEL INDIO,missing
El Poblado,Apartamento,Usado,1 a 8 años,121.0,121.0,6.0,3,2,2,1,EL POBLADO,EL POBLADO,1
Belén,Apartamento,Usado,16 a 30 años,93.0,93.0,4.0,2,2,1,8,BELEN,BELEN,3+
El Poblado,Apartamento,Usado,9 a 15 años,74.0,74.0,6.0,2,3,0,18,EL POBLADO,EL POBLADO,3+
Laureles,Apartamento,Usado,9 a 15 años,108.0,108.0,4.0,3,4,1,3,LAURELES,LAURELES,3+
El Poblado,Apartamento,Usado,16 a 30 años,106.0,106.0,6.0,2,3,2,2,EL POBLADO,EL POBLADO,2
Laureles,Apartamento,Usado,16 a 30 años,128.0,128.0,5.0,3,3,1,4,LAURELES,LAURELES,3+
Astorga,Apartamento,Usado,1 a 8 años,132.0,132.0,6.0,3,2,2,2,ASTORGA,ASTORGA,missing
El velodromo,Apartamento,Usado,1 a 8 años,58.0,58.0,4.0,2,2,0,1,EL VELODROMO,EL VELODROMO,1
Conquistadores,Apartamento,Usado,1 a 8 años,90.0,90.0,5.0,3,3,1,2,CONQUISTADORES,CONQUISTADORES,2
Santa Mónica,Apartaestudio,Usado,9 a 15 años,33.4,33.4,4.0,1,1,0,1,SANTA MONICA,SANTA MONICA,1
Enciso,Apartamento,Usado,16 a 30 años,70.0,70.0,3.0,2,2,0,4,ENCISO,ENCISO,3+
Laureles,Apartaestudio,Usado,16 a 30 años,37.0,37.0,3.0,1,1,0,4,LAURELES,LAURELES,3+
Laureles,Apartamento,Usado,16 a 30 años,35.0,35.0,5.0,2,1,0,2,LAURELES,LAURELES,2
Belén,Apartamento,Usado,menor a 1 año,72.0,72.0,5.0,2,3,1,10,BELEN,BELEN,missing
Robledo,Casa,Buen estado,1 a 8 años,190.0,190.0,3.0,2,3,0,1,ROBLEDO,ROBLEDO,1
Laureles,Casa,Usado,más de 30 años,285.0,285.0,6.0,6,3,0,1,LAURELES,LAURELES,missing
El Poblado,Apartamento,Buen estado,más de 30 años,190.0,190.0,6.0,3,3,1,3,EL POBLADO,EL POBLADO,3+
El Poblado,Apartamento,Usado,16 a 30 años,90.0,90.0,5.0,2,2,2,8,EL POBLADO,EL POBLADO,missing
El velodromo,Apartaestudio,Usado,1 a 8 años,43.0,43.0,5.0,1,1,0,3,EL VELODROMO,EL VELODROMO,3+
Loma del Indio,Apartamento,Nuevo,más de 30 años,73.0,73.0,4.0,2,3,1,2,LOMA DEL INDIO,LOMA DEL INDIO,2
El Poblado,Apartamento,Usado,9 a 15 años,232.0,232.0,6.0,4,3,3,1,EL POBLADO,EL POBLADO,missing
Loma del Indio,Apartamento,Usado,16 a 30 años,57.0,57.0,4.0,2,2,1,10,LOMA DEL INDIO,LOMA DEL INDIO,missing
El danubio,Casa,Usado,menor a 1 año,220.0,220.0,3.0,2,6,0,1,EL DANUBIO,OTROS,missing
Boston,Apartaestudio,Usado,16 a 30 años,30.0,30.0,3.0,1,1,0,2,BOSTON,BOSTON,2
San joaquin,Casa,Usado,1 a 8 años,120.0,120.0,4.0,3,3,1,1,SAN JOAQUIN,SAN JOAQUIN,missing
Belén Miravalle,Casa,Usado,1 a 8 años,220.0,220.0,4.0,4,3,1,2,BELEN MIRAVALLE,BELEN MIRAVALLE,2
Belén Rosales,Apartamento,Excelente estado,1 a 8 años,63.0,63.0,4.0,2,2,1,6,BELEN ROSALES,BELEN ROSALES,missing
Laureles,Apartamento,Usado,16 a 30 años,68.0,68.0,5.0,2,2,0,2,LAURELES,LAURELES,2
Laureles ,Apartamento,Nuevo,menor a 1 año,58.0,58.0,5.0,1,1,0,5,LAURELES,LAURELES,missing
El Poblado,Apartamento,Usado,16 a 30 años,64.0,64.0,5.0,2,2,1,10,EL POBLADO,EL POBLADO,3+
Loma de los bernal,Apartamento,Usado,1 a 8 años,52.0,52.0,5.0,1,2,1,3,LOMA DE LOS BERNAL,LOMA DE LOS BERNAL,missing
Barrio Cristóbal,Apartaestudio,Usado,más de 30 años,32.0,32.0,3.0,1,1,0,3,BARRIO CRISTOBAL,BARRIO CRISTOBAL,3+
Laureles,Apartamento,Usado,16 a 30 años,100.0,100.0,5.0,2,3,1,7,LAURELES,LAURELES,missing
Vía Las Palmas,Apartamento,Usado,9 a 15 años,68.0,68.0,6.0,2,2,1,9,VIA LAS PALMAS,VIA LAS PALMAS,3+
Calasanz,Apartamento,Usado,1 a 8 años,77.0,77.0,4.0,2,3,1,6,CALASANZ,CALASANZ,3+
Belén,Casa,Usado,16 a 30 años,200.0,200.0,5.0,3,4,0,1,BELEN,BELEN,1
Los Balsos,Apartamento,Usado,1 a 8 años,86.0,86.0,6.0,2,3,1,3,LOS BALSOS,LOS BALSOS,missing
Laureles,Apartaestudio,Usado,16 a 30 años,35.0,35.0,5.0,1,1,1,3,LAURELES,LAURELES,missing
Lorena,Apartamento,Usado,1 a 8 años,42.0,42.0,5.0,1,2,0,4,LORENA,LORENA,3+
El Poblado,Apartamento,Buen estado,más de 30 años,138.0,138.0,6.0,2,3,2,5,EL POBLADO,EL POBLADO,3+
Calasanz,Apartamento,Usado,más de 30 años,65.0,65.0,4.0,2,2,0,16,CALASANZ,CALASANZ,3+
La castellana,Apartamento,Usado,16 a 30 años,113.0,113.0,5.0,2,3,1,2,LA CASTELLANA,LA CASTELLANA,2
El Poblado,Apartamento,Usado,1 a 8 años,80.0,80.0,5.0,2,3,1,6,EL POBLADO,EL POBLADO,missing
La floresta,Apartaestudio,Nuevo,1 a 8 años,25.0,25.0,4.0,1,1,0,1,LA FLORESTA,LA FLORESTA,1
Loma del Indio,Apartamento,Usado,más de 30 años,85.0,85.0,4.0,2,3,1,1,LOMA DEL INDIO,LOMA DEL INDIO,1
Belén Rosales,Apartaestudio,Usado,1 a 8 años,38.0,38.0,5.0,1,1,0,2,BELEN ROSALES,BELEN ROSALES,missing
Villa Nueva,Apartamento,Usado,9 a 15 años,55.0,55.0,3.0,1,3,0,6,VILLA NUEVA,OTROS,missing
Belén,Apartamento,Usado,9 a 15 años,103.0,103.0,4.0,3,3,2,12,BELEN,BELEN,missing
Enciso ,Apartaestudio,Usado,16 a 30 años,35.0,35.0,3.0,1,1,0,3,ENCISO,ENCISO,missing
Belén Rosales,Casa,Usado,1 a 8 años,70.0,70.0,4.0,2,3,0,1,BELEN ROSALES,BELEN ROSALES,1
Simon bolivar,Apartaestudio,Usado,1 a 8 años,35.0,35.0,5.0,1,1,0,3,SIMON BOLIVAR,SIMON BOLIVAR,missing
Centro,Apartamento,Usado,16 a 30 años,68.0,68.0,4.0,2,3,0,5,CENTRO,CENTRO,missing
Belen La Palma,Apartaestudio,Usado,1 a 8 años,60.0,60.0,4.0,1,1,0,5,BELEN LA PALMA,BELEN LA PALMA,3+
Altos del poblado,Apartamento,Usado,1 a 8 años,73.0,73.0,5.0,2,2,2,10,ALTOS DEL POBLADO,ALTOS DEL POBLADO,missing
Castropol,Apartamento,Usado,1 a 8 años,85.0,85.0,6.0,2,3,1,2,CASTROPOL,CASTROPOL,2
Laureles,Apartamento,Usado,1 a 8 años,55.0,55.0,5.0,1,2,0,4,LAURELES,LAURELES,3+
Belén,Apartamento,Usado,16 a 30 años,76.0,76.0,4.0,2,2,1,5,BELEN,BELEN,3+
Ciudad del Río,Apartamento,Usado,1 a 8 años,48.0,48.0,5.0,2,1,1,5,CIUDAD DEL RIO,CIUDAD DEL RIO,missing
Las palmas,Apartamento,Usado,1 a 8 años,73.0,73.0,6.0,2,2,1,10,LAS PALMAS,LAS PALMAS,missing
El Poblado,Apartamento,Usado,más de 30 años,95.0,95.0,5.0,3,3,0,4,EL POBLADO,EL POBLADO,3+
Belen Alameda,Casa,Usado,16 a 30 años,328.0,328.0,5.0,5,7,2,1,BELEN ALAMEDA,BELEN ALAMEDA,missing
Colon,Apartamento,Usado,más de 30 años,58.0,58.0,4.0,1,2,1,18,COLON,COLON,3+
Loma del Indio,Apartamento,Usado,9 a 15 años,56.0,56.0,4.0,2,3,1,6,LOMA DEL INDIO,LOMA DEL INDIO,missing
Laureles,Casa,Usado,1 a 8 años,120.0,120.0,5.0,2,4,0,1,LAURELES,LAURELES,missing
El Poblado,Apartamento,Usado,16 a 30 años,180.0,180.0,6.0,5,3,2,18,EL POBLADO,EL POBLADO,3+
Santa Mónica,Apartamento,Usado,más de 30 años,54.0,54.0,3.0,1,2,0,3,SANTA MONICA,SANTA MONICA,3+
Belén,Casa,Usado,16 a 30 años,100.0,100.0,4.0,2,4,1,1,BELEN,BELEN,missing
El Poblado,Apartamento,Usado,1 a 8 años,84.0,84.0,6.0,2,2,1,10,EL POBLADO,EL POBLADO,missing
Calasanz,Apartamento,Usado,1 a 8 años,70.0,70.0,4.0,2,3,1,15,CALASANZ,CALASANZ,3+
Calasanz,Apartamento,Usado,1 a 8 años,58.0,58.0,4.0,2,3,0,9,CALASANZ,CALASANZ,3+
Altos del poblado,Apartamento,Usado,9 a 15 años,68.0,68.0,6.0,2,2,1,13,ALTOS DEL POBLADO,ALTOS DEL POBLADO,3+
El Poblado,Apartamento,Usado,9 a 15 años,7000.0,7000.0,6.0,2,3,2,7,EL POBLADO,EL POBLADO,missing
Ciudad del Río,Apartamento,Usado,1 a 8 años,50.0,50.0,5.0,2,1,1,4,CIUDAD DEL RIO,CIUDAD DEL RIO,3+
Laureles,Apartamento,Buen estado,16 a 30 años,90.0,90.0,5.0,2,2,0,2,LAURELES,LAURELES,2
Boston,Apartaestudio,Usado,16 a 30 años,307.0,307.0,4.0,1,1,0,18,BOSTON,BOSTON,3+
El salvador,Apartamento,Usado,16 a 30 años,150.0,150.0,3.0,2,4,0,3,EL SALVADOR,EL SALVADOR,3+
Laureles,Apartamento,Usado,16 a 30 años,95.0,95.0,5.0,2,3,1,9,LAURELES,LAURELES,missing
Belén Miravalle,Apartamento,Usado,1 a 8 años,80.0,80.0,4.0,1,3,0,3,BELEN MIRAVALLE,BELEN MIRAVALLE,3+
Robledo,Apartamento,Usado,9 a 15 años,50.0,50.0,3.0,1,2,0,4,ROBLEDO,ROBLEDO,missing
El Poblado,Casa,Usado,16 a 30 años,420.0,420.0,3.0,3,3,0,1,EL POBLADO,EL POBLADO,missing
Los colores,Apartamento,Usado,9 a 15 años,90.0,90.0,5.0,2,3,0,4,LOS COLORES,LOS COLORES,missing
Belén,Apartamento,Usado,9 a 15 años,10700.0,10700.0,5.0,1,2,0,2,BELEN,BELEN,2
La america,Casa,Usado,menor a 1 año,100.0,100.0,4.0,2,4,0,1,LA AMERICA,LA AMERICA,missing
San diego,Apartamento,Usado,9 a 15 años,70.0,70.0,6.0,2,3,1,8,SAN DIEGO,SAN DIEGO,3+
El Poblado,Apartamento,Usado,más de 30 años,128.0,128.0,6.0,2,3,2,4,EL POBLADO,EL POBLADO,missing
La candelaria ,Apartaestudio,Usado,1 a 8 años,44.0,44.0,6.0,1,1,1,2,LA CANDELARIA,LA CANDELARIA,missing
La candelaria,Apartamento,Buen estado,1 a 8 años,40.0,40.0,4.0,1,2,0,4,LA CANDELARIA,LA CANDELARIA,3+
Las palmas,Apartamento,Usado,1 a 8 años,73.0,73.0,6.0,2,2,1,10,LAS PALMAS,LAS PALMAS,missing
Laureles,Apartamento,Usado,1 a 8 años,80.0,80.0,5.0,2,3,1,6,LAURELES,LAURELES,missing
Loma de los Gonzalez,Apartamento,Usado,1 a 8 años,76.0,76.0,5.0,2,2,1,15,LOMA DE LOS GONZALEZ,LOMA DE LOS GONZALEZ,3+
El Poblado,Apartamento,Usado,16 a 30 años,78.0,78.0,6.0,2,3,1,5,EL POBLADO,EL POBLADO,missing
Cordoba,Apartamento,Usado,16 a 30 años,65.0,65.0,4.0,2,3,1,9,CORDOBA,CORDOBA,missing
Laureles,Apartamento,Usado,16 a 30 años,64.0,64.0,4.0,2,2,0,2,LAURELES,LAURELES,2
Vía Las Palmas,Apartamento,Usado,9 a 15 años,75.0,75.0,6.0,2,3,1,15,VIA LAS PALMAS,VIA LAS PALMAS,3+
Laureles,Apartamento,Usado,menor a 1 año,25.0,25.0,5.0,1,1,0,2,LAURELES,LAURELES,missing
La america,Apartamento,Usado,1 a 8 años,86.0,86.0,5.0,2,3,1,3,LA AMERICA,LA AMERICA,missing
El Poblado,Apartamento,Usado,9 a 15 años,106.0,106.0,6.0,2,3,2,5,EL POBLADO,EL POBLADO,missing
Santa Mónica,Apartamento,Usado,16 a 30 años,40.0,40.0,4.0,1,1,1,2,SANTA MONICA,SANTA MONICA,2
Belén,Casa,Usado,16 a 30 años,130.0,130.0,5.0,3,3,2,1,BELEN,BELEN,missing
Castropol,Apartamento,Usado,más de 30 años,120.0,120.0,6.0,2,2,1,4,CASTROPOL,CASTROPOL,missing
Belén,Apartamento,Usado,1 a 8 años,120.0,120.0,4.0,2,2,1,4,BELEN,BELEN,missing
Boston,Apartamento,Usado,9 a 15 años,55.0,55.0,4.0,1,2,0,1,BOSTON,BOSTON,1
El Poblado,Apartamento,Usado,1 a 8 años,109.0,109.0,6.0,2,3,2,5,EL POBLADO,EL POBLADO,missing
Perpetuo socorro,Apartamento,Usado,16 a 30 años,57.0,57.0,4.0,1,3,1,7,PERPETUO SOCORRO,PERPETUO SOCORRO,missing
Los colores,Apartamento,Usado,1 a 8 años,81.0,81.0,5.0,2,3,1,7,LOS COLORES,LOS COLORES,missing
Altos del poblado,Apartamento,Usado,menor a 1 año,70.0,70.0,6.0,3,2,1,5,ALTOS DEL POBLADO,ALTOS DEL POBLADO,missing
El Poblado,Apartamento,Usado,más de 30 años,70.0,70.0,6.0,2,3,0,8,EL POBLADO,EL POBLADO,3+
Belen La Palma,Apartaestudio,Usado,menor a 1 año,43.0,43.0,4.0,1,1,0,3,BELEN LA PALMA,BELEN LA PALMA,missing
Calasanz,Apartamento,Usado,1 a 8 años,50.0,50.0,3.0,2,3,0,2,CALASANZ,CALASANZ,2
Belén,Apartamento,Buen estado,16 a 30 años,78.0,78.0,3.0,2,3,0,3,BELEN,BELEN,3+
Castropol,Apartamento,Usado,1 a 8 años,74.0,74.0,4.0,2,3,2,13,CASTROPOL,CASTROPOL,3+
El Poblado,Apartamento,Usado,1 a 8 años,106.0,106.0,6.0,3,2,2,7,EL POBLADO,EL POBLADO,missing
El Poblado,Apartamento,Buen estado,16 a 30 años,79.0,79.0,5.0,2,2,1,1,EL POBLADO,EL POBLADO,1
Belen La Palma,Apartamento,Usado,16 a 30 años,72.0,72.0,4.0,2,2,1,9,BELEN LA PALMA,BELEN LA PALMA,missing
Buenos aires,Apartamento,Usado,9 a 15 años,53.0,53.0,3.0,1,2,0,2,BUENOS AIRES,BUENOS AIRES,2
Robledo,Apartamento,Usado,1 a 8 años,5000.0,5000.0,3.0,1,3,0,10,ROBLEDO,ROBLEDO,missing
Buenos aires,Casa,Usado,16 a 30 años,180.0,180.0,4.0,3,5,0,2,BUENOS AIRES,BUENOS AIRES,2
San german,Apartamento,Usado,9 a 15 años,77.0,77.0,4.0,2,3,1,12,SAN GERMAN,SAN GERMAN,3+
El Poblado,Apartamento,Usado,más de 30 años,80.0,80.0,6.0,2,3,1,6,EL POBLADO,EL POBLADO,missing
El velodromo,Casa,Usado,1 a 8 años,205.0,205.0,5.0,3,3,1,1,EL VELODROMO,EL VELODROMO,missing
Buenos aires,Apartaestudio,Usado,más de 30 años,18.0,18.0,3.0,1,1,0,1,BUENOS AIRES,BUENOS AIRES,1
Belen La Palma,Apartamento,Usado,16 a 30 años,56.0,56.0,4.0,3,2,1,4,BELEN LA PALMA,BELEN LA PALMA,3+
Boston ,Apartamento,Usado,16 a 30 años,72.0,72.0,4.0,2,3,1,9,BOSTON,BOSTON,3+
El Poblado,Apartamento,Usado,16 a 30 años,96.0,96.0,6.0,2,3,2,6,EL POBLADO,EL POBLADO,3+
Belén,Apartamento,Usado,16 a 30 años,109.0,109.0,4.0,2,3,1,5,BELEN,BELEN,missing
Belen La Palma,Apartaestudio,Usado,1 a 8 años,30.0,30.0,4.0,1,1,0,1,BELEN LA PALMA,BELEN LA PALMA,1
El Poblado,Apartamento,Usado,16 a 30 años,104.8,104.8,6.0,3,2,1,10,EL POBLADO,EL POBLADO,missing
San german,Apartamento,Usado,1 a 8 años,75.0,75.0,4.0,2,3,1,11,SAN GERMAN,SAN GERMAN,3+
Loma del Indio,Apartamento,Usado,1 a 8 años,74.0,74.0,6.0,2,2,1,9,LOMA DEL INDIO,LOMA DEL INDIO,missing
El velodromo,Casa,Usado,1 a 8 años,220.0,220.0,5.0,3,4,1,1,EL VELODROMO,EL VELODROMO,1
Calasanz,Apartamento,Usado,1 a 8 años,61.0,61.0,4.0,2,2,1,9,CALASANZ,CALASANZ,missing
El Poblado,Apartamento,Usado,9 a 15 años,57.0,57.0,5.0,2,2,1,10,EL POBLADO,EL POBLADO,missing
Conquistadores,Casa,Usado,1 a 8 años,200.0,200.0,5.0,3,5,1,1,CONQUISTADORES,CONQUISTADORES,1
El Poblado,Apartamento,Usado,9 a 15 años,65.0,65.0,4.0,2,2,1,5,EL POBLADO,EL POBLADO,missing
Vía Las Palmas,Apartamento,Usado,9 a 15 años,68.0,68.0,5.0,2,2,1,12,VIA LAS PALMAS,VIA LAS PALMAS,missing
Los Balsos,Casa,Usado,16 a 30 años,450.0,450.0,6.0,4,4,3,1,LOS BALSOS,LOS BALSOS,missing
Calasanz,Apartamento,Usado,1 a 8 años,72.0,72.0,4.0,2,2,1,9,CALASANZ,CALASANZ,missing
El tesoro,Apartamento,Usado,1 a 8 años,70.0,70.0,5.0,1,1,1,2,EL TESORO,EL TESORO,missing
El Poblado,Apartamento,Usado,16 a 30 años,96.0,96.0,6.0,4,4,1,3,EL POBLADO,EL POBLADO,3+
Loma de los Gonzalez,Apartamento,Usado,16 a 30 años,90.0,90.0,6.0,2,3,1,10,LOMA DE LOS GONZALEZ,LOMA DE LOS GONZALEZ,3+
Belén,Apartamento,Usado,16 a 30 años,63.0,63.0,5.0,2,2,1,6,BELEN,BELEN,missing
Conquistadores,Apartaestudio,Usado,menor a 1 año,40.0,40.0,5.0,1,1,0,3,CONQUISTADORES,CONQUISTADORES,3+
Lorena,Apartamento,Usado,9 a 15 años,125.0,125.0,5.0,2,3,1,7,LORENA,LORENA,missing
Florencia,Apartamento,Usado,1 a 8 años,50.0,50.0,3.0,1,2,0,4,FLORENCIA,OTROS,missing
Calasanz,Apartamento,Usado,1 a 8 años,70.0,70.0,5.0,2,2,1,10,CALASANZ,CALASANZ,missing
San diego,Apartamento,Usado,1 a 8 años,73.0,73.0,5.0,2,2,1,10,SAN DIEGO,SAN DIEGO,missing
El Poblado,Apartamento,Usado,16 a 30 años,240.0,240.0,6.0,4,3,2,9,EL POBLADO,EL POBLADO,3+
San jose de manzanillo,Casa,Nuevo,menor a 1 año,90.0,90.0,5.0,3,3,0,1,SAN JOSE DE MANZANILLO,OTROS,missing
Laureles,Apartamento,Usado,9 a 15 años,73.0,73.0,5.0,2,2,0,10,LAURELES,LAURELES,missing
Centro,Casa,Usado,9 a 15 años,115.0,115.0,3.0,2,4,0,1,CENTRO,CENTRO,missing
La candelaria,Apartamento,Usado,16 a 30 años,12800.0,12800.0,6.0,3,4,1,4,LA CANDELARIA,LA CANDELARIA,3+
El Poblado,Apartamento,Usado,16 a 30 años,42.0,42.0,4.0,1,2,2,2,EL POBLADO,EL POBLADO,missing
El Poblado,Apartamento,Usado,16 a 30 años,60.0,60.0,4.0,2,2,1,6,EL POBLADO,EL POBLADO,missing
Laureles ,Apartamento,Usado,1 a 8 años,64.0,64.0,5.0,2,2,0,2,LAURELES,LAURELES,2
Los Parra,Apartamento,Usado,16 a 30 años,160.0,160.0,6.0,3,3,2,3,LOS PARRA,LOS PARRA,missing
Centro,Apartamento,Usado,más de 30 años,140.0,140.0,4.0,3,4,0,1,CENTRO,CENTRO,missing
Laureles,Casa,Usado,16 a 30 años,300.0,300.0,5.0,3,5,1,1,LAURELES,LAURELES,1
Manrique,Apartaestudio,Usado,16 a 30 años,20.0,20.0,3.0,1,1,0,1,MANRIQUE,MANRIQUE,1
Laureles,Apartaestudio,Usado,16 a 30 años,32.0,32.0,3.0,1,1,1,2,LAURELES,LAURELES,2
Belén,Casa,Usado,más de 30 años,230.0,230.0,5.0,3,3,2,1,BELEN,BELEN,missing
Robledo,Apartamento,Usado,más de 30 años,55.0,55.0,3.0,2,3,0,3,ROBLEDO,ROBLEDO,3+
Belén,Apartamento,Usado,16 a 30 años,125.0,125.0,4.0,4,4,2,1,BELEN,BELEN,missing
Belén Las mercedes,Apartamento,Usado,16 a 30 años,65.0,65.0,3.0,1,3,0,1,BELEN LAS MERCEDES,BELEN LAS MERCEDES,1
El Poblado,Apartamento,Buen estado,1 a 8 años,120.0,120.0,5.0,3,2,2,4,EL POBLADO,EL POBLADO,3+
Laureles,Casa,Usado,16 a 30 años,303.0,303.0,5.0,8,8,1,1,LAURELES,LAURELES,1
Florida nueva,Apartaestudio,Usado,16 a 30 años,28.0,28.0,4.0,1,1,0,2,FLORIDA NUEVA,FLORIDA NUEVA,2
Los colores,Apartaestudio,Usado,9 a 15 años,50.0,50.0,5.0,1,2,0,1,LOS COLORES,LOS COLORES,1
Campo valdes no1,Casa,Usado,16 a 30 años,70.0,70.0,3.0,2,3,0,1,CAMPO VALDES NO1,CAMPO VALDES NO1,missing
Buenos aires,Apartamento,Usado,9 a 15 años,55.0,55.0,3.0,1,2,0,1,BUENOS AIRES,BUENOS AIRES,1
Belén,Apartaestudio,Usado,1 a 8 años,35.0,35.0,4.0,1,1,0,6,BELEN,BELEN,3+
El Poblado,Apartamento,Usado,9 a 15 años,85.0,85.0,5.0,2,2,1,4,EL POBLADO,EL POBLADO,3+
Patio bonito,Apartamento,Usado,1 a 8 años,74.0,74.0,5.0,2,2,1,9,PATIO BONITO,PATIO BONITO,missing
El Poblado,Apartamento,Usado,16 a 30 años,6400.0,6400.0,6.0,2,2,1,18,EL POBLADO,EL POBLADO,3+
Florida nueva,Apartaestudio,Usado,16 a 30 años,25.0,25.0,4.0,3,3,0,2,FLORIDA NUEVA,FLORIDA NUEVA,2
Vía Las Palmas,Apartamento,Buen estado,16 a 30 años,96.0,96.0,5.0,3,3,1,4,VIA LAS PALMAS,VIA LAS PALMAS,3+
La Almeria,Casa,Usado,menor a 1 año,210.0,210.0,5.0,4,6,1,1,LA ALMERIA,LA ALMERIA,missing
Guayabal,Apartamento,Usado,1 a 8 años,65.0,65.0,3.0,2,3,1,9,GUAYABAL,GUAYABAL,missing
Belén,Apartamento,Usado,1 a 8 años,62.0,62.0,4.0,2,2,1,5,BELEN,BELEN,missing
La candelaria,Apartaestudio,Buen estado,1 a 8 años,37.0,37.0,4.0,1,1,0,2,LA CANDELARIA,LA CANDELARIA,missing
Las palmas,Casa,Usado,1 a 8 años,330.0,330.0,5.0,4,5,5,2,LAS PALMAS,LAS PALMAS,2
San diego,Apartaestudio,Usado,1 a 8 años,1069.0,1069.0,5.0,2,1,1,5,SAN DIEGO,SAN DIEGO,missing
Calasanz,Apartamento,Usado,1 a 8 años,83.0,83.0,4.0,2,2,0,5,CALASANZ,CALASANZ,missing
La Florida,Apartamento,Usado,1 a 8 años,73.0,73.0,4.0,2,2,1,10,LA FLORIDA,OTROS,missing
El Poblado,Apartamento,Usado,16 a 30 años,98.0,98.0,5.0,3,3,2,3,EL POBLADO,EL POBLADO,3+
El Poblado,Apartamento,Usado,16 a 30 años,105.0,105.0,6.0,2,2,0,2,EL POBLADO,EL POBLADO,2
Loma del Indio,Apartamento,Usado,9 a 15 años,70.0,70.0,4.0,2,3,1,3,LOMA DEL INDIO,LOMA DEL INDIO,missing
Simon bolivar,Casa,Usado,más de 30 años,300.0,300.0,5.0,4,4,1,2,SIMON BOLIVAR,SIMON BOLIVAR,2
Belén Los Alpes,Apartamento,Usado,1 a 8 años,70.0,70.0,4.0,2,2,0,10,BELEN LOS ALPES,BELEN LOS ALPES,missing
Prado,Apartamento,Usado,16 a 30 años,80.0,80.0,5.0,2,5,0,5,PRADO,PRADO,3+
El Poblado,Apartamento,Usado,16 a 30 años,87.0,87.0,6.0,3,3,2,18,EL POBLADO,EL POBLADO,3+
Robledo,Casa,Usado,menor a 1 año,90.0,90.0,3.0,3,4,0,1,ROBLEDO,ROBLEDO,missing
El Campestre,Casa,Usado,9 a 15 años,646.0,646.0,6.0,7,6,3,3,EL CAMPESTRE,EL CAMPESTRE,3+
Laureles,Apartamento,Usado,16 a 30 años,100.0,100.0,5.0,3,4,1,5,LAURELES,LAURELES,3+
Enciso,Apartamento,Usado,más de 30 años,50.0,50.0,3.0,1,3,0,4,ENCISO,ENCISO,3+
Bombona no1,Apartamento,Usado,más de 30 años,75.0,75.0,3.0,3,3,0,11,BOMBONA NO1,BOMBONA NO1,3+
Buenos aires,Apartamento,Usado,1 a 8 años,90.0,90.0,3.0,2,4,0,1,BUENOS AIRES,BUENOS AIRES,missing
Conquistadores,Apartamento,Usado,16 a 30 años,100.0,100.0,5.0,3,3,1,3,CONQUISTADORES,CONQUISTADORES,missing
Loma del Indio,Apartamento,Usado,9 a 15 años,90.0,90.0,4.0,3,3,2,1,LOMA DEL INDIO,LOMA DEL INDIO,missing
El Poblado,Apartamento,Buen estado,16 a 30 años,96.0,96.0,6.0,3,2,1,18,EL POBLADO,EL POBLADO,3+
Laureles,Apartamento,Usado,más de 30 años,96.0,96.0,5.0,2,4,2,3,LAURELES,LAURELES,missing
Prado,Casa,Usado,16 a 30 años,200.0,200.0,4.0,4,7,0,1,PRADO,PRADO,missing
El Poblado,Apartamento,Buen estado,16 a 30 años,144.0,144.0,6.0,2,3,2,6,EL POBLADO,EL POBLADO,3+
Loma de los bernal,Apartamento,Usado,1 a 8 años,133.0,133.0,5.0,3,4,1,1,LOMA DE LOS BERNAL,LOMA DE LOS BERNAL,missing
La castellana,Casa,Usado,16 a 30 años,140.0,140.0,5.0,2,4,0,2,LA CASTELLANA,LA CASTELLANA,2
Belén Las mercedes,Apartaestudio,Usado,16 a 30 años,20.0,20.0,3.0,1,1,0,3,BELEN LAS MERCEDES,BELEN LAS MERCEDES,3+
Prado,Apartamento,Usado,16 a 30 años,40.0,40.0,4.0,1,2,0,1,PRADO,PRADO,1
Centro,Apartamento,Usado,16 a 30 años,57.0,57.0,4.0,2,3,0,15,CENTRO,CENTRO,3+
Buenos aires,Apartamento,Usado,1 a 8 años,60.0,60.0,3.0,1,3,0,5,BUENOS AIRES,BUENOS AIRES,missing
Las palmas,Casa,Usado,más de 30 años,257.0,210.0,6.0,5,5,3,1,LAS PALMAS,LAS PALMAS,missing
Santa fe,Apartamento,Usado,1 a 8 años,72.0,72.0,3.0,2,2,1,9,SANTA FE,SANTA FE,missing
Las palmas,Apartamento,Usado,1 a 8 años,70.0,70.0,6.0,2,2,1,18,LAS PALMAS,LAS PALMAS,3+
El Poblado,Apartamento,Buen estado,9 a 15 años,74.0,74.0,5.0,1,2,2,11,EL POBLADO,EL POBLADO,3+
El Poblado,Apartamento,Buen estado,16 a 30 años,80.0,80.0,6.0,2,3,1,5,EL POBLADO,EL POBLADO,3+
Guayabal,Apartamento,Usado,1 a 8 años,85.0,85.0,4.0,2,3,1,10,GUAYABAL,GUAYABAL,3+
Belén Los Alpes,Apartaestudio,Excelente estado,1 a 8 años,15.0,15.0,1.0,1,1,0,2,BELEN LOS ALPES,BELEN LOS ALPES,missing
Laureles,Casa,Usado,16 a 30 años,230.0,230.0,4.0,1,4,0,1,LAURELES,LAURELES,1
Belén,Apartamento,Usado,menor a 1 año,95.0,95.0,4.0,3,3,1,4,BELEN,BELEN,missing
Calasanz,Apartamento,Usado,1 a 8 años,55.0,55.0,4.0,2,2,1,5,CALASANZ,CALASANZ,missing
El Poblado,Apartamento,Buen estado,16 a 30 años,240.0,240.0,5.0,4,3,2,1,EL POBLADO,EL POBLADO,1
Loma de los Gonzalez,Casa,Usado,menor a 1 año,360.0,360.0,5.0,5,5,4,1,LOMA DE LOS GONZALEZ,LOMA DE LOS GONZALEZ,missing
El Poblado,Apartamento,Usado,más de 30 años,230.0,230.0,6.0,3,3,2,1,EL POBLADO,EL POBLADO,missing
Laureles,Apartamento,Usado,16 a 30 años,63.0,63.0,5.0,2,2,0,2,LAURELES,LAURELES,2
Belen La Palma,Apartamento,Usado,16 a 30 años,116.0,116.0,5.0,3,3,1,9,BELEN LA PALMA,BELEN LA PALMA,3+
Pajarito,Apartaestudio,Usado,16 a 30 años,38.0,38.0,3.0,1,1,0,4,PAJARITO,PAJARITO,3+
Campo amor,Apartamento,Usado,16 a 30 años,58.0,58.0,4.0,1,3,0,3,CAMPO AMOR,CAMPO AMOR,3+
Prado,Apartamento,Usado,16 a 30 años,60.0,60.0,4.0,1,2,0,2,PRADO,PRADO,2
El nogal- los almendros,Apartamento,Usado,9 a 15 años,105.0,105.0,5.0,2,3,1,7,EL NOGAL- LOS ALMENDROS,EL NOGAL- LOS ALMENDROS,missing
Centro,Casa,Usado,9 a 15 años,115.0,115.0,3.0,2,4,0,1,CENTRO,CENTRO,missing
Laureles,Apartamento,Usado,16 a 30 años,138.0,138.0,5.0,2,3,1,6,LAURELES,LAURELES,missing
San diego,Apartamento,Usado,1 a 8 años,55.0,55.0,3.0,1,2,0,2,SAN DIEGO,SAN DIEGO,2
 La candelaria ,Apartamento,Usado,16 a 30 años,60.0,60.0,4.0,2,2,1,4,LA CANDELARIA,LA CANDELARIA,3+
El Poblado,Apartamento,Usado,1 a 8 años,80.0,80.0,6.0,2,3,1,6,EL POBLADO,EL POBLADO,missing
San german,Casa,Usado,1 a 8 años,75.0,75.0,3.0,1,2,0,1,SAN GERMAN,SAN GERMAN,1
Calasanz,Apartamento,Usado,1 a 8 años,74.0,74.0,4.0,2,2,1,9,CALASANZ,CALASANZ,missing
Centro,Apartamento,Nuevo,16 a 30 años,100.0,100.0,4.0,2,4,0,2,CENTRO,CENTRO,missing
Oviedo,Apartamento,Usado,16 a 30 años,65.0,65.0,6.0,2,2,1,6,OVIEDO,OTROS,3+
Laureles,Apartamento,Buen estado,9 a 15 años,95.0,95.0,5.0,2,3,1,3,LAURELES,LAURELES,3+
Campo valdes no1,Casa,Usado,16 a 30 años,70.0,70.0,3.0,2,3,0,1,CAMPO VALDES NO1,CAMPO VALDES NO1,missing
Santa rosa de lima ,Apartamento,Nuevo,menor a 1 año,65.0,65.0,4.0,2,2,1,5,SANTA ROSA DE LIMA,SANTA ROSA DE LIMA,missing
Suramericana,Casa,Usado,menor a 1 año,20.0,20.0,4.0,1,1,0,1,SURAMERICANA,SURAMERICANA,missing
La america,Apartamento,Usado,más de 30 años,60.0,60.0,4.0,1,2,0,2,LA AMERICA,LA AMERICA,2
Rodeo Alto,Apartamento,Excelente estado,1 a 8 años,80.0,80.0,4.0,2,2,1,2,RODEO ALTO,RODEO ALTO,missing
Carlos e restrepo,Apartamento,Usado,menor a 1 año,110.0,110.0,4.0,3,4,0,2,CARLOS E RESTREPO,CARLOS E RESTREPO,2
Calasanz,Apartaestudio,Usado,menor a 1 año,26.0,26.0,4.0,1,1,0,4,CALASANZ,CALASANZ,3+
El Poblado,Apartamento,Buen estado,16 a 30 años,85.0,85.0,5.0,2,3,1,3,EL POBLADO,EL POBLADO,3+
La mota,Apartamento,Usado,16 a 30 años,90.0,90.0,5.0,2,3,0,4,LA MOTA,LA MOTA,3+
Belén,Apartamento,Nuevo,menor a 1 año,85.0,85.0,5.0,2,3,1,7,BELEN,BELEN,missing
Buenos aires,Casa,Usado,más de 30 años,10000.0,10000.0,3.0,1,3,0,1,BUENOS AIRES,BUENOS AIRES,missing
El Poblado,Apartamento,Usado,16 a 30 años,130.0,130.0,6.0,2,3,1,5,EL POBLADO,EL POBLADO,missing
La castellana,Apartamento,Usado,16 a 30 años,42.0,42.0,5.0,1,2,0,2,LA CASTELLANA,LA CASTELLANA,missing
La candelaria,Apartamento,Usado,1 a 8 años,38.0,38.0,4.0,1,1,0,2,LA CANDELARIA,LA CANDELARIA,missing
Laureles,Apartamento,Buen estado,1 a 8 años,65.0,65.0,3.0,2,3,1,3,LAURELES,LAURELES,3+
El Poblado,Apartamento,Usado,1 a 8 años,75.0,75.0,6.0,2,2,1,2,EL POBLADO,EL POBLADO,missing
Castropol,Apartamento,Usado,1 a 8 años,92.0,92.0,5.0,3,3,2,2,CASTROPOL,CASTROPOL,missing
San diego,Apartamento,Usado,1 a 8 años,78.0,78.0,5.0,2,3,1,8,SAN DIEGO,SAN DIEGO,3+
Patio bonito,Casa,Usado,1 a 8 años,450.0,450.0,6.0,6,4,0,1,PATIO BONITO,PATIO BONITO,missing
El Poblado,Apartamento,Usado,16 a 30 años,221.0,293.0,6.0,4,3,2,1,EL POBLADO,EL POBLADO,1
Boston,Apartamento,Usado,1 a 8 años,98.0,98.0,3.0,2,3,0,3,BOSTON,BOSTON,3+
Loma de los Gonzalez,Apartamento,Usado,1 a 8 años,386.0,386.0,6.0,5,3,3,13,LOMA DE LOS GONZALEZ,LOMA DE LOS GONZALEZ,3+
San javier,Apartamento,Usado,1 a 8 años,55.0,55.0,3.0,2,3,0,16,SAN JAVIER,SAN JAVIER,3+
Loma De San Julian,Apartamento,Usado,1 a 8 años,95.0,95.0,6.0,2,3,2,9,LOMA DE SAN JULIAN,LOMA DE SAN JULIAN,missing
Castropol,Casa,Usado,1 a 8 años,310.0,310.0,6.0,4,4,2,2,CASTROPOL,CASTROPOL,2
Castropol,Apartamento,Usado,1 a 8 años,73.0,73.0,6.0,2,2,2,10,CASTROPOL,CASTROPOL,missing
Altos del poblado,Apartamento,Usado,9 a 15 años,155.0,155.0,6.0,3,4,2,1,ALTOS DEL POBLADO,ALTOS DEL POBLADO,missing
Buenos aires,Apartamento,Usado,9 a 15 años,45.0,45.0,3.0,2,2,0,1,BUENOS AIRES,BUENOS AIRES,1
Loma de los Gonzalez,Apartaestudio,Usado,9 a 15 años,64.0,64.0,6.0,2,1,2,18,LOMA DE LOS GONZALEZ,LOMA DE LOS GONZALEZ,3+
El Poblado,Apartamento,Usado,1 a 8 años,70.0,70.0,5.0,2,2,1,2,EL POBLADO,EL POBLADO,2
Belén Miravalle,Casa,Usado,16 a 30 años,220.0,220.0,4.0,4,4,1,2,BELEN MIRAVALLE,BELEN MIRAVALLE,2
Castilla,Apartamento,Usado,más de 30 años,60.0,60.0,3.0,1,2,0,3,CASTILLA,CASTILLA,3+
Loma del Indio,Apartamento,Usado,1 a 8 años,65.0,65.0,3.0,2,3,1,4,LOMA DEL INDIO,LOMA DEL INDIO,3+
Buenos aires,Apartamento,Usado,más de 30 años,120.0,120.0,3.0,2,4,0,2,BUENOS AIRES,BUENOS AIRES,2
Granizal,Apartamento,Excelente estado,9 a 15 años,45100.0,45100.0,6.0,6,4,3,18,GRANIZAL,GRANIZAL,3+
Laureles,Apartamento,Usado,16 a 30 años,95.0,95.0,5.0,2,2,1,4,LAURELES,LAURELES,3+
Loma del Indio,Apartamento,Usado,1 a 8 años,75.0,75.0,6.0,2,3,1,7,LOMA DEL INDIO,LOMA DEL INDIO,missing
Conquistadores,Apartaestudio,Usado,1 a 8 años,55.0,55.0,5.0,2,1,1,9,CONQUISTADORES,CONQUISTADORES,missing
Campo amor,Casa,Usado,más de 30 años,480.0,480.0,6.0,5,4,4,1,CAMPO AMOR,CAMPO AMOR,missing
Belén,Apartamento,Usado,16 a 30 años,89.0,89.0,3.0,2,3,0,2,BELEN,BELEN,missing
Calasanz,Apartamento,Usado,1 a 8 años,60.0,60.0,4.0,2,3,1,10,CALASANZ,CALASANZ,missing
Belén,Apartamento,Usado,menor a 1 año,55.0,55.0,4.0,2,2,0,5,BELEN,BELEN,missing
La castellana,Apartamento,Usado,16 a 30 años,100.0,100.0,4.0,3,3,1,3,LA CASTELLANA,LA CASTELLANA,missing
Barrio Cristóbal,Apartamento,Usado,más de 30 años,130.0,130.0,3.0,2,3,0,4,BARRIO CRISTOBAL,BARRIO CRISTOBAL,3+
Manrique,Apartamento,Usado,16 a 30 años,70.0,70.0,2.0,1,3,0,2,MANRIQUE,MANRIQUE,2
Belén,Casa,Usado,9 a 15 años,156.0,156.0,5.0,3,5,0,3,BELEN,BELEN,3+
El tesoro,Apartamento,Usado,16 a 30 años,75.0,75.0,6.0,2,2,1,2,EL TESORO,EL TESORO,missing
El Poblado,Apartamento,Usado,menor a 1 año,121.0,121.0,5.0,4,3,2,25,EL POBLADO,EL POBLADO,3+
El Poblado,Apartamento,Usado,9 a 15 años,95.0,95.0,6.0,2,3,1,9,EL POBLADO,EL POBLADO,missing
El Poblado,Apartamento,Usado,16 a 30 años,82.0,82.0,6.0,2,2,2,11,EL POBLADO,EL POBLADO,missing
Prado,Casa,Buen estado,más de 30 años,350.0,350.0,4.0,6,5,1,1,PRADO,PRADO,missing
Calasanz,Apartamento,Usado,9 a 15 años,55.0,55.0,4.0,2,3,1,4,CALASANZ,CALASANZ,missing
Picacho,Apartamento,Usado,16 a 30 años,50.0,50.0,2.0,1,2,0,1,PICACHO,OTROS,1
El Poblado,Apartamento,Usado,1 a 8 años,294.0,294.0,6.0,5,4,2,1,EL POBLADO,EL POBLADO,missing
Las palmas,Apartamento,Usado,menor a 1 año,90.0,90.0,5.0,2,3,1,28,LAS PALMAS,LAS PALMAS,3+
Santa teresita,Apartamento,Usado,1 a 8 años,120.0,120.0,5.0,3,3,0,2,SANTA TERESITA,OTROS,missing
Guayabal,Apartamento,Usado,1 a 8 años,7200.0,7200.0,4.0,2,2,1,11,GUAYABAL,GUAYABAL,3+
Laureles,Apartamento,Usado,16 a 30 años,77.0,77.0,5.0,2,2,1,14,LAURELES,LAURELES,missing
La candelaria ,Apartamento,Usado,1 a 8 años,123.0,123.0,5.0,2,3,2,18,LA CANDELARIA,LA CANDELARIA,3+
Conquistadores,Apartamento,Usado,16 a 30 años,84.0,84.0,5.0,2,2,1,8,CONQUISTADORES,CONQUISTADORES,3+
La america,Apartamento,Usado,más de 30 años,107.0,107.0,4.0,2,3,0,4,LA AMERICA,LA AMERICA,3+
Laureles,Apartaestudio,Buen estado,1 a 8 años,55.0,55.0,5.0,1,1,1,1,LAURELES,LAURELES,1
El Poblado,Apartamento,Usado,16 a 30 años,189.0,189.0,6.0,2,3,2,6,EL POBLADO,EL POBLADO,3+
El Poblado,Apartamento,Usado,16 a 30 años,125.0,125.0,6.0,3,3,2,2,EL POBLADO,EL POBLADO,missing
Florida nueva,Apartaestudio,Usado,16 a 30 años,25.0,25.0,4.0,1,1,0,1,FLORIDA NUEVA,FLORIDA NUEVA,1
La pilarica,Apartamento,Usado,1 a 8 años,80.0,80.0,3.0,2,3,1,6,LA PILARICA,LA PILARICA,missing
Barrio Nuevo,Apartamento,Usado,16 a 30 años,100.0,100.0,3.0,2,3,0,2,BARRIO NUEVO,OTROS,2
El Poblado,Apartamento,Usado,1 a 8 años,9600.0,9600.0,6.0,2,2,2,10,EL POBLADO,EL POBLADO,missing
Provenza,Apartamento,Usado,16 a 30 años,78.0,78.0,6.0,2,2,1,9,PROVENZA,PROVENZA,missing
Calasanz,Apartamento,Usado,9 a 15 años,54.0,54.0,4.0,2,2,1,3,CALASANZ,CALASANZ,3+
Las palmas,Apartamento,Usado,1 a 8 años,110.0,100.0,5.0,2,3,2,8,LAS PALMAS,LAS PALMAS,3+
La floresta,Apartaestudio,Usado,16 a 30 años,30.0,30.0,4.0,1,1,0,3,LA FLORESTA,LA FLORESTA,3+
El Poblado,Casa,Usado,más de 30 años,350.0,350.0,6.0,5,12,4,1,EL POBLADO,EL POBLADO,missing
Calasanz,Apartamento,Usado,1 a 8 años,62.0,62.0,4.0,2,3,1,15,CALASANZ,CALASANZ,3+
El Poblado,Apartamento,Usado,1 a 8 años,140.0,140.0,6.0,3,3,2,5,EL POBLADO,EL POBLADO,missing
Belen La Palma,Apartamento,Usado,1 a 8 años,95.0,95.0,5.0,2,3,0,9,BELEN LA PALMA,BELEN LA PALMA,missing
Bombona no1,Apartamento,Usado,más de 30 años,35.0,35.0,4.0,2,2,0,18,BOMBONA NO1,BOMBONA NO1,3+
Viviendas del Sur,Apartamento,Usado,1 a 8 años,62.0,62.0,3.0,2,3,0,9,VIVIENDAS DEL SUR,VIVIENDAS DEL SUR,3+
Alfonso lopez,Casa,Usado,16 a 30 años,7000.0,7000.0,3.0,2,3,0,1,ALFONSO LOPEZ,ALFONSO LOPEZ,missing
Boston,Casa,Usado,16 a 30 años,177.0,177.0,6.0,3,4,0,2,BOSTON,BOSTON,2
Conquistadores,Apartamento,Usado,1 a 8 años,58.0,58.0,4.0,2,2,1,7,CONQUISTADORES,CONQUISTADORES,missing
Los Balsos,Apartamento,Usado,1 a 8 años,134.0,134.0,6.0,3,3,2,3,LOS BALSOS,LOS BALSOS,missing
Centro,Apartamento,Usado,16 a 30 años,60.0,60.0,3.0,2,2,0,2,CENTRO,CENTRO,2
Los Balsos,Apartamento,Usado,16 a 30 años,100.0,100.0,6.0,3,2,2,18,LOS BALSOS,LOS BALSOS,3+
Guayabal,Apartamento,Usado,más de 30 años,68.0,68.0,5.0,2,3,0,5,GUAYABAL,GUAYABAL,missing
Laureles,Apartamento,Usado,16 a 30 años,116.0,116.0,5.0,3,3,2,3,LAURELES,LAURELES,3+
El Poblado,Apartamento,Usado,9 a 15 años,6800.0,6800.0,4.0,1,2,1,6,EL POBLADO,EL POBLADO,missing
Laureles,Apartamento,Usado,1 a 8 años,110.0,110.0,5.0,4,3,1,8,LAURELES,LAURELES,3+
La Calera,Casa,Usado,16 a 30 años,360.0,360.0,6.0,4,5,2,1,LA CALERA,LA CALERA,missing
Patio bonito,Apartamento,Usado,9 a 15 años,53.0,53.0,6.0,2,1,1,10,PATIO BONITO,PATIO BONITO,3+
El Poblado,Apartamento,Buen estado,1 a 8 años,64.0,64.0,5.0,2,2,1,11,EL POBLADO,EL POBLADO,3+
Los colores,Apartamento,Usado,1 a 8 años,74.0,74.0,5.0,2,2,1,9,LOS COLORES,LOS COLORES,missing
Calasanz,Apartamento,Usado,1 a 8 años,40.0,40.0,3.0,1,2,0,1,CALASANZ,CALASANZ,1
Castropol,Apartamento,Usado,9 a 15 años,108.0,108.0,6.0,3,3,2,8,CASTROPOL,CASTROPOL,3+
El Poblado,Apartamento,Usado,16 a 30 años,169.0,169.0,6.0,3,3,2,2,EL POBLADO,EL POBLADO,2
Laureles,Apartamento,Usado,9 a 15 años,110.0,110.0,5.0,2,2,2,14,LAURELES,LAURELES,missing
Prado,Casa,Usado,más de 30 años,85.0,85.0,4.0,2,2,0,4,PRADO,PRADO,3+
Laureles,Apartamento,Usado,16 a 30 años,140.0,140.0,5.0,3,3,2,5,LAURELES,LAURELES,3+
Laureles,Apartamento,Usado,16 a 30 años,75.0,75.0,5.0,2,2,2,6,LAURELES,LAURELES,3+
La candelaria,Apartaestudio,Usado,16 a 30 años,33.0,33.0,4.0,1,1,0,4,LA CANDELARIA,LA CANDELARIA,3+
El Poblado,Apartamento,Buen estado,16 a 30 años,60.0,60.0,6.0,2,2,1,18,EL POBLADO,EL POBLADO,3+
Enciso,Apartaestudio,Nuevo,16 a 30 años,28.0,28.0,3.0,1,1,0,2,ENCISO,ENCISO,2
Belén,Casa,Usado,9 a 15 años,160.0,160.0,3.0,2,4,0,1,BELEN,BELEN,missing
San diego,Apartamento,Usado,1 a 8 años,102.4,102.4,6.0,2,3,1,5,SAN DIEGO,SAN DIEGO,missing
Simon bolivar,Apartaestudio,Usado,1 a 8 años,33.0,33.0,5.0,1,1,0,4,SIMON BOLIVAR,SIMON BOLIVAR,missing
La america,Casa,Usado,más de 30 años,196.0,196.0,4.0,3,5,1,1,LA AMERICA,LA AMERICA,missing
La america,Apartamento,Usado,9 a 15 años,80.0,80.0,3.0,1,3,0,1,LA AMERICA,LA AMERICA,1
El Poblado,Apartamento,Usado,9 a 15 años,73.0,73.0,4.0,2,3,1,4,EL POBLADO,EL POBLADO,missing
Los colores,Apartamento,Usado,1 a 8 años,78.0,78.0,5.0,2,3,1,5,LOS COLORES,LOS COLORES,missing
Laureles,Apartamento,Usado,16 a 30 años,122.0,122.0,5.0,3,3,2,4,LAURELES,LAURELES,missing
El Poblado,Apartamento,Buen estado,16 a 30 años,79.0,79.0,6.0,2,2,1,4,EL POBLADO,EL POBLADO,missing
El Poblado,Apartamento,Usado,16 a 30 años,140.0,140.0,6.0,2,3,1,7,EL POBLADO,EL POBLADO,missing
Castropol,Apartamento,Usado,1 a 8 años,130.0,130.0,6.0,2,3,1,9,CASTROPOL,CASTROPOL,3+
 La candelaria ,Apartamento,Usado,16 a 30 años,72.0,72.0,4.0,2,3,1,10,LA CANDELARIA,LA CANDELARIA,missing
Loma del Indio,Apartamento,Excelente estado,1 a 8 años,11500.0,11500.0,6.0,2,3,1,18,LOMA DEL INDIO,LOMA DEL INDIO,3+
El Poblado,Apartamento,Usado,9 a 15 años,95.0,95.0,6.0,3,2,1,18,EL POBLADO,EL POBLADO,3+
Cola del Zorro,Apartaestudio,Usado,1 a 8 años,51.0,51.0,5.0,2,1,1,2,COLA DEL ZORRO,COLA DEL ZORRO,missing
Colasania,Apartamento,Usado,9 a 15 años,40.0,40.0,3.0,1,2,0,3,COLASANIA,COLASANIA,3+
Belén,Apartamento,Usado,16 a 30 años,70.0,70.0,4.0,2,3,1,3,BELEN,BELEN,missing
La castellana,Apartamento,Usado,9 a 15 años,78.0,78.0,4.0,2,3,1,5,LA CASTELLANA,LA CASTELLANA,missing
Laureles,Apartamento,Usado,1 a 8 años,131.0,131.0,5.0,3,3,1,4,LAURELES,LAURELES,missing
Laureles,Casa,Usado,16 a 30 años,350.0,350.0,5.0,3,4,1,1,LAURELES,LAURELES,missing
Laureles,Apartamento,Usado,menor a 1 año,110.0,110.0,5.0,3,3,1,13,LAURELES,LAURELES,missing
Florida nueva,Apartamento,Usado,1 a 8 años,60.0,60.0,4.0,2,2,0,1,FLORIDA NUEVA,FLORIDA NUEVA,1
El Poblado,Apartamento,Usado,1 a 8 años,45.0,45.0,4.0,2,2,0,8,EL POBLADO,EL POBLADO,missing
Laureles ,Apartaestudio,Excelente estado,16 a 30 años,68.0,68.0,1.0,2,1,1,9,LAURELES,LAURELES,missing
La castellana,Apartamento,Usado,1 a 8 años,87.0,87.0,5.0,2,3,0,2,LA CASTELLANA,LA CASTELLANA,2
El Poblado,Apartamento,Usado,1 a 8 años,75.0,75.0,6.0,2,3,0,18,EL POBLADO,EL POBLADO,3+
Las palmas,Apartamento,Usado,16 a 30 años,8000.0,8000.0,3.0,2,2,0,1,LAS PALMAS,LAS PALMAS,1
Santa maria de los angeles,Apartamento,Usado,16 a 30 años,72.0,72.0,6.0,2,2,1,9,SANTA MARIA DE LOS ANGELES,SANTA MARIA DE LOS ANGELES,missing
El Poblado,Apartaestudio,Usado,16 a 30 años,52.0,52.0,6.0,2,1,1,20,EL POBLADO,EL POBLADO,3+
Cristo rey,Casa,Buen estado,9 a 15 años,115.0,115.0,5.0,4,5,2,1,CRISTO REY,CRISTO REY,1
Laureles,Apartamento,Usado,16 a 30 años,70.0,70.0,5.0,3,3,1,5,LAURELES,LAURELES,3+
El Poblado,Apartamento,Usado,1 a 8 años,68.0,68.0,5.0,2,3,1,5,EL POBLADO,EL POBLADO,missing
Cristo rey,Apartamento,Buen estado,1 a 8 años,82.0,82.0,5.0,2,2,1,14,CRISTO REY,CRISTO REY,3+
Belen Las Playas,Casa,Usado,9 a 15 años,130.0,130.0,4.0,2,3,0,1,BELEN LAS PLAYAS,BELEN LAS PLAYAS,missing
Belén,Apartamento,Usado,16 a 30 años,80.0,80.0,4.0,2,3,0,3,BELEN,BELEN,3+
San diego,Apartamento,Usado,1 a 8 años,45.0,45.0,4.0,2,2,0,8,SAN DIEGO,SAN DIEGO,missing
Laureles,Apartamento,Usado,16 a 30 años,100.0,100.0,5.0,2,3,2,7,LAURELES,LAURELES,missing
Laureles,Apartamento,Usado,16 a 30 años,122.0,122.0,5.0,3,3,2,4,LAURELES,LAURELES,missing
Los Balsos,Apartamento,Usado,16 a 30 años,159.0,159.0,5.0,4,4,4,18,LOS BALSOS,LOS BALSOS,3+
El Poblado,Apartamento,Usado,1 a 8 años,104.0,104.0,6.0,3,2,0,12,EL POBLADO,EL POBLADO,3+
Prado,Apartamento,Usado,1 a 8 años,48.0,48.0,3.0,1,1,0,6,PRADO,PRADO,missing
Boston,Apartaestudio,Usado,más de 30 años,39.0,39.0,4.0,2,1,0,1,BOSTON,BOSTON,1
Belén,Apartamento,Usado,16 a 30 años,95.0,95.0,5.0,2,3,1,9,BELEN,BELEN,missing
Laureles,Apartamento,Usado,menor a 1 año,90.0,90.0,5.0,2,3,1,4,LAURELES,LAURELES,missing
Castropol,Apartamento,Usado,1 a 8 años,80.0,80.0,5.0,2,2,2,2,CASTROPOL,CASTROPOL,missing
La america,Apartamento,Usado,9 a 15 años,132.0,132.0,4.0,3,4,1,1,LA AMERICA,LA AMERICA,missing
Calasanz,Apartamento,Usado,9 a 15 años,85.0,85.0,4.0,2,3,1,7,CALASANZ,CALASANZ,missing
El Poblado,Apartamento,Usado,16 a 30 años,178.0,178.0,6.0,5,3,2,3,EL POBLADO,EL POBLADO,missing
Las palmas,Apartamento,Usado,1 a 8 años,73.0,73.0,6.0,2,2,1,10,LAS PALMAS,LAS PALMAS,missing
Villa hermosa,Apartaestudio,Nuevo,menor a 1 año,17.0,17.0,4.0,1,1,0,3,VILLA HERMOSA,VILLA HERMOSA,3+
Belén,Apartamento,Usado,16 a 30 años,82.0,82.0,5.0,2,3,1,6,BELEN,BELEN,missing
La candelaria ,Apartamento,Usado,16 a 30 años,98.0,98.0,5.0,3,2,2,12,LA CANDELARIA,LA CANDELARIA,3+
Rodeo Alto,Apartamento,Usado,1 a 8 años,63.0,63.0,4.0,2,3,1,4,RODEO ALTO,RODEO ALTO,3+
El Poblado,Apartamento,Usado,9 a 15 años,134.0,134.0,6.0,4,3,2,3,EL POBLADO,EL POBLADO,missing
Las palmas,Apartamento,Usado,9 a 15 años,68.0,68.0,5.0,2,2,1,18,LAS PALMAS,LAS PALMAS,3+
La frontera,Apartamento,Usado,16 a 30 años,86.0,86.0,6.0,2,2,1,9,LA FRONTERA,LA FRONTERA,missing
Boston,Apartamento,Usado,16 a 30 años,44.0,44.0,4.0,1,2,0,3,BOSTON,BOSTON,3+
Castropol,Apartamento,Usado,9 a 15 años,10000.0,10000.0,6.0,2,2,2,10,CASTROPOL,CASTROPOL,missing
El Poblado,Apartamento,Usado,1 a 8 años,115.0,115.0,6.0,3,2,2,5,EL POBLADO,EL POBLADO,missing
Laureles,Apartamento,Buen estado,16 a 30 años,80.0,80.0,5.0,2,3,1,3,LAURELES,LAURELES,3+
La floresta,Apartaestudio,Usado,más de 30 años,45.0,45.0,4.0,1,1,0,1,LA FLORESTA,LA FLORESTA,1
Laureles Nogal,Apartamento,Usado,1 a 8 años,60.0,60.0,5.0,2,1,0,13,LAURELES NOGAL,LAURELES NOGAL,missing
El Poblado,Apartamento,Usado,16 a 30 años,135.0,135.0,6.0,3,3,2,5,EL POBLADO,EL POBLADO,missing
El Poblado,Apartamento,Usado,9 a 15 años,130.0,130.0,4.0,3,4,1,2,EL POBLADO,EL POBLADO,missing
Laureles,Apartamento,Usado,16 a 30 años,100.0,100.0,5.0,2,2,0,2,LAURELES,LAURELES,2
Loma del Indio,Apartamento,Usado,16 a 30 años,65.0,65.0,4.0,2,2,1,1,LOMA DEL INDIO,LOMA DEL INDIO,1
Santa maria de los angeles,Apartamento,Usado,9 a 15 años,114.0,114.0,6.0,4,3,2,2,SANTA MARIA DE LOS ANGELES,SANTA MARIA DE LOS ANGELES,missing
El Poblado,Casa,Usado,16 a 30 años,2416.0,2416.0,6.0,6,4,6,1,EL POBLADO,EL POBLADO,missing
El Poblado,Apartamento,Usado,9 a 15 años,14900.0,14900.0,5.0,3,4,2,1,EL POBLADO,EL POBLADO,missing
Calle larga,Apartamento,Usado,9 a 15 años,65.0,65.0,4.0,2,2,1,24,CALLE LARGA,OTROS,3+
El Poblado,Casa,Usado,16 a 30 años,330.0,330.0,6.0,5,3,2,1,EL POBLADO,EL POBLADO,missing
Laureles,Apartamento,Usado,16 a 30 años,35.0,35.0,5.0,1,1,0,1,LAURELES,LAURELES,1
Calasanz,Apartamento,Usado,menor a 1 año,65.0,65.0,4.0,2,3,0,9,CALASANZ,CALASANZ,missing
La america,Apartamento,Usado,1 a 8 años,98.0,98.0,5.0,3,3,1,2,LA AMERICA,LA AMERICA,2
Laureles,Apartamento,Buen estado,16 a 30 años,68.0,68.0,4.0,2,3,1,5,LAURELES,LAURELES,missing
Castropol,Apartamento,Usado,1 a 8 años,73.0,73.0,6.0,2,2,2,10,CASTROPOL,CASTROPOL,missing
Laureles,Apartamento,Buen estado,1 a 8 años,88.0,88.0,5.0,2,2,1,13,LAURELES,LAURELES,missing
Santa lucia,Apartaestudio,Usado,9 a 15 años,42.0,42.0,2.0,1,1,0,2,SANTA LUCIA,SANTA LUCIA,2
Alejandria,Apartamento,Usado,16 a 30 años,90.0,90.0,6.0,2,2,2,4,ALEJANDRIA,ALEJANDRIA,3+
Belén,Apartamento,Usado,16 a 30 años,120.0,120.0,3.0,2,3,0,3,BELEN,BELEN,3+
Los Balsos,Apartamento,Usado,1 a 8 años,136.0,136.0,6.0,3,2,2,10,LOS BALSOS,LOS BALSOS,3+
Prado,Apartaestudio,Usado,16 a 30 años,35.0,35.0,3.0,1,1,0,2,PRADO,PRADO,2
Laureles,Apartamento,Usado,16 a 30 años,114.0,114.0,5.0,2,2,0,9,LAURELES,LAURELES,missing
El tesoro,Apartaestudio,Usado,menor a 1 año,57.0,57.0,5.0,2,1,1,4,EL TESORO,EL TESORO,missing
Laureles,Apartamento,Usado,9 a 15 años,103.0,103.0,5.0,2,3,1,6,LAURELES,LAURELES,missing
Robledo,Apartamento,Usado,más de 30 años,57.0,57.0,3.0,1,3,0,10,ROBLEDO,ROBLEDO,3+
El Poblado,Apartamento,Usado,1 a 8 años,203.0,203.0,6.0,3,2,3,2,EL POBLADO,EL POBLADO,missing
La candelaria ,Apartamento,Usado,16 a 30 años,120.0,120.0,5.0,4,3,1,11,LA CANDELARIA,LA CANDELARIA,3+
El Poblado,Apartamento,Usado,9 a 15 años,127.0,127.0,6.0,3,2,2,8,EL POBLADO,EL POBLADO,missing
El Poblado,Apartaestudio,Usado,9 a 15 años,51.0,51.0,5.0,2,1,1,2,EL POBLADO,EL POBLADO,2
Boston,Apartamento,Usado,16 a 30 años,70.0,70.0,4.0,2,3,0,3,BOSTON,BOSTON,missing
El Poblado,Apartamento,Usado,9 a 15 años,78.0,78.0,6.0,2,3,2,5,EL POBLADO,EL POBLADO,missing
Calasanz,Apartamento,Usado,más de 30 años,70.0,70.0,4.0,2,3,0,3,CALASANZ,CALASANZ,3+
Cristo rey,Apartaestudio,Buen estado,menor a 1 año,50.0,50.0,4.0,2,1,0,2,CRISTO REY,CRISTO REY,2
Santa fe,Apartaestudio,Usado,más de 30 años,18.0,18.0,3.0,1,1,0,1,SANTA FE,SANTA FE,1
Belén,Apartamento,Usado,16 a 30 años,61.0,61.0,4.0,2,3,1,4,BELEN,BELEN,3+
Llano Grande,Casa,Usado,9 a 15 años,360.0,360.0,5.0,4,4,4,1,LLANO GRANDE,OTROS,1
Calasanz,Apartamento,Usado,1 a 8 años,77.0,77.0,3.0,2,3,1,5,CALASANZ,CALASANZ,missing
Suramericana,Casa,Usado,menor a 1 año,25220.0,25220.0,5.0,3,4,0,1,SURAMERICANA,SURAMERICANA,1
Comuna 3,Apartaestudio,Usado,16 a 30 años,35.0,35.0,4.0,1,1,0,1,COMUNA 3,OTROS,1
Ciudad del Río,Apartamento,Usado,9 a 15 años,90.0,90.0,5.0,2,3,2,4,CIUDAD DEL RIO,CIUDAD DEL RIO,missing
Altos del poblado,Apartamento,Usado,1 a 8 años,85.0,85.0,5.0,2,2,1,6,ALTOS DEL POBLADO,ALTOS DEL POBLADO,missing
Las palmas,Apartamento,Usado,1 a 8 años,2594.0,2594.0,6.0,3,3,2,10,LAS PALMAS,LAS PALMAS,missing
La candelaria,Apartaestudio,Usado,1 a 8 años,330.0,330.0,4.0,1,1,0,1,LA CANDELARIA,LA CANDELARIA,missing
Buenos aires,Apartaestudio,Usado,1 a 8 años,32.0,32.0,3.0,1,1,0,3,BUENOS AIRES,BUENOS AIRES,missing
Loreto,Apartamento,Usado,16 a 30 años,40.0,40.0,2.0,1,2,0,3,LORETO,LORETO,missing
Los colores,Apartamento,Usado,16 a 30 años,110.0,110.0,4.0,2,2,0,6,LOS COLORES,LOS COLORES,3+
Buenos aires,Apartaestudio,Usado,más de 30 años,18.0,18.0,3.0,1,1,0,4,BUENOS AIRES,BUENOS AIRES,missing
Belen La Palma,Apartamento,Usado,1 a 8 años,70.0,70.0,4.0,2,2,0,5,BELEN LA PALMA,BELEN LA PALMA,3+
Las palmas,Casa,Usado,1 a 8 años,370.0,370.0,6.0,3,3,2,1,LAS PALMAS,LAS PALMAS,missing
Laureles,Apartamento,Usado,más de 30 años,110.0,110.0,5.0,3,3,1,5,LAURELES,LAURELES,3+
La candelaria,Casa,Usado,más de 30 años,177.0,177.0,6.0,3,4,0,1,LA CANDELARIA,LA CANDELARIA,missing
Rodeo Alto,Apartamento,Usado,1 a 8 años,59.0,59.0,3.0,1,3,1,30,RODEO ALTO,RODEO ALTO,3+
Belén,Apartamento,Usado,16 a 30 años,110.0,110.0,4.0,2,3,1,9,BELEN,BELEN,3+
Buenos aires,Apartaestudio,Usado,más de 30 años,20.0,20.0,3.0,1,1,0,1,BUENOS AIRES,BUENOS AIRES,1
Laureles,Casa,Usado,16 a 30 años,170.0,170.0,5.0,2,5,0,3,LAURELES,LAURELES,3+
Florida nueva,Casa,Usado,16 a 30 años,9000.0,9000.0,4.0,2,5,0,1,FLORIDA NUEVA,FLORIDA NUEVA,missing
La América,Casa,Excelente estado,más de 30 años,380.0,380.0,4.0,4,6,0,1,LA AMERICA,LA AMERICA,missing
El Poblado,Apartamento,Usado,16 a 30 años,160.0,160.0,5.0,3,3,2,11,EL POBLADO,EL POBLADO,3+
Conquistadores,Apartaestudio,Usado,1 a 8 años,30.0,30.0,5.0,1,1,0,2,CONQUISTADORES,CONQUISTADORES,2
El Poblado,Apartamento,Usado,9 a 15 años,230.0,230.0,6.0,5,3,3,1,EL POBLADO,EL POBLADO,missing
El velodromo,Casa,Usado,más de 30 años,300.0,300.0,4.0,3,7,1,2,EL VELODROMO,EL VELODROMO,2
El Poblado,Apartamento,Usado,16 a 30 años,75.0,75.0,6.0,2,2,1,2,EL POBLADO,EL POBLADO,missing
La aguacatala,Casa,Usado,16 a 30 años,400.0,400.0,6.0,5,11,8,1,LA AGUACATALA,LA AGUACATALA,missing
Buenos aires,Apartamento,Usado,9 a 15 años,40.0,40.0,3.0,1,2,0,8,BUENOS AIRES,BUENOS AIRES,3+
San german,Apartamento,Usado,1 a 8 años,69.0,69.0,4.0,2,3,1,9,SAN GERMAN,SAN GERMAN,missing
El Poblado,Apartamento,Usado,16 a 30 años,64.0,64.0,4.0,2,3,0,2,EL POBLADO,EL POBLADO,2
Vía Las Palmas,Apartamento,Usado,9 a 15 años,75.0,75.0,6.0,2,2,1,8,VIA LAS PALMAS,VIA LAS PALMAS,3+
Belén,Apartamento,Usado,menor a 1 año,60.0,60.0,4.0,2,3,1,10,BELEN,BELEN,missing
Prado,Apartamento,Usado,9 a 15 años,65.0,65.0,3.0,1,3,0,4,PRADO,PRADO,3+
La floresta,Apartamento,Usado,16 a 30 años,220.0,220.0,5.0,3,4,1,5,LA FLORESTA,LA FLORESTA,3+
San german,Apartamento,Usado,1 a 8 años,75.0,75.0,4.0,2,3,1,7,SAN GERMAN,SAN GERMAN,missing
Santa Mónica,Apartamento,Usado,9 a 15 años,100.0,100.0,4.0,2,3,0,1,SANTA MONICA,SANTA MONICA,1
Calasanz,Apartaestudio,Usado,1 a 8 años,55.0,55.0,5.0,1,1,0,1,CALASANZ,CALASANZ,1
Ciudad del Río,Apartaestudio,Usado,1 a 8 años,60.0,60.0,6.0,2,2,0,9,CIUDAD DEL RIO,CIUDAD DEL RIO,missing
Belén,Apartamento,Usado,9 a 15 años,90.0,90.0,5.0,2,3,2,4,BELEN,BELEN,missing
Estadio,Apartamento,Usado,1 a 8 años,70.0,70.0,5.0,2,2,0,3,ESTADIO,ESTADIO,3+
El Poblado,Apartamento,Usado,1 a 8 años,67.8,67.8,6.0,2,3,0,1,EL POBLADO,EL POBLADO,1
Laureles,Apartamento,Buen estado,16 a 30 años,85.0,85.0,5.0,2,3,1,6,LAURELES,LAURELES,3+
El Poblado,Apartamento,Usado,9 a 15 años,180.0,180.0,6.0,4,3,1,8,EL POBLADO,EL POBLADO,3+
Belén,Apartamento,Usado,9 a 15 años,85.0,85.0,4.0,2,3,1,7,BELEN,BELEN,missing
Robledo,Apartamento,Buen estado,16 a 30 años,90.0,90.0,4.0,2,3,1,3,ROBLEDO,ROBLEDO,3+
Laureles,Apartamento,Usado,1 a 8 años,85.0,85.0,5.0,2,3,1,7,LAURELES,LAURELES,missing
La castellana,Apartamento,Usado,1 a 8 años,115.0,115.0,5.0,3,3,1,4,LA CASTELLANA,LA CASTELLANA,missing
Loma del Indio,Casa,Usado,16 a 30 años,267.0,267.0,6.0,5,4,2,1,LOMA DEL INDIO,LOMA DEL INDIO,missing
Buenos aires,Casa,Usado,16 a 30 años,110.0,110.0,3.0,2,3,0,2,BUENOS AIRES,BUENOS AIRES,2
Prado,Apartaestudio,Usado,1 a 8 años,35.0,35.0,3.0,1,1,1,3,PRADO,PRADO,missing
La milagrosa,Casa,Usado,16 a 30 años,65.0,65.0,3.0,2,3,0,1,LA MILAGROSA,LA MILAGROSA,1
Boston,Apartamento,Usado,16 a 30 años,45.0,45.0,4.0,1,2,0,13,BOSTON,BOSTON,3+
Los colores,Apartamento,Usado,más de 30 años,60.0,60.0,4.0,2,3,0,5,LOS COLORES,LOS COLORES,3+
Belén,Casa,Usado,16 a 30 años,180.0,180.0,4.0,2,5,1,1,BELEN,BELEN,1
Los colores,Apartaestudio,Usado,más de 30 años,528.0,528.0,5.0,4,4,1,1,LOS COLORES,LOS COLORES,1
Belén,Apartamento,Usado,16 a 30 años,70.0,70.0,4.0,2,3,1,3,BELEN,BELEN,missing
Belén,Apartamento,Usado,1 a 8 años,108.0,108.0,5.0,4,3,2,7,BELEN,BELEN,missing
Conquistadores,Apartamento,Usado,1 a 8 años,130.0,130.0,4.0,2,3,1,5,CONQUISTADORES,CONQUISTADORES,missing
Loma de los bernal,Apartamento,Usado,16 a 30 años,85.0,85.0,5.0,2,3,1,7,LOMA DE LOS BERNAL,LOMA DE LOS BERNAL,missing
Calasanz,Apartamento,Nuevo,1 a 8 años,62.0,62.0,4.0,2,2,1,18,CALASANZ,CALASANZ,3+
Belen Alameda,Casa,Usado,9 a 15 años,330.0,330.0,5.0,5,6,1,1,BELEN ALAMEDA,BELEN ALAMEDA,missing
Boston,Apartaestudio,Usado,16 a 30 años,36.0,36.0,4.0,2,1,0,2,BOSTON,BOSTON,2
La magnolia,Apartaestudio,Usado,16 a 30 años,48.0,48.0,4.0,1,1,0,1,LA MAGNOLIA,OTROS,1
Robledo,Apartamento,Usado,más de 30 años,52.0,52.0,3.0,1,3,0,12,ROBLEDO,ROBLEDO,3+
Santa Mónica,Casa,Usado,más de 30 años,90.0,90.0,3.0,2,3,1,1,SANTA MONICA,SANTA MONICA,missing
Altos del poblado,Apartamento,Usado,9 a 15 años,85.0,85.0,6.0,2,3,2,7,ALTOS DEL POBLADO,ALTOS DEL POBLADO,missing
Cumbres,Apartamento,Usado,16 a 30 años,73.0,73.0,5.0,2,2,1,10,CUMBRES,OTROS,missing
Belén,Apartaestudio,Usado,16 a 30 años,32.0,32.0,3.0,1,1,0,4,BELEN,BELEN,3+
El Poblado,Apartamento,Usado,16 a 30 años,95.0,95.0,6.0,2,3,1,9,EL POBLADO,EL POBLADO,missing
Vía Las Palmas,Apartamento,Usado,9 a 15 años,90.0,90.0,6.0,2,3,1,14,VIA LAS PALMAS,VIA LAS PALMAS,3+
Calasanz,Apartamento,Usado,más de 30 años,58.0,58.0,4.0,2,3,0,18,CALASANZ,CALASANZ,3+
Conquistadores,Apartaestudio,Usado,1 a 8 años,60.0,60.0,5.0,2,2,0,2,CONQUISTADORES,CONQUISTADORES,2
Los Balsos,Casa,Usado,1 a 8 años,350.0,350.0,6.0,4,4,2,1,LOS BALSOS,LOS BALSOS,1
Las palmas,Apartamento,Usado,1 a 8 años,50.0,50.0,6.0,2,1,1,3,LAS PALMAS,LAS PALMAS,missing
Santa fe,Apartamento,Usado,16 a 30 años,70.0,70.0,4.0,3,2,2,10,SANTA FE,SANTA FE,3+
Los colores,Apartamento,Usado,1 a 8 años,106.0,106.0,4.0,2,3,2,21,LOS COLORES,LOS COLORES,3+
El Poblado,Apartamento,Usado,9 a 15 años,85.0,85.0,6.0,2,3,1,7,EL POBLADO,EL POBLADO,missing
Buenos aires,Apartaestudio,Usado,1 a 8 años,38.0,38.0,4.0,1,1,0,2,BUENOS AIRES,BUENOS AIRES,missing
Calasanz,Apartamento,Usado,1 a 8 años,58.0,58.0,3.0,2,3,2,19,CALASANZ,CALASANZ,3+
Calasanz,Apartamento,Usado,más de 30 años,49.0,49.0,4.0,2,2,0,8,CALASANZ,CALASANZ,3+
El Poblado,Apartamento,Usado,16 a 30 años,86.0,86.0,4.0,2,4,1,2,EL POBLADO,EL POBLADO,missing
Belén,Apartamento,Usado,16 a 30 años,76.0,76.0,4.0,2,2,1,11,BELEN,BELEN,3+
La pilarica,Apartamento,Usado,1 a 8 años,85.0,85.0,5.0,2,3,1,7,LA PILARICA,LA PILARICA,missing
El Poblado,Apartamento,Buen estado,16 a 30 años,132.0,132.0,6.0,2,2,2,4,EL POBLADO,EL POBLADO,3+
Belén,Casa,Usado,1 a 8 años,80.0,80.0,4.0,2,3,0,1,BELEN,BELEN,1
Calasanz,Apartamento,Nuevo,1 a 8 años,55.0,55.0,4.0,2,2,1,8,CALASANZ,CALASANZ,3+
Los colores,Apartamento,Usado,1 a 8 años,70.0,70.0,4.0,2,2,1,1,LOS COLORES,LOS COLORES,1
El Poblado,Apartamento,Usado,9 a 15 años,5600.0,5600.0,4.0,2,3,2,4,EL POBLADO,EL POBLADO,missing
El Poblado,Apartamento,Usado,más de 30 años,83.0,83.0,5.0,2,3,0,18,EL POBLADO,EL POBLADO,3+
Altos del poblado,Apartamento,Usado,1 a 8 años,95.0,95.0,6.0,2,2,1,11,ALTOS DEL POBLADO,ALTOS DEL POBLADO,missing
San diego,Apartamento,Usado,1 a 8 años,80.0,80.0,5.0,2,3,1,6,SAN DIEGO,SAN DIEGO,missing
Manila,Casa,Usado,16 a 30 años,380.0,380.0,6.0,2,5,0,1,MANILA,OTROS,missing
El Poblado,Apartamento,Buen estado,más de 30 años,135.0,135.0,6.0,2,3,2,3,EL POBLADO,EL POBLADO,3+
Bombona no1,Apartamento,Usado,menor a 1 año,56.0,56.0,5.0,1,2,0,14,BOMBONA NO1,BOMBONA NO1,3+
El porvenir,Apartamento,Usado,menor a 1 año,55.0,55.0,4.0,2,2,1,5,EL PORVENIR,OTROS,missing
Laureles,Apartamento,Usado,16 a 30 años,96.0,96.0,5.0,3,2,1,2,LAURELES,LAURELES,2
San Pablo Guayabal,Casa,Usado,16 a 30 años,109.0,109.0,4.0,2,4,0,1,SAN PABLO GUAYABAL,OTROS,missing
Loma del Indio,Apartamento,Usado,1 a 8 años,105.0,105.0,6.0,3,3,2,5,LOMA DEL INDIO,LOMA DEL INDIO,missing
La aguacatala,Casa,Usado,menor a 1 año,440.0,440.0,5.0,4,11,8,1,LA AGUACATALA,LA AGUACATALA,missing
La america,Apartamento,Usado,más de 30 años,45.0,45.0,4.0,1,2,0,3,LA AMERICA,LA AMERICA,3+
Villa hermosa,Apartaestudio,Nuevo,menor a 1 año,15.0,15.0,4.0,1,1,0,2,VILLA HERMOSA,VILLA HERMOSA,2
Belén Rincón,Apartamento,Usado,16 a 30 años,58.0,58.0,3.0,2,3,0,10,BELEN RINCON,BELEN RINCON,missing
El Poblado,Apartamento,Usado,1 a 8 años,143.0,143.0,6.0,4,3,2,3,EL POBLADO,EL POBLADO,missing
Vía Las Palmas,Apartamento,Usado,9 a 15 años,61.0,61.0,5.0,1,1,0,2,VIA LAS PALMAS,VIA LAS PALMAS,2
Patio bonito,Apartamento,Usado,más de 30 años,170.0,170.0,6.0,3,3,2,11,PATIO BONITO,PATIO BONITO,3+
Las palmas,Apartaestudio,Usado,1 a 8 años,67.0,67.0,6.0,2,1,2,2,LAS PALMAS,LAS PALMAS,2
Belén,Apartamento,Usado,16 a 30 años,120.0,120.0,4.0,3,3,1,2,BELEN,BELEN,missing
El Poblado,Apartamento,Usado,más de 30 años,130.0,130.0,6.0,3,3,2,2,EL POBLADO,EL POBLADO,missing
Laureles,Apartamento,Usado,16 a 30 años,148.0,148.0,5.0,4,3,2,4,LAURELES,LAURELES,3+
Las palmas,Casa,Usado,1 a 8 años,522.0,522.0,6.0,5,3,5,1,LAS PALMAS,LAS PALMAS,1
Vía Las Palmas,Apartamento,Usado,1 a 8 años,110.0,110.0,4.0,3,3,1,13,VIA LAS PALMAS,VIA LAS PALMAS,missing
El Poblado,Apartamento,Usado,16 a 30 años,150.0,150.0,6.0,2,3,1,6,EL POBLADO,EL POBLADO,missing
Belen La Palma,Apartamento,Usado,1 a 8 años,70.0,70.0,5.0,2,2,0,2,BELEN LA PALMA,BELEN LA PALMA,2
Calasanz,Apartamento,Usado,1 a 8 años,55.0,55.0,3.0,2,2,1,11,CALASANZ,CALASANZ,3+
Altos del poblado,Apartamento,Usado,1 a 8 años,98.0,98.0,6.0,3,2,2,9,ALTOS DEL POBLADO,ALTOS DEL POBLADO,missing
Guayabal,Apartamento,Usado,menor a 1 año,75.0,75.0,4.0,2,2,1,2,GUAYABAL,GUAYABAL,missing
Laureles,Apartamento,Usado,16 a 30 años,98.0,98.0,5.0,3,4,1,2,LAURELES,LAURELES,2
Ciudad del Río,Apartamento,Usado,1 a 8 años,84.0,84.0,6.0,2,2,1,10,CIUDAD DEL RIO,CIUDAD DEL RIO,missing
Laureles,Apartamento,Usado,16 a 30 años,85.0,85.0,5.0,2,2,1,6,LAURELES,LAURELES,missing
La candelaria ,Apartamento,Usado,16 a 30 años,88.0,88.0,5.0,3,3,1,12,LA CANDELARIA,LA CANDELARIA,3+
Belén Rincón,Apartamento,Usado,16 a 30 años,55.0,55.0,3.0,1,2,0,3,BELEN RINCON,BELEN RINCON,3+
Laureles,Apartamento,Usado,16 a 30 años,89.0,89.0,5.0,2,2,1,9,LAURELES,LAURELES,missing
Calasanz,Apartamento,Usado,9 a 15 años,140.0,140.0,4.0,2,4,1,3,CALASANZ,CALASANZ,3+
Laureles,Apartaestudio,Usado,1 a 8 años,41.0,41.0,5.0,1,1,0,3,LAURELES,LAURELES,3+
Laureles,Apartamento,Usado,menor a 1 año,456.0,456.0,5.0,5,8,1,1,LAURELES,LAURELES,1
Bombona no1,Apartamento,Usado,menor a 1 año,50.0,50.0,4.0,1,2,0,4,BOMBONA NO1,BOMBONA NO1,missing
Belén Altavista,Apartamento,Usado,9 a 15 años,58.0,58.0,4.0,2,2,0,10,BELEN ALTAVISTA,BELEN ALTAVISTA,3+
Belén,Apartamento,Usado,16 a 30 años,68.0,68.0,5.0,2,2,1,3,BELEN,BELEN,3+
Colasania,Casa,Usado,9 a 15 años,85.0,85.0,4.0,2,3,1,1,COLASANIA,COLASANIA,missing
El Poblado,Apartamento,Usado,1 a 8 años,515.0,515.0,6.0,3,2,1,18,EL POBLADO,EL POBLADO,3+
La candelaria,Apartamento,Usado,16 a 30 años,72.0,72.0,6.0,2,2,1,2,LA CANDELARIA,LA CANDELARIA,2
Loma de las brujas,Apartamento,Usado,9 a 15 años,300.0,300.0,5.0,5,3,1,1,LOMA DE LAS BRUJAS,OTROS,missing
El salvador,Apartaestudio,Usado,16 a 30 años,23.0,23.0,3.0,1,1,0,1,EL SALVADOR,EL SALVADOR,1
Buenos aires,Casa,Usado,9 a 15 años,110.0,110.0,3.0,2,3,0,1,BUENOS AIRES,BUENOS AIRES,missing
Pajarito,Apartamento,Usado,16 a 30 años,47.0,47.0,3.0,1,3,0,5,PAJARITO,PAJARITO,missing
Manila,Casa,Usado,menor a 1 año,254.0,254.0,6.0,4,7,0,1,MANILA,OTROS,missing
Buenos aires,Apartaestudio,Usado,más de 30 años,20.0,20.0,4.0,1,1,0,5,BUENOS AIRES,BUENOS AIRES,3+
Belén,Apartamento,Usado,9 a 15 años,122.0,122.0,5.0,4,3,2,10,BELEN,BELEN,missing
Belén Rosales,Casa,Usado,menor a 1 año,200.0,200.0,4.0,3,4,0,1,BELEN ROSALES,BELEN ROSALES,missing
Centro,Casa,Usado,1 a 8 años,60.0,60.0,3.0,1,3,0,1,CENTRO,CENTRO,missing
Santa cruz,Apartamento,Nuevo,16 a 30 años,40.0,40.0,2.0,1,1,1,1,SANTA CRUZ,OTROS,1
La castellana,Casa,Usado,16 a 30 años,160.0,160.0,6.0,2,5,0,1,LA CASTELLANA,LA CASTELLANA,missing
Centro,Apartamento,Usado,16 a 30 años,150.0,150.0,3.0,3,4,0,5,CENTRO,CENTRO,missing
Suramericana,Casa,Usado,menor a 1 año,20.0,20.0,4.0,1,1,0,1,SURAMERICANA,SURAMERICANA,missing
Belencito,Casa,Usado,16 a 30 años,110.0,109.0,4.0,2,3,1,1,BELENCITO,BELENCITO,1
Belén San Bernardo,Apartamento,Usado,16 a 30 años,45.0,45.0,3.0,1,2,0,3,BELEN SAN BERNARDO,BELEN SAN BERNARDO,3+
Rodeo Alto,Apartamento,Usado,1 a 8 años,70.0,70.0,4.0,2,3,1,3,RODEO ALTO,RODEO ALTO,missing
Altos del poblado,Apartamento,Usado,1 a 8 años,68.0,68.0,6.0,2,2,1,12,ALTOS DEL POBLADO,ALTOS DEL POBLADO,missing
Santa fe,Apartamento,Usado,1 a 8 años,55.0,55.0,3.0,1,1,1,1,SANTA FE,SANTA FE,missing
La candelaria ,Apartamento,Excelente estado,1 a 8 años,200.0,200.0,5.0,3,2,1,3,LA CANDELARIA,LA CANDELARIA,missing
El velodromo,Apartamento,Usado,1 a 8 años,55.0,55.0,4.0,2,2,0,1,EL VELODROMO,EL VELODROMO,1
El Poblado,Apartamento,Usado,1 a 8 años,130.0,130.0,5.0,3,3,4,2,EL POBLADO,EL POBLADO,missing
Rodeo Alto,Apartamento,Usado,1 a 8 años,60.0,60.0,4.0,2,3,1,6,RODEO ALTO,RODEO ALTO,3+
Vía Las Palmas,Apartamento,Usado,1 a 8 años,85.0,85.0,4.0,4,4,0,1,VIA LAS PALMAS,VIA LAS PALMAS,missing
Laureles,Apartamento,Buen estado,16 a 30 años,154.0,154.0,5.0,3,4,2,6,LAURELES,LAURELES,3+
El Poblado,Apartamento,Usado,16 a 30 años,84.0,84.0,6.0,2,2,2,2,EL POBLADO,EL POBLADO,2
Los Balsos,Apartamento,Usado,más de 30 años,313.0,313.0,6.0,5,4,3,9,LOS BALSOS,LOS BALSOS,3+
El Poblado,Apartamento,Usado,16 a 30 años,98.0,98.0,6.0,2,3,2,5,EL POBLADO,EL POBLADO,3+
Vía Las Palmas,Apartamento,Usado,9 a 15 años,61.0,61.0,4.0,2,2,0,9,VIA LAS PALMAS,VIA LAS PALMAS,missing
Loma del Indio,Apartamento,Buen estado,1 a 8 años,65.0,65.0,1.0,2,3,1,9,LOMA DEL INDIO,LOMA DEL INDIO,missing
Colombia,Apartamento,Usado,9 a 15 años,45.0,45.0,3.0,1,1,0,2,COLOMBIA,OTROS,missing
Rodeo Alto,Apartamento,Usado,1 a 8 años,63.0,63.0,4.0,2,3,1,12,RODEO ALTO,RODEO ALTO,missing
Cristo rey,Apartamento,Buen estado,1 a 8 años,85.0,85.0,5.0,2,3,1,18,CRISTO REY,CRISTO REY,3+
Laureles,Apartamento,Usado,16 a 30 años,114.0,114.0,5.0,4,4,2,2,LAURELES,LAURELES,missing
Laureles,Casa,Usado,16 a 30 años,110.0,110.0,5.0,5,4,0,1,LAURELES,LAURELES,missing
El velodromo,Apartamento,Usado,9 a 15 años,60.0,6.0,4.0,2,3,0,4,EL VELODROMO,EL VELODROMO,3+
Laureles,Apartamento,Usado,16 a 30 años,65.0,65.0,5.0,2,3,1,9,LAURELES,LAURELES,missing
La castellana,Apartamento,Usado,16 a 30 años,70.0,70.0,5.0,2,2,0,10,LA CASTELLANA,LA CASTELLANA,missing
La aguacatala,Apartamento,Usado,1 a 8 años,74.0,74.0,6.0,2,2,1,9,LA AGUACATALA,LA AGUACATALA,missing
Andalucia,Casa,Usado,más de 30 años,44.0,45.0,2.0,1,4,0,1,ANDALUCIA,OTROS,1
El Poblado,Apartamento,Usado,1 a 8 años,90.0,90.0,6.0,2,2,2,4,EL POBLADO,EL POBLADO,3+
Belén Aliadas,Apartaestudio,Usado,1 a 8 años,60.0,60.0,4.0,2,1,0,1,BELEN ALIADAS,BELEN ALIADAS,1
El velodromo,Casa,Usado,1 a 8 años,240.0,240.0,3.0,1,1,0,2,EL VELODROMO,EL VELODROMO,2
Prado,Casa,Buen estado,más de 30 años,243.0,243.0,5.0,5,3,2,1,PRADO,PRADO,1
Robledo,Casa,Usado,más de 30 años,87.0,87.0,2.0,1,3,0,1,ROBLEDO,ROBLEDO,1
San german,Apartamento,Usado,16 a 30 años,60.0,60.0,4.0,2,3,1,18,SAN GERMAN,SAN GERMAN,3+
La América,Apartamento,Usado,16 a 30 años,83.0,83.0,4.0,3,3,1,3,LA AMERICA,LA AMERICA,3+
El Poblado,Apartamento,Usado,9 a 15 años,92.0,92.0,6.0,3,2,2,2,EL POBLADO,EL POBLADO,missing
Suramericana,Apartamento,Usado,menor a 1 año,158.0,158.0,5.0,3,3,1,6,SURAMERICANA,SURAMERICANA,missing
Belen La Palma,Apartamento,Usado,1 a 8 años,72.0,72.0,5.0,3,2,1,5,BELEN LA PALMA,BELEN LA PALMA,3+
Laureles,Apartamento,Usado,1 a 8 años,95.0,95.0,5.0,2,3,1,9,LAURELES,LAURELES,missing
Belén Fatima,Apartamento,Usado,16 a 30 años,92.0,92.0,4.0,2,2,0,10,BELEN FATIMA,BELEN FATIMA,missing
Belén Los Alpes,Apartamento,Usado,menor a 1 año,70.0,70.0,5.0,2,2,1,10,BELEN LOS ALPES,BELEN LOS ALPES,missing
Las palmas,Apartamento,Usado,1 a 8 años,100.0,100.0,6.0,3,2,2,10,LAS PALMAS,LAS PALMAS,missing
San diego,Apartamento,Usado,16 a 30 años,80.0,80.0,4.0,2,3,1,16,SAN DIEGO,SAN DIEGO,3+
Laureles,Apartamento,Usado,16 a 30 años,50.0,50.0,4.0,1,2,0,2,LAURELES,LAURELES,2
Belén San Bernardo,Apartamento,Usado,16 a 30 años,54.0,54.0,3.0,2,2,0,4,BELEN SAN BERNARDO,BELEN SAN BERNARDO,3+
Laureles,Apartaestudio,Usado,1 a 8 años,55.0,55.0,3.0,1,1,1,1,LAURELES,LAURELES,missing
La Almeria,Apartamento,Usado,1 a 8 años,60.0,60.0,5.0,1,2,0,2,LA ALMERIA,LA ALMERIA,2
San Antonio de Prado,Apartamento,Usado,9 a 15 años,65.0,65.0,3.0,2,3,0,1,SAN ANTONIO DE PRADO,SAN ANTONIO DE PRADO,1
Calasanz,Apartamento,Usado,1 a 8 años,75.0,75.0,4.0,2,3,0,7,CALASANZ,CALASANZ,missing
Calasanz,Apartamento,Usado,9 a 15 años,85.0,85.0,4.0,2,3,1,7,CALASANZ,CALASANZ,missing
Laureles,Casa,Usado,16 a 30 años,305.0,305.0,5.0,10,8,0,1,LAURELES,LAURELES,missing
Belén Fatima,Apartaestudio,Usado,1 a 8 años,42.0,42.0,4.0,1,1,0,5,BELEN FATIMA,BELEN FATIMA,3+
Loma del Indio,Apartamento,Buen estado,9 a 15 años,79.0,79.0,6.0,2,3,2,12,LOMA DEL INDIO,LOMA DEL INDIO,3+
Belén Aliadas,Apartamento,Usado,1 a 8 años,75.0,75.0,4.0,2,4,0,3,BELEN ALIADAS,BELEN ALIADAS,3+
Belén San Bernardo,Apartamento,Usado,menor a 1 año,57.0,57.0,3.0,2,2,0,10,BELEN SAN BERNARDO,BELEN SAN BERNARDO,missing
Calasanz,Apartamento,Usado,menor a 1 año,70.0,70.0,3.0,2,3,1,3,CALASANZ,CALASANZ,missing
El Poblado,Apartamento,Usado,16 a 30 años,85.0,85.0,6.0,2,3,1,5,EL POBLADO,EL POBLADO,3+
Santa lucia,Apartamento,Usado,menor a 1 año,54.0,54.0,3.0,1,2,0,6,SANTA LUCIA,SANTA LUCIA,missing
La Calera,Apartamento,Usado,16 a 30 años,380.0,380.0,6.0,5,4,2,1,LA CALERA,LA CALERA,1
Las palmas,Casa,Usado,16 a 30 años,3000.0,3000.0,6.0,7,5,2,1,LAS PALMAS,LAS PALMAS,missing
Las lomas no2,Apartamento,Usado,16 a 30 años,140.0,140.0,6.0,4,3,2,9,LAS LOMAS NO2,OTROS,missing
Ciudad del Río,Apartaestudio,Usado,menor a 1 año,60.0,60.0,5.0,2,1,1,13,CIUDAD DEL RIO,CIUDAD DEL RIO,missing
La pilarica,Apartamento,Usado,16 a 30 años,88.0,88.0,3.0,2,3,1,5,LA PILARICA,LA PILARICA,3+
Granada,Apartaestudio,Usado,16 a 30 años,25.0,25.0,3.0,1,1,0,1,GRANADA,OTROS,1
El salvador,Apartamento,Usado,16 a 30 años,40.0,40.0,3.0,1,2,0,2,EL SALVADOR,EL SALVADOR,2
Belén Los Alpes,Apartamento,Usado,menor a 1 año,80.0,80.0,3.0,2,3,0,6,BELEN LOS ALPES,BELEN LOS ALPES,missing
Loma de los bernal,Apartamento,Usado,9 a 15 años,58.0,58.0,4.0,2,3,0,18,LOMA DE LOS BERNAL,LOMA DE LOS BERNAL,3+
El Poblado,Apartamento,Buen estado,16 a 30 años,390.0,390.0,5.0,4,3,3,10,EL POBLADO,EL POBLADO,3+
La esperanza,Casa,Usado,9 a 15 años,100.0,100.0,3.0,2,3,1,1,LA ESPERANZA,OTROS,missing
Laureles,Apartaestudio,Usado,menor a 1 año,35.0,35.0,4.0,1,1,1,3,LAURELES,LAURELES,missing
Simesa,Apartamento,Usado,16 a 30 años,84.0,84.0,6.0,2,3,1,6,SIMESA,SIMESA,missing
El Poblado,Casa,Usado,16 a 30 años,320.0,320.0,6.0,4,3,2,1,EL POBLADO,EL POBLADO,missing
Belén Miravalle,Apartaestudio,Usado,menor a 1 año,64.0,64.0,4.0,1,1,0,6,BELEN MIRAVALLE,BELEN MIRAVALLE,missing
Las palmas,Casa,Usado,16 a 30 años,450.0,1000.0,6.0,6,7,3,1,LAS PALMAS,LAS PALMAS,missing
Laureles,Apartamento,Usado,16 a 30 años,125.0,125.0,4.0,2,3,1,7,LAURELES,LAURELES,missing
Rodeo Alto,Apartamento,Usado,menor a 1 año,60.0,60.0,3.0,2,3,1,10,RODEO ALTO,RODEO ALTO,missing
Belén,Apartamento,Usado,16 a 30 años,75.0,75.0,3.0,1,2,0,3,BELEN,BELEN,missing
Buenos aires,Apartaestudio,Usado,9 a 15 años,2600.0,2600.0,4.0,1,1,0,1,BUENOS AIRES,BUENOS AIRES,1
Santa fe,Casa,Usado,16 a 30 años,94.0,94.0,4.0,2,3,0,1,SANTA FE,SANTA FE,missing
Vía Las Palmas,Apartamento,Usado,9 a 15 años,105.0,105.0,6.0,2,3,2,7,VIA LAS PALMAS,VIA LAS PALMAS,missing
La mota,Apartamento,Usado,16 a 30 años,73.0,73.0,4.0,2,3,1,2,LA MOTA,LA MOTA,2
San diego,Apartamento,Buen estado,16 a 30 años,88.0,88.0,6.0,3,3,2,12,SAN DIEGO,SAN DIEGO,3+
La frontera,Apartamento,Usado,9 a 15 años,79.0,79.0,5.0,2,2,1,1,LA FRONTERA,LA FRONTERA,1
Buenos aires,Apartamento,Usado,más de 30 años,45.0,45.0,3.0,1,2,0,2,BUENOS AIRES,BUENOS AIRES,2
Villa hermosa,Apartaestudio,Usado,menor a 1 año,35.0,35.0,3.0,1,1,0,2,VILLA HERMOSA,VILLA HERMOSA,2
Alejandria,Apartamento,Usado,9 a 15 años,53.0,53.0,6.0,2,1,1,6,ALEJANDRIA,ALEJANDRIA,3+
El nogal- los almendros,Casa,Usado,menor a 1 año,225.0,225.0,5.0,4,6,0,1,EL NOGAL- LOS ALMENDROS,EL NOGAL- LOS ALMENDROS,1
Laureles,Apartamento,Usado,16 a 30 años,122.0,122.0,5.0,3,3,1,4,LAURELES,LAURELES,missing
El Poblado,Apartamento,Usado,16 a 30 años,77.0,77.0,5.0,2,3,1,5,EL POBLADO,EL POBLADO,missing
Belen La Palma,Casa,Usado,9 a 15 años,220.0,220.0,4.0,3,5,2,1,BELEN LA PALMA,BELEN LA PALMA,missing
La castellana,Apartamento,Usado,16 a 30 años,110.0,110.0,5.0,2,3,2,4,LA CASTELLANA,LA CASTELLANA,3+
El Poblado,Apartamento,Usado,16 a 30 años,8400.0,8400.0,5.0,2,3,1,6,EL POBLADO,EL POBLADO,missing
Asomadera no2,Apartamento,Usado,1 a 8 años,70.0,70.0,5.0,2,2,1,10,ASOMADERA NO2,ASOMADERA NO2,missing
La candelaria ,Apartamento,Excelente estado,1 a 8 años,38.0,38.0,2.0,1,2,0,3,LA CANDELARIA,LA CANDELARIA,missing
El Poblado,Apartamento,Buen estado,más de 30 años,170.0,170.0,6.0,4,3,2,4,EL POBLADO,EL POBLADO,3+
La candelaria ,Apartamento,Excelente estado,1 a 8 años,420.0,420.0,5.0,4,10,0,1,LA CANDELARIA,LA CANDELARIA,missing
El Poblado,Apartamento,Usado,menor a 1 año,60.0,60.0,4.0,2,2,1,6,EL POBLADO,EL POBLADO,missing
Laureles,Apartamento,Usado,más de 30 años,150.0,150.0,5.0,4,4,1,5,LAURELES,LAURELES,missing
Belén Los Alpes,Apartaestudio,Usado,1 a 8 años,42.0,42.0,3.0,2,1,0,6,BELEN LOS ALPES,BELEN LOS ALPES,3+
El tesoro,Casa,Usado,16 a 30 años,278.0,278.0,6.0,4,3,2,1,EL TESORO,EL TESORO,1
Centro,Apartamento,Usado,16 a 30 años,60.0,60.0,3.0,2,2,0,6,CENTRO,CENTRO,missing
Robledo,Apartamento,Buen estado,16 a 30 años,110.0,110.0,6.0,3,2,1,6,ROBLEDO,ROBLEDO,3+
Belén,Apartamento,Buen estado,16 a 30 años,70.0,70.0,4.0,2,2,0,2,BELEN,BELEN,2
Vía Las Palmas,Apartamento,Usado,1 a 8 años,75.0,75.0,5.0,2,3,1,7,VIA LAS PALMAS,VIA LAS PALMAS,missing
El Poblado,Apartamento,Usado,9 a 15 años,130.0,130.0,6.0,3,3,2,2,EL POBLADO,EL POBLADO,missing
Calasanz,Apartamento,Usado,1 a 8 años,52.0,52.0,4.0,2,2,0,9,CALASANZ,CALASANZ,missing
Prado,Apartamento,Usado,16 a 30 años,120.0,120.0,4.0,3,3,0,4,PRADO,PRADO,3+
Belén Rincón,Apartamento,Usado,más de 30 años,46.0,46.0,3.0,1,2,0,3,BELEN RINCON,BELEN RINCON,3+
El Poblado,Apartamento,Usado,1 a 8 años,80.0,80.0,5.0,2,3,1,6,EL POBLADO,EL POBLADO,missing
Vía Las Palmas,Apartamento,Usado,1 a 8 años,70.0,70.0,6.0,2,2,2,18,VIA LAS PALMAS,VIA LAS PALMAS,3+
Laureles,Apartamento,Usado,1 a 8 años,89.0,89.0,5.0,2,3,1,2,LAURELES,LAURELES,missing
Boston,Apartaestudio,Usado,16 a 30 años,29.0,29.0,4.0,1,1,0,3,BOSTON,BOSTON,3+
La Tomatera,Apartamento,Usado,16 a 30 años,180.0,180.0,6.0,4,3,2,16,LA TOMATERA,OTROS,3+
Robledo,Apartamento,Buen estado,1 a 8 años,52.0,52.0,4.0,2,3,1,18,ROBLEDO,ROBLEDO,3+
El Poblado,Apartamento,Usado,16 a 30 años,75.0,75.0,6.0,2,2,1,2,EL POBLADO,EL POBLADO,missing
Belén San Bernardo,Apartamento,Usado,16 a 30 años,65.0,65.0,3.0,2,3,0,2,BELEN SAN BERNARDO,BELEN SAN BERNARDO,2
El Poblado,Apartamento,Usado,1 a 8 años,80.0,80.0,6.0,2,2,2,2,EL POBLADO,EL POBLADO,missing
La Calera,Apartamento,Usado,16 a 30 años,220.0,220.0,6.0,4,3,3,18,LA CALERA,LA CALERA,3+
Belen Malibu,Apartamento,Usado,16 a 30 años,60.0,60.0,5.0,2,2,1,3,BELEN MALIBU,BELEN MALIBU,3+
Las palmas,Apartamento,Usado,1 a 8 años,78.0,78.0,6.0,2,3,1,5,LAS PALMAS,LAS PALMAS,missing
Loma del Indio,Casa,Usado,1 a 8 años,55200.0,55200.0,6.0,6,4,5,1,LOMA DEL INDIO,LOMA DEL INDIO,missing
El Poblado,Casa,Usado,16 a 30 años,200.0,200.0,6.0,4,3,2,1,EL POBLADO,EL POBLADO,missing
Cristo rey,Casa,Usado,1 a 8 años,136.0,136.0,4.0,2,6,0,1,CRISTO REY,CRISTO REY,missing
La candelaria,Apartamento,Usado,9 a 15 años,149.0,149.0,6.0,5,3,2,3,LA CANDELARIA,LA CANDELARIA,missing
El Poblado,Apartamento,Excelente estado,1 a 8 años,112.0,112.0,6.0,2,2,1,12,EL POBLADO,EL POBLADO,missing
La gloria,Apartamento,Usado,1 a 8 años,76.0,76.0,3.0,1,2,0,4,LA GLORIA,LA GLORIA,missing
Manrique,Apartaestudio,Usado,16 a 30 años,30.0,30.0,3.0,1,1,0,2,MANRIQUE,MANRIQUE,2
Bosques de san pablo,Apartamento,Usado,menor a 1 año,50.0,50.0,3.0,1,2,2,4,BOSQUES DE SAN PABLO,BOSQUES DE SAN PABLO,missing
El Poblado,Apartamento,Usado,1 a 8 años,94.0,94.0,6.0,3,2,1,3,EL POBLADO,EL POBLADO,missing
Robledo,Apartamento,Buen estado,16 a 30 años,85.0,85.0,4.0,2,3,1,2,ROBLEDO,ROBLEDO,2
El Poblado,Apartamento,Usado,16 a 30 años,60.0,60.0,5.0,2,1,1,3,EL POBLADO,EL POBLADO,3+
Robledo,Apartaestudio,Usado,1 a 8 años,65.0,65.0,3.0,2,1,0,1,ROBLEDO,ROBLEDO,1
Laureles,Apartamento,Usado,9 a 15 años,190.0,190.0,4.0,2,5,0,1,LAURELES,LAURELES,missing
Calasanz,Apartamento,Usado,1 a 8 años,64.0,64.0,4.0,2,3,1,5,CALASANZ,CALASANZ,3+
Villa hermosa,Apartaestudio,Usado,menor a 1 año,16.0,16.0,3.0,1,1,0,1,VILLA HERMOSA,VILLA HERMOSA,missing
Laureles,Casa,Buen estado,16 a 30 años,200.0,200.0,5.0,4,3,1,1,LAURELES,LAURELES,1
Belen Las Playas,Apartamento,Usado,16 a 30 años,85.0,85.0,3.0,1,3,0,4,BELEN LAS PLAYAS,BELEN LAS PLAYAS,3+
Campo valdes no1,Casa,Usado,16 a 30 años,64.0,64.0,2.0,1,3,0,1,CAMPO VALDES NO1,CAMPO VALDES NO1,missing
El Poblado,Apartamento,Usado,1 a 8 años,116.0,116.0,6.0,3,2,2,4,EL POBLADO,EL POBLADO,missing
Santa fe,Apartamento,Usado,1 a 8 años,100.0,100.0,6.0,2,2,2,11,SANTA FE,SANTA FE,3+
El salvador,Apartaestudio,Usado,más de 30 años,50.0,50.0,3.0,1,1,0,2,EL SALVADOR,EL SALVADOR,2
Santa lucia,Apartaestudio,Buen estado,16 a 30 años,35.0,35.0,4.0,2,1,0,1,SANTA LUCIA,SANTA LUCIA,1
Vía Las Palmas,Apartamento,Usado,1 a 8 años,70.0,70.0,6.0,2,2,1,10,VIA LAS PALMAS,VIA LAS PALMAS,missing
Centro,Apartaestudio,Usado,9 a 15 años,35.0,35.0,4.0,1,1,0,3,CENTRO,CENTRO,missing
Centro,Apartamento,Nuevo,16 a 30 años,110.0,110.0,4.0,2,3,0,8,CENTRO,CENTRO,3+
Belén,Apartamento,Usado,menor a 1 año,116.0,116.0,3.0,4,3,0,3,BELEN,BELEN,missing
Belen Las Playas,Apartamento,Usado,16 a 30 años,108.0,108.0,3.0,2,3,0,5,BELEN LAS PLAYAS,BELEN LAS PLAYAS,missing
Loma del Indio,Apartamento,Buen estado,9 a 15 años,58.0,58.0,4.0,2,2,0,1,LOMA DEL INDIO,LOMA DEL INDIO,1
San diego,Apartamento,Usado,9 a 15 años,75.0,75.0,6.0,2,3,0,18,SAN DIEGO,SAN DIEGO,3+
Villa hermosa,Apartamento,Usado,1 a 8 años,160.0,160.0,3.0,3,5,0,1,VILLA HERMOSA,VILLA HERMOSA,missing
Laureles,Casa,Buen estado,16 a 30 años,120.0,120.0,5.0,2,4,0,1,LAURELES,LAURELES,1
La Almeria,Apartamento,Usado,1 a 8 años,80.0,80.0,5.0,2,3,1,6,LA ALMERIA,LA ALMERIA,missing
Belen La Palma,Apartamento,Usado,9 a 15 años,140.0,140.0,4.0,3,4,1,1,BELEN LA PALMA,BELEN LA PALMA,1
Belén,Apartamento,Usado,16 a 30 años,45.0,45.0,4.0,1,1,0,5,BELEN,BELEN,3+
Altos del poblado,Apartamento,Usado,1 a 8 años,83.0,83.0,6.0,2,2,1,5,ALTOS DEL POBLADO,ALTOS DEL POBLADO,missing
Pajarito,Apartamento,Usado,9 a 15 años,55.0,55.0,3.0,1,3,0,3,PAJARITO,PAJARITO,3+
Aves Maria,Apartaestudio,Usado,Desconocido,40.0,40.0,3.0,1,1,1,1,AVES MARIA,AVES MARIA,1
Laureles,Apartamento,Buen estado,1 a 8 años,85.0,85.0,4.0,2,2,1,2,LAURELES,LAURELES,2
El Poblado,Apartamento,Nuevo,16 a 30 años,171.0,171.0,6.0,2,2,2,15,EL POBLADO,EL POBLADO,3+
Laureles,Apartamento,Usado,16 a 30 años,67.0,67.0,3.0,2,3,0,2,LAURELES,LAURELES,2
Loma De San Julian,Apartamento,Usado,16 a 30 años,94.0,94.0,5.0,2,2,2,9,LOMA DE SAN JULIAN,LOMA DE SAN JULIAN,missing
Simon bolivar,Apartaestudio,Usado,más de 30 años,48.0,48.0,5.0,1,1,0,5,SIMON BOLIVAR,SIMON BOLIVAR,3+
Buenos aires,Casa,Usado,más de 30 años,100.0,100.0,3.0,3,4,0,2,BUENOS AIRES,BUENOS AIRES,2
Centro,Apartamento,Nuevo,16 a 30 años,42.0,42.0,4.0,1,2,0,6,CENTRO,CENTRO,3+
Laureles,Apartamento,Usado,1 a 8 años,66.0,66.0,4.0,3,2,1,8,LAURELES,LAURELES,missing
San diego,Apartamento,Usado,1 a 8 años,77.0,77.0,5.0,2,3,1,18,SAN DIEGO,SAN DIEGO,3+
Ciudad del Río,Apartamento,Usado,1 a 8 años,75.0,75.0,4.0,2,3,1,7,CIUDAD DEL RIO,CIUDAD DEL RIO,missing
El Poblado,Apartamento,Usado,16 a 30 años,58.0,58.0,4.0,2,2,1,7,EL POBLADO,EL POBLADO,missing
La candelaria ,Apartamento,Usado,16 a 30 años,75.0,75.0,5.0,2,2,1,9,LA CANDELARIA,LA CANDELARIA,3+
El Poblado,Apartamento,Usado,16 a 30 años,107.0,107.0,5.0,4,2,1,5,EL POBLADO,EL POBLADO,3+
Calasanz,Apartamento,Usado,9 a 15 años,62.0,62.0,4.0,2,2,1,5,CALASANZ,CALASANZ,missing
El Campestre,Apartamento,Usado,9 a 15 años,280.0,280.0,6.0,6,4,2,1,EL CAMPESTRE,EL CAMPESTRE,missing
Patio bonito,Apartamento,Usado,16 a 30 años,80.0,80.0,6.0,4,3,1,5,PATIO BONITO,PATIO BONITO,missing
Las palmas,Apartamento,Usado,1 a 8 años,73.0,73.0,6.0,2,2,1,10,LAS PALMAS,LAS PALMAS,missing
Laureles,Apartamento,Usado,16 a 30 años,80.0,80.0,5.0,3,2,1,4,LAURELES,LAURELES,3+
El velodromo,Apartamento,Usado,1 a 8 años,58.0,58.0,4.0,1,2,0,5,EL VELODROMO,EL VELODROMO,missing
El Poblado,Apartamento,Usado,16 a 30 años,150.0,150.0,6.0,4,3,1,6,EL POBLADO,EL POBLADO,missing
Buenos aires,Apartamento,Usado,16 a 30 años,45.0,45.0,3.0,1,2,0,15,BUENOS AIRES,BUENOS AIRES,3+
Laureles,Apartamento,Usado,1 a 8 años,134.0,134.0,6.0,4,3,1,3,LAURELES,LAURELES,missing
El Poblado,Apartamento,Usado,1 a 8 años,95.0,95.0,5.0,2,3,2,9,EL POBLADO,EL POBLADO,missing
El Poblado,Apartamento,Usado,16 a 30 años,58.0,58.0,5.0,2,2,1,7,EL POBLADO,EL POBLADO,missing
Belén,Casa,Usado,16 a 30 años,125.0,125.0,5.0,3,3,2,1,BELEN,BELEN,missing
Robledo,Apartamento,Usado,9 a 15 años,78.0,78.0,2.0,2,3,0,3,ROBLEDO,ROBLEDO,3+
La linde,Apartamento,Usado,1 a 8 años,88.0,88.0,4.0,3,2,2,6,LA LINDE,LA LINDE,3+
Belén,Apartamento,Usado,16 a 30 años,76.0,76.0,4.0,2,2,1,6,BELEN,BELEN,3+
Progreso,Apartamento,Usado,16 a 30 años,58.0,58.0,4.0,2,2,0,4,PROGRESO,OTROS,3+
La america,Apartaestudio,Usado,más de 30 años,89.0,89.0,4.0,2,4,0,2,LA AMERICA,LA AMERICA,2
Los Balsos,Apartamento,Usado,1 a 8 años,65.0,65.0,6.0,2,1,1,11,LOS BALSOS,LOS BALSOS,missing
Loma Benedictinos,Apartamento,Usado,16 a 30 años,105.0,105.0,6.0,3,3,1,5,LOMA BENEDICTINOS,OTROS,missing
Los Balsos,Apartamento,Usado,16 a 30 años,100.0,100.0,6.0,3,2,1,10,LOS BALSOS,LOS BALSOS,missing
Aranjuez,Casa,Usado,1 a 8 años,65.0,65.0,3.0,2,4,0,1,ARANJUEZ,ARANJUEZ,missing
Campo valdes no1,Apartamento,Usado,16 a 30 años,50.0,50.0,3.0,1,3,0,3,CAMPO VALDES NO1,CAMPO VALDES NO1,3+
Laureles,Apartamento,Usado,16 a 30 años,65.0,65.0,4.0,2,2,0,5,LAURELES,LAURELES,3+
Buenos aires,Apartaestudio,Usado,más de 30 años,40.0,40.0,3.0,1,1,0,2,BUENOS AIRES,BUENOS AIRES,missing
El Poblado,Apartamento,Usado,9 a 15 años,64.0,64.0,6.0,1,2,0,9,EL POBLADO,EL POBLADO,3+
Loma del Indio,Apartamento,Usado,1 a 8 años,102.4,102.4,6.0,2,3,2,5,LOMA DEL INDIO,LOMA DEL INDIO,missing
Las palmas,Casa,Usado,16 a 30 años,450.0,1000.0,6.0,6,6,3,2,LAS PALMAS,LAS PALMAS,2
Laureles,Apartamento,Buen estado,1 a 8 años,137.0,137.0,5.0,4,3,0,11,LAURELES,LAURELES,3+
Santa fe,Apartamento,Usado,1 a 8 años,65.0,65.0,3.0,2,3,1,9,SANTA FE,SANTA FE,missing
Las palmas,Apartamento,Usado,16 a 30 años,65.0,65.0,4.0,2,2,1,16,LAS PALMAS,LAS PALMAS,3+
Pedregal,Apartamento,Usado,9 a 15 años,4000.0,4000.0,3.0,1,2,0,2,PEDREGAL,OTROS,missing
El Poblado,Apartamento,Usado,1 a 8 años,2594.0,2594.0,6.0,3,3,1,10,EL POBLADO,EL POBLADO,missing
El Poblado,Apartamento,Buen estado,16 a 30 años,120.0,120.0,5.0,3,3,1,1,EL POBLADO,EL POBLADO,1
Calasanz,Apartamento,Usado,1 a 8 años,68.0,68.0,2.0,2,3,1,5,CALASANZ,CALASANZ,missing
El Poblado,Apartamento,Usado,16 a 30 años,135.0,135.0,5.0,2,3,1,10,EL POBLADO,EL POBLADO,3+
Las palmas,Apartamento,Usado,1 a 8 años,60.0,60.0,6.0,2,3,1,10,LAS PALMAS,LAS PALMAS,missing
Laureles,Apartamento,Usado,9 a 15 años,50.0,50.0,5.0,1,2,1,2,LAURELES,LAURELES,2
Belén,Casa,Usado,16 a 30 años,64.0,64.0,4.0,2,2,0,1,BELEN,BELEN,missing
La candelaria,Apartamento,Usado,16 a 30 años,86.4,86.4,3.0,2,3,0,12,LA CANDELARIA,LA CANDELARIA,3+
Conquistadores,Apartaestudio,Usado,1 a 8 años,25.0,25.0,5.0,1,1,0,6,CONQUISTADORES,CONQUISTADORES,3+
Loma de los bernal,Apartamento,Usado,1 a 8 años,76.0,76.0,4.0,2,2,1,15,LOMA DE LOS BERNAL,LOMA DE LOS BERNAL,missing
La pilarica,Apartamento,Usado,menor a 1 año,60.0,60.0,3.0,2,2,0,6,LA PILARICA,LA PILARICA,missing
Rodeo Alto,Apartamento,Nuevo,menor a 1 año,82.0,82.0,4.0,2,3,1,6,RODEO ALTO,RODEO ALTO,missing
Las palmas,Apartamento,Usado,1 a 8 años,74.0,74.0,5.0,2,2,1,9,LAS PALMAS,LAS PALMAS,missing
Calasanz,Apartamento,Usado,1 a 8 años,102.4,102.4,4.0,2,3,1,5,CALASANZ,CALASANZ,missing
Belen La Palma,Casa,Usado,1 a 8 años,160.0,160.0,3.0,3,3,1,1,BELEN LA PALMA,BELEN LA PALMA,1
Asomadera no3,Apartamento,Usado,1 a 8 años,40.0,40.0,3.0,1,2,0,3,ASOMADERA NO3,OTROS,missing
El Poblado,Apartamento,Usado,16 a 30 años,100.0,100.0,6.0,3,4,1,2,EL POBLADO,EL POBLADO,2
Belen La Palma,Apartamento,Usado,1 a 8 años,72.0,72.0,4.0,2,2,1,5,BELEN LA PALMA,BELEN LA PALMA,3+
El Poblado,Apartamento,Usado,9 a 15 años,70.0,70.0,5.0,2,2,1,3,EL POBLADO,EL POBLADO,3+
Loma de los bernal,Casa,Usado,16 a 30 años,124.0,124.0,4.0,3,3,1,1,LOMA DE LOS BERNAL,LOMA DE LOS BERNAL,1
El Poblado,Apartamento,Usado,1 a 8 años,76.0,76.0,6.0,2,3,1,4,EL POBLADO,EL POBLADO,missing
La milagrosa,Apartaestudio,Usado,16 a 30 años,40.0,40.0,2.0,1,1,0,2,LA MILAGROSA,LA MILAGROSA,2
Laureles,Apartamento,Usado,16 a 30 años,69.0,69.0,4.0,2,3,1,9,LAURELES,LAURELES,missing
Loma del Indio,Apartamento,Usado,16 a 30 años,60.0,60.0,4.0,2,3,1,5,LOMA DEL INDIO,LOMA DEL INDIO,3+
Loma del Indio,Apartamento,Nuevo,menor a 1 año,89.0,89.0,4.0,2,3,1,2,LOMA DEL INDIO,LOMA DEL INDIO,missing
El Poblado,Casa,Usado,1 a 8 años,350.0,346.0,6.0,5,4,1,1,EL POBLADO,EL POBLADO,missing
Guayabal,Apartaestudio,Usado,más de 30 años,120.0,120.0,3.0,1,4,0,1,GUAYABAL,GUAYABAL,1
Belen La Palma,Apartamento,Usado,16 a 30 años,60.0,60.0,3.0,1,2,0,2,BELEN LA PALMA,BELEN LA PALMA,2
Vía Las Palmas,Casa,Usado,16 a 30 años,346.0,346.0,6.0,5,4,2,1,VIA LAS PALMAS,VIA LAS PALMAS,1
Loma de los bernal,Apartamento,Usado,1 a 8 años,85.0,85.0,5.0,2,2,1,6,LOMA DE LOS BERNAL,LOMA DE LOS BERNAL,missing
Prado,Casa,Buen estado,16 a 30 años,270.0,270.0,4.0,3,6,1,1,PRADO,PRADO,1
Belén,Apartamento,Usado,16 a 30 años,65.0,65.0,4.0,2,3,0,18,BELEN,BELEN,3+
Loma del Indio,Apartamento,Usado,1 a 8 años,70.0,70.0,4.0,2,2,1,26,LOMA DEL INDIO,LOMA DEL INDIO,3+
Belen La Palma,Apartaestudio,Usado,9 a 15 años,30.0,30.0,3.0,1,1,0,4,BELEN LA PALMA,BELEN LA PALMA,3+
 Robledo,Apartamento,Usado,9 a 15 años,90.0,90.0,2.0,2,3,0,1,ROBLEDO,ROBLEDO,1
Guayabal,Apartaestudio,Buen estado,1 a 8 años,48.0,48.0,4.0,1,1,1,13,GUAYABAL,GUAYABAL,3+
Prado,Casa,Buen estado,más de 30 años,550.0,550.0,4.0,6,19,0,2,PRADO,PRADO,2
El Poblado,Apartamento,Usado,1 a 8 años,56.0,56.0,6.0,2,1,1,3,EL POBLADO,EL POBLADO,missing
Belén,Apartaestudio,Usado,1 a 8 años,40.0,40.0,4.0,1,1,0,2,BELEN,BELEN,missing
La candelaria ,Apartamento,Excelente estado,1 a 8 años,80.0,80.0,2.0,1,3,0,1,LA CANDELARIA,LA CANDELARIA,missing
Santa fe,Apartamento,Usado,1 a 8 años,39.0,39.0,5.0,1,1,2,2,SANTA FE,SANTA FE,missing
El Poblado,Apartamento,Usado,16 a 30 años,78.0,78.0,4.0,2,3,0,5,EL POBLADO,EL POBLADO,missing
Las palmas,Casa,Usado,1 a 8 años,600.0,600.0,6.0,5,4,10,1,LAS PALMAS,LAS PALMAS,1
Robledo,Apartamento,Usado,16 a 30 años,70.0,70.0,4.0,2,2,0,4,ROBLEDO,ROBLEDO,3+
La gloria,Casa,Usado,16 a 30 años,78.0,75.0,4.0,1,3,0,1,LA GLORIA,LA GLORIA,missing
Loma de los bernal,Apartamento,Usado,1 a 8 años,45.0,45.0,4.0,1,2,1,4,LOMA DE LOS BERNAL,LOMA DE LOS BERNAL,missing
Rodeo Alto,Apartamento,Usado,1 a 8 años,52.0,52.0,4.0,2,3,1,4,RODEO ALTO,RODEO ALTO,3+
Belén Rincón,Apartamento,Usado,16 a 30 años,55.0,55.0,4.0,2,2,0,2,BELEN RINCON,BELEN RINCON,2
El Poblado,Apartamento,Usado,1 a 8 años,78.0,78.0,5.0,2,2,1,9,EL POBLADO,EL POBLADO,missing
Rodeo Alto,Apartamento,Usado,1 a 8 años,66.0,66.0,4.0,2,3,1,6,RODEO ALTO,RODEO ALTO,3+
Rodeo Alto,Apartamento,Usado,1 a 8 años,70.0,70.0,3.0,2,3,1,12,RODEO ALTO,RODEO ALTO,3+
Loma del Indio,Apartamento,Usado,1 a 8 años,50.0,50.0,4.0,1,2,1,8,LOMA DEL INDIO,LOMA DEL INDIO,3+
La milagrosa,Apartaestudio,Usado,más de 30 años,45.0,45.0,3.0,1,2,0,1,LA MILAGROSA,LA MILAGROSA,1
San joaquin,Apartamento,Usado,9 a 15 años,80.0,80.0,4.0,3,4,0,2,SAN JOAQUIN,SAN JOAQUIN,missing
Laureles,Apartamento,Buen estado,más de 30 años,204.0,204.0,5.0,3,4,2,1,LAURELES,LAURELES,1
Castropol,Apartamento,Usado,1 a 8 años,80.0,80.0,6.0,2,3,1,11,CASTROPOL,CASTROPOL,3+
Los Balsos,Casa,Usado,9 a 15 años,280.0,280.0,6.0,5,4,2,1,LOS BALSOS,LOS BALSOS,missing
La floresta,Casa,Usado,9 a 15 años,180.0,180.0,5.0,3,3,0,1,LA FLORESTA,LA FLORESTA,1
Los Balsos,Apartamento,Usado,9 a 15 años,140.0,140.0,6.0,3,3,2,5,LOS BALSOS,LOS BALSOS,missing
Laureles,Apartamento,Usado,16 a 30 años,88.0,88.0,6.0,2,3,1,5,LAURELES,LAURELES,3+
El Poblado,Apartamento,Buen estado,16 a 30 años,68.0,68.0,6.0,2,3,1,10,EL POBLADO,EL POBLADO,3+
Laureles,Apartamento,Usado,16 a 30 años,65.0,65.0,5.0,2,3,1,9,LAURELES,LAURELES,missing
Vía Las Palmas,Apartamento,Nuevo,menor a 1 año,78.0,78.0,6.0,2,3,0,5,VIA LAS PALMAS,VIA LAS PALMAS,missing
El Poblado,Apartamento,Usado,1 a 8 años,95.0,95.0,6.0,3,2,2,8,EL POBLADO,EL POBLADO,missing
Calasanz,Apartamento,Usado,16 a 30 años,72.0,72.0,5.0,2,3,1,10,CALASANZ,CALASANZ,missing
El salvador,Apartaestudio,Usado,9 a 15 años,20.0,20.0,3.0,1,1,0,1,EL SALVADOR,EL SALVADOR,missing
Pedregal,Apartamento,Usado,16 a 30 años,6500.0,6500.0,3.0,1,2,0,1,PEDREGAL,OTROS,missing
Las palmas,Apartamento,Usado,1 a 8 años,75.0,75.0,6.0,2,3,1,18,LAS PALMAS,LAS PALMAS,3+
Cristo rey,Apartaestudio,Buen estado,menor a 1 año,50.0,50.0,4.0,2,1,0,2,CRISTO REY,CRISTO REY,2
Buenos aires,Apartamento,Usado,más de 30 años,68.0,68.0,3.0,2,2,0,2,BUENOS AIRES,BUENOS AIRES,2
Prado,Apartaestudio,Usado,1 a 8 años,35.0,35.0,4.0,1,1,0,3,PRADO,PRADO,missing
La milagrosa,Apartamento,Usado,más de 30 años,65.0,65.0,3.0,2,2,0,3,LA MILAGROSA,LA MILAGROSA,3+
El Poblado,Apartamento,Buen estado,16 a 30 años,116.0,116.0,5.0,1,2,2,9,EL POBLADO,EL POBLADO,3+
Calasanz,Apartamento,Usado,16 a 30 años,54.0,54.0,3.0,2,3,1,6,CALASANZ,CALASANZ,missing
Belén,Apartamento,Usado,menor a 1 año,80.0,80.0,5.0,2,3,0,2,BELEN,BELEN,2
Bombona no1,Apartamento,Usado,menor a 1 año,40.0,40.0,4.0,1,2,0,3,BOMBONA NO1,BOMBONA NO1,missing
Patio bonito,Apartamento,Usado,16 a 30 años,220.0,220.0,6.0,4,4,1,2,PATIO BONITO,PATIO BONITO,missing
Laureles,Apartamento,Usado,16 a 30 años,74.0,71.0,5.0,2,2,1,11,LAURELES,LAURELES,missing
Loma del Indio,Apartamento,Usado,1 a 8 años,60.0,60.0,4.0,2,2,1,6,LOMA DEL INDIO,LOMA DEL INDIO,missing
Belén,Casa,Usado,16 a 30 años,220.0,220.0,5.0,3,4,2,1,BELEN,BELEN,missing
San german,Apartamento,Usado,1 a 8 años,102.4,102.4,5.0,2,3,1,5,SAN GERMAN,SAN GERMAN,missing
La candelaria,Apartaestudio,Usado,más de 30 años,37.0,37.0,3.0,1,1,0,14,LA CANDELARIA,LA CANDELARIA,3+
Laureles,Apartamento,Usado,16 a 30 años,85.0,85.0,4.0,2,2,1,6,LAURELES,LAURELES,missing
Provenza,Apartamento,Usado,1 a 8 años,180.0,180.0,5.0,6,3,2,11,PROVENZA,PROVENZA,missing
La castellana,Apartaestudio,Usado,16 a 30 años,60.0,60.0,5.0,1,1,1,1,LA CASTELLANA,LA CASTELLANA,1
Loma del Indio,Apartamento,Usado,1 a 8 años,105.0,105.0,6.0,3,3,2,5,LOMA DEL INDIO,LOMA DEL INDIO,missing
Calasanz,Apartamento,Usado,9 a 15 años,60.0,60.0,3.0,2,2,0,6,CALASANZ,CALASANZ,missing
Laureles,Apartamento,Usado,menor a 1 año,60.0,60.0,5.0,2,2,1,6,LAURELES,LAURELES,missing
Loma De San Julian,Apartamento,Usado,9 a 15 años,95.0,95.0,5.0,2,2,2,11,LOMA DE SAN JULIAN,LOMA DE SAN JULIAN,missing
Belén San Bernardo,Apartamento,Usado,16 a 30 años,90.0,90.0,3.0,2,3,1,4,BELEN SAN BERNARDO,BELEN SAN BERNARDO,missing
Los Balsos,Apartamento,Usado,1 a 8 años,100.0,100.0,5.0,3,2,2,10,LOS BALSOS,LOS BALSOS,missing
Belén,Apartamento,Usado,9 a 15 años,120.0,120.0,4.0,3,3,1,2,BELEN,BELEN,missing
Loma del Indio,Apartamento,Usado,16 a 30 años,150.0,150.0,4.0,2,3,2,4,LOMA DEL INDIO,LOMA DEL INDIO,3+
El Poblado,Apartamento,Buen estado,1 a 8 años,125.0,125.0,6.0,2,2,2,11,EL POBLADO,EL POBLADO,3+
Provenza,Apartamento,Usado,1 a 8 años,100.0,100.0,6.0,2,1,2,4,PROVENZA,PROVENZA,missing
El Poblado,Apartamento,Usado,9 a 15 años,65.0,65.0,6.0,2,1,0,11,EL POBLADO,EL POBLADO,missing
Las granjas,Apartamento,Usado,1 a 8 años,60.0,60.0,3.0,1,3,0,1,LAS GRANJAS,LAS GRANJAS,1
Calasanz parte alta,Apartamento,Usado,1 a 8 años,6000.0,6000.0,4.0,2,2,1,9,CALASANZ PARTE ALTA,CALASANZ PARTE ALTA,missing
San diego,Apartamento,Usado,1 a 8 años,73.0,73.0,6.0,2,2,2,10,SAN DIEGO,SAN DIEGO,missing
Manrique,Apartaestudio,Usado,1 a 8 años,28.0,28.0,3.0,1,1,0,2,MANRIQUE,MANRIQUE,2
Laureles ,Apartamento,Usado,1 a 8 años,112.0,112.0,5.0,4,4,1,4,LAURELES,LAURELES,3+
El tesoro,Apartamento,Usado,9 a 15 años,115.0,115.0,6.0,3,2,2,6,EL TESORO,EL TESORO,3+
El Poblado,Apartamento,Usado,9 a 15 años,70.0,70.0,5.0,2,3,1,4,EL POBLADO,EL POBLADO,3+
Simon bolivar,Apartamento,Nuevo,menor a 1 año,100.0,100.0,5.0,2,3,0,7,SIMON BOLIVAR,SIMON BOLIVAR,missing
Belen La Palma,Apartaestudio,Usado,menor a 1 año,40.0,40.0,5.0,1,1,0,2,BELEN LA PALMA,BELEN LA PALMA,missing
Loma de los Gonzalez,Apartamento,Usado,1 a 8 años,96.0,96.0,6.0,3,3,2,18,LOMA DE LOS GONZALEZ,LOMA DE LOS GONZALEZ,3+
El Poblado,Apartamento,Usado,16 a 30 años,90.0,90.0,6.0,2,2,2,2,EL POBLADO,EL POBLADO,2
Vía Las Palmas,Apartamento,Buen estado,9 a 15 años,76.0,76.0,6.0,2,2,1,2,VIA LAS PALMAS,VIA LAS PALMAS,2
El Poblado,Apartamento,Usado,16 a 30 años,158.0,158.0,5.0,4,3,2,15,EL POBLADO,EL POBLADO,3+
Laureles,Apartamento,Usado,9 a 15 años,90.0,90.0,5.0,2,3,1,4,LAURELES,LAURELES,missing
Laureles,Apartamento,Usado,16 a 30 años,63.0,63.0,5.0,2,2,0,2,LAURELES,LAURELES,2
Belen Las Playas,Casa,Usado,16 a 30 años,90.0,90.0,3.0,2,4,0,2,BELEN LAS PLAYAS,BELEN LAS PLAYAS,2
Las palmas,Apartamento,Usado,1 a 8 años,148.0,148.0,6.0,2,3,1,5,LAS PALMAS,LAS PALMAS,missing
Belén,Apartamento,Usado,16 a 30 años,60.0,60.0,4.0,1,2,0,3,BELEN,BELEN,3+
Campo amor,Apartamento,Usado,16 a 30 años,80.0,80.0,3.0,2,3,0,6,CAMPO AMOR,CAMPO AMOR,missing
El Poblado,Apartamento,Usado,más de 30 años,77.0,77.0,6.0,2,3,0,6,EL POBLADO,EL POBLADO,3+
El Poblado,Apartamento,Usado,16 a 30 años,68.0,68.0,4.0,2,2,1,1,EL POBLADO,EL POBLADO,1
Laureles,Casa,Usado,16 a 30 años,241.0,241.0,4.0,3,3,0,2,LAURELES,LAURELES,2
Calasanz,Apartamento,Usado,1 a 8 años,40.0,40.0,3.0,1,2,0,3,CALASANZ,CALASANZ,missing
San diego,Apartamento,Usado,menor a 1 año,64.0,64.0,5.0,2,3,1,5,SAN DIEGO,SAN DIEGO,missing
El Poblado,Apartamento,Usado,16 a 30 años,65.0,65.0,5.0,2,3,1,6,EL POBLADO,EL POBLADO,3+
El Poblado,Apartamento,Usado,1 a 8 años,92.0,92.0,6.0,2,3,2,10,EL POBLADO,EL POBLADO,3+
Milla de Oro,Apartamento,Usado,1 a 8 años,226.0,226.0,6.0,5,4,3,1,MILLA DE ORO,MILLA DE ORO,missing
La frontera,Apartamento,Usado,9 a 15 años,128.0,128.0,6.0,5,4,2,2,LA FRONTERA,LA FRONTERA,missing
Santa fe,Casa,Usado,9 a 15 años,128.0,128.0,4.0,2,5,0,1,SANTA FE,SANTA FE,missing
San joaquin,Apartamento,Nuevo,menor a 1 año,83.0,83.0,5.0,2,3,0,7,SAN JOAQUIN,SAN JOAQUIN,missing
Guayabal,Apartamento,Usado,1 a 8 años,73.0,73.0,5.0,2,2,1,10,GUAYABAL,GUAYABAL,missing
San diego,Apartamento,Usado,1 a 8 años,60.0,60.0,3.0,2,2,1,21,SAN DIEGO,SAN DIEGO,3+
El Poblado,Apartamento,Usado,16 a 30 años,42.0,42.0,4.0,1,2,1,2,EL POBLADO,EL POBLADO,missing
Florida nueva,Apartamento,Usado,16 a 30 años,37.0,37.0,4.0,2,2,0,1,FLORIDA NUEVA,FLORIDA NUEVA,1
San diego,Apartamento,Usado,1 a 8 años,102.4,102.4,6.0,2,3,1,5,SAN DIEGO,SAN DIEGO,missing
Laureles,Apartaestudio,Usado,16 a 30 años,40.0,40.0,4.0,1,1,0,2,LAURELES,LAURELES,missing
Belén San Bernardo,Apartaestudio,Usado,16 a 30 años,15.0,15.0,3.0,1,1,0,2,BELEN SAN BERNARDO,BELEN SAN BERNARDO,2
Belen La Palma,Casa,Usado,1 a 8 años,300.0,300.0,5.0,3,4,2,1,BELEN LA PALMA,BELEN LA PALMA,missing
El Poblado,Apartamento,Usado,16 a 30 años,100.0,100.0,5.0,2,2,1,8,EL POBLADO,EL POBLADO,missing
El Poblado,Apartamento,Usado,16 a 30 años,47.0,47.0,4.0,1,2,1,2,EL POBLADO,EL POBLADO,missing
Centro,Apartamento,Usado,16 a 30 años,40.0,40.0,4.0,1,2,0,11,CENTRO,CENTRO,3+
Rodeo Alto,Apartamento,Usado,16 a 30 años,55.0,55.0,3.0,2,3,0,7,RODEO ALTO,RODEO ALTO,missing
Robledo,Apartamento,Usado,1 a 8 años,53.0,53.0,3.0,2,3,0,18,ROBLEDO,ROBLEDO,3+
Los Parra,Apartamento,Usado,16 a 30 años,60.0,60.0,4.0,3,2,1,8,LOS PARRA,LOS PARRA,3+
Calasanz,Apartamento,Usado,más de 30 años,56.0,56.0,3.0,2,3,0,12,CALASANZ,CALASANZ,3+
Belen,Casa,Usado,9 a 15 años,65.0,65.0,3.0,1,3,0,1,BELEN,BELEN,missing
Belen La Palma,Apartamento,Usado,menor a 1 año,250.0,250.0,5.0,2,5,0,2,BELEN LA PALMA,BELEN LA PALMA,missing
Buenos aires,Apartaestudio,Usado,más de 30 años,25.0,25.0,4.0,1,1,0,2,BUENOS AIRES,BUENOS AIRES,missing
Los Balsos,Apartaestudio,Usado,1 a 8 años,65.0,65.0,6.0,2,1,1,11,LOS BALSOS,LOS BALSOS,missing
El Poblado,Apartamento,Buen estado,16 a 30 años,114.0,114.0,6.0,3,3,1,5,EL POBLADO,EL POBLADO,3+
Florida nueva,Apartaestudio,Usado,16 a 30 años,50.0,50.0,4.0,2,1,0,2,FLORIDA NUEVA,FLORIDA NUEVA,2
Loreto,Apartamento,Usado,1 a 8 años,40.0,40.0,3.0,1,2,0,3,LORETO,LORETO,missing
Belén Aliadas,Apartamento,Usado,1 a 8 años,48.0,48.0,4.0,2,2,0,4,BELEN ALIADAS,BELEN ALIADAS,3+
Centro,Apartamento,Usado,16 a 30 años,75.0,75.0,3.0,2,2,0,2,CENTRO,CENTRO,missing
Boston,Apartamento,Excelente estado,1 a 8 años,30.0,30.0,3.0,1,1,0,3,BOSTON,BOSTON,missing
El Poblado,Apartamento,Usado,16 a 30 años,73.0,73.0,4.0,2,3,1,4,EL POBLADO,EL POBLADO,missing
Castropol,Apartamento,Usado,16 a 30 años,90.0,90.0,5.0,2,2,1,6,CASTROPOL,CASTROPOL,3+
Prado,Casa,Usado,16 a 30 años,300.0,300.0,4.0,5,12,0,1,PRADO,PRADO,missing
Belén,Apartamento,Usado,1 a 8 años,48.0,48.0,5.0,1,1,1,2,BELEN,BELEN,2
El Poblado,Apartamento,Usado,9 a 15 años,160.0,160.0,6.0,4,4,2,11,EL POBLADO,EL POBLADO,3+
Centro,Apartamento,Nuevo,16 a 30 años,100.0,100.0,4.0,2,4,0,5,CENTRO,CENTRO,3+
Buenos aires,Apartaestudio,Usado,9 a 15 años,2600.0,2600.0,4.0,1,1,0,1,BUENOS AIRES,BUENOS AIRES,1
Loma de los bernal,Apartamento,Usado,9 a 15 años,84.0,84.0,5.0,2,2,1,12,LOMA DE LOS BERNAL,LOMA DE LOS BERNAL,3+
La pilarica,Apartamento,Usado,16 a 30 años,87.0,87.0,4.0,2,2,1,4,LA PILARICA,LA PILARICA,3+
Belén Los Alpes,Apartaestudio,Usado,1 a 8 años,15.0,15.0,3.0,1,1,0,1,BELEN LOS ALPES,BELEN LOS ALPES,1
Santa maria de los angeles,Apartamento,Usado,9 a 15 años,170.0,170.0,6.0,2,3,2,6,SANTA MARIA DE LOS ANGELES,SANTA MARIA DE LOS ANGELES,missing
Belén Rosales,Casa,Usado,16 a 30 años,220.0,220.0,5.0,3,4,1,1,BELEN ROSALES,BELEN ROSALES,1
Belén,Apartamento,Nuevo,menor a 1 año,65.0,65.0,5.0,1,1,0,6,BELEN,BELEN,missing
Bosques de san pablo,Apartaestudio,Usado,1 a 8 años,70.0,70.0,3.0,1,1,0,2,BOSQUES DE SAN PABLO,BOSQUES DE SAN PABLO,missing
El Poblado,Apartamento,Usado,16 a 30 años,127.0,127.0,5.0,3,4,2,3,EL POBLADO,EL POBLADO,missing
El Poblado,Apartamento,Usado,16 a 30 años,60.0,960.0,5.0,2,2,2,9,EL POBLADO,EL POBLADO,missing
El salvador,Apartaestudio,Nuevo,1 a 8 años,15.0,15.0,3.0,1,2,0,1,EL SALVADOR,EL SALVADOR,1
Vía Las Palmas,Apartamento,Buen estado,16 a 30 años,110.0,110.0,4.0,2,3,0,18,VIA LAS PALMAS,VIA LAS PALMAS,3+
Conquistadores,Casa,Usado,16 a 30 años,360.0,360.0,5.0,4,5,4,1,CONQUISTADORES,CONQUISTADORES,1
El Poblado,Apartamento,Usado,16 a 30 años,65.0,65.0,5.0,2,3,1,9,EL POBLADO,EL POBLADO,missing
Buenos aires,Apartamento,Usado,más de 30 años,90.0,90.0,3.0,2,3,0,3,BUENOS AIRES,BUENOS AIRES,3+
Los colores,Apartaestudio,Usado,menor a 1 año,30.0,30.0,5.0,1,1,0,3,LOS COLORES,LOS COLORES,missing
El Poblado,Apartamento,Usado,1 a 8 años,100.0,100.0,6.0,2,1,2,4,EL POBLADO,EL POBLADO,missing
El Poblado,Apartamento,Usado,16 a 30 años,87.6,87.6,5.0,2,2,1,1,EL POBLADO,EL POBLADO,1
Calasanz,Apartamento,Usado,9 a 15 años,75.0,75.0,3.0,1,3,0,8,CALASANZ,CALASANZ,missing
La pilarica,Apartamento,Usado,menor a 1 año,88.0,88.0,5.0,2,3,1,9,LA PILARICA,LA PILARICA,missing
Castropol,Apartamento,Usado,1 a 8 años,173.0,173.0,6.0,3,3,1,4,CASTROPOL,CASTROPOL,missing
Robledo,Apartamento,Usado,16 a 30 años,45.0,45.0,2.0,1,2,0,2,ROBLEDO,ROBLEDO,2
Belén,Apartamento,Usado,9 a 15 años,70.0,70.0,5.0,2,3,1,3,BELEN,BELEN,missing
San diego,Apartamento,Buen estado,9 a 15 años,240.0,240.0,6.0,5,3,3,2,SAN DIEGO,SAN DIEGO,2
Belén,Apartamento,Buen estado,1 a 8 años,90.0,90.0,6.0,2,2,2,8,BELEN,BELEN,3+
El salvador,Apartamento,Usado,más de 30 años,45.0,45.0,3.0,1,2,0,3,EL SALVADOR,EL SALVADOR,3+
Belén Fatima,Casa,Usado,menor a 1 año,191.0,191.0,4.0,4,4,0,1,BELEN FATIMA,BELEN FATIMA,missing
Laureles,Apartamento,Usado,más de 30 años,78.0,78.0,5.0,2,2,1,9,LAURELES,LAURELES,missing
San isidro,Apartamento,Excelente estado,más de 30 años,58.0,58.0,4.0,2,3,1,10,SAN ISIDRO,OTROS,missing
Belen Malibu,Apartamento,Usado,1 a 8 años,93.0,93.0,4.0,2,2,1,1,BELEN MALIBU,BELEN MALIBU,1
El Poblado,Apartamento,Usado,más de 30 años,280.0,280.0,5.0,4,4,0,5,EL POBLADO,EL POBLADO,3+
Vía Las Palmas,Apartamento,Usado,1 a 8 años,70.0,70.0,4.0,2,2,1,10,VIA LAS PALMAS,VIA LAS PALMAS,missing
Belén,Casa,Usado,9 a 15 años,134.0,134.0,5.0,3,4,2,1,BELEN,BELEN,missing
Vía Las Palmas,Apartamento,Usado,9 a 15 años,87.0,87.0,6.0,2,3,1,26,VIA LAS PALMAS,VIA LAS PALMAS,3+
Enciso,Apartaestudio,Usado,16 a 30 años,30.0,30.0,3.0,1,1,0,2,ENCISO,ENCISO,2
Manrique,Casa,Usado,16 a 30 años,130.0,130.0,2.0,2,3,0,3,MANRIQUE,MANRIQUE,3+
La América,Casa,Usado,más de 30 años,150.0,150.0,3.0,5,5,0,1,LA AMERICA,LA AMERICA,1
Buenos aires,Casa,Usado,más de 30 años,55.0,55.0,2.0,1,2,0,1,BUENOS AIRES,BUENOS AIRES,1
Rodeo Alto,Apartamento,Usado,16 a 30 años,60.0,60.0,4.0,2,3,1,13,RODEO ALTO,RODEO ALTO,3+
Laureles,Apartamento,Usado,16 a 30 años,110.0,110.0,5.0,3,3,0,2,LAURELES,LAURELES,2
Belén,Casa,Buen estado,16 a 30 años,120.0,120.0,4.0,3,3,0,1,BELEN,BELEN,1
Laureles,Apartamento,Usado,1 a 8 años,137.0,137.0,5.0,3,3,2,4,LAURELES,LAURELES,missing
El Poblado,Apartaestudio,Usado,1 a 8 años,35.0,35.0,6.0,1,1,0,4,EL POBLADO,EL POBLADO,3+
Laureles,Apartamento,Buen estado,1 a 8 años,65.0,65.0,5.0,2,2,1,6,LAURELES,LAURELES,3+
Calasanz,Apartamento,Usado,menor a 1 año,65.0,65.0,5.0,2,3,1,9,CALASANZ,CALASANZ,missing
Belen Malibu,Apartamento,Usado,1 a 8 años,80.0,80.0,5.0,2,3,0,3,BELEN MALIBU,BELEN MALIBU,3+
Buenos aires,Apartamento,Usado,16 a 30 años,90.0,90.0,4.0,2,3,0,3,BUENOS AIRES,BUENOS AIRES,3+
Belén Aliadas,Apartaestudio,Usado,1 a 8 años,40.0,40.0,4.0,1,1,0,2,BELEN ALIADAS,BELEN ALIADAS,missing
Laureles,Apartamento,Nuevo,menor a 1 año,50.0,50.0,6.0,1,1,0,4,LAURELES,LAURELES,missing
Laureles,Apartamento,Usado,16 a 30 años,78.0,78.0,5.0,2,2,1,4,LAURELES,LAURELES,3+
El Poblado,Apartamento,Usado,9 a 15 años,140.0,140.0,6.0,3,3,2,11,EL POBLADO,EL POBLADO,3+
Las palmas,Apartamento,Usado,9 a 15 años,80.0,80.0,5.0,2,3,0,6,LAS PALMAS,LAS PALMAS,missing
El Poblado,Apartamento,Usado,1 a 8 años,10700.0,10700.0,6.0,3,3,2,2,EL POBLADO,EL POBLADO,missing
Calasanz,Apartamento,Usado,9 a 15 años,58.0,58.0,4.0,2,2,1,7,CALASANZ,CALASANZ,missing
Florida nueva,Casa,Usado,16 a 30 años,150.0,150.0,5.0,3,4,0,1,FLORIDA NUEVA,FLORIDA NUEVA,missing
Bosques de san pablo,Apartamento,Usado,1 a 8 años,30.0,30.0,3.0,1,2,1,1,BOSQUES DE SAN PABLO,BOSQUES DE SAN PABLO,missing
Laureles,Apartamento,Usado,16 a 30 años,80.0,80.0,5.0,2,2,1,6,LAURELES,LAURELES,3+
Loma de los Gonzalez,Apartaestudio,Usado,menor a 1 año,60.0,60.0,6.0,2,1,1,13,LOMA DE LOS GONZALEZ,LOMA DE LOS GONZALEZ,missing
Los Balsos,Apartamento,Nuevo,menor a 1 año,129.0,129.0,6.0,4,3,0,5,LOS BALSOS,LOS BALSOS,missing
El Poblado,Apartamento,Usado,16 a 30 años,64.0,64.0,6.0,2,2,1,6,EL POBLADO,EL POBLADO,3+
San german,Apartamento,Usado,más de 30 años,60.0,60.0,4.0,2,2,0,9,SAN GERMAN,SAN GERMAN,3+
Conquistadores,Apartamento,Usado,16 a 30 años,65.0,60.0,5.0,2,2,1,9,CONQUISTADORES,CONQUISTADORES,missing
El Poblado,Apartamento,Usado,1 a 8 años,134.0,134.0,6.0,3,3,2,3,EL POBLADO,EL POBLADO,missing
El Poblado,Apartamento,Usado,1 a 8 años,72.0,72.0,5.0,3,2,1,6,EL POBLADO,EL POBLADO,3+
San joaquin,Apartamento,Usado,16 a 30 años,27.0,27.0,5.0,1,1,0,1,SAN JOAQUIN,SAN JOAQUIN,missing
Suramericana,Apartamento,Usado,más de 30 años,162.0,162.0,5.0,2,4,1,4,SURAMERICANA,SURAMERICANA,missing
Loma de los bernal,Apartamento,Usado,1 a 8 años,240.0,240.0,4.0,4,4,2,6,LOMA DE LOS BERNAL,LOMA DE LOS BERNAL,3+
Laureles,Apartamento,Usado,16 a 30 años,124.0,124.0,5.0,3,5,2,10,LAURELES,LAURELES,3+
Calasanz,Apartamento,Usado,9 a 15 años,70.0,70.0,3.0,2,3,1,3,CALASANZ,CALASANZ,missing
Centro,Apartamento,Nuevo,16 a 30 años,60.0,60.0,4.0,1,1,0,2,CENTRO,CENTRO,2
Robledo,Apartamento,Usado,más de 30 años,55.0,55.0,4.0,1,3,0,1,ROBLEDO,ROBLEDO,1
El Poblado,Apartamento,Buen estado,9 a 15 años,212.0,212.0,6.0,3,4,2,3,EL POBLADO,EL POBLADO,3+
Laureles,Apartamento,Usado,1 a 8 años,48.0,48.0,4.0,1,2,0,5,LAURELES,LAURELES,3+
Centro,Apartamento,Usado,16 a 30 años,60.0,60.0,3.0,1,2,1,5,CENTRO,CENTRO,3+
Castropol,Apartamento,Usado,1 a 8 años,102.4,102.4,6.0,2,3,2,5,CASTROPOL,CASTROPOL,missing
Loma de los bernal,Apartamento,Usado,1 a 8 años,90.0,90.0,5.0,2,3,1,6,LOMA DE LOS BERNAL,LOMA DE LOS BERNAL,3+
Enciso,Apartamento,Usado,más de 30 años,90.0,90.0,3.0,1,2,0,2,ENCISO,ENCISO,2
Laureles,Apartamento,Usado,16 a 30 años,110.0,110.0,5.0,3,3,1,13,LAURELES,LAURELES,missing
Prado,Apartamento,Usado,16 a 30 años,46.0,46.0,4.0,1,2,0,5,PRADO,PRADO,3+
Altos del poblado,Apartamento,Usado,16 a 30 años,212.0,212.0,6.0,3,3,2,3,ALTOS DEL POBLADO,ALTOS DEL POBLADO,missing
Florida nueva,Apartaestudio,Usado,16 a 30 años,20.0,20.0,4.0,1,1,0,2,FLORIDA NUEVA,FLORIDA NUEVA,2
Laureles,Casa,Usado,16 a 30 años,115.0,115.0,3.0,1,2,0,1,LAURELES,LAURELES,missing
Altos del poblado,Apartamento,Usado,1 a 8 años,130.0,130.0,5.0,2,3,2,5,ALTOS DEL POBLADO,ALTOS DEL POBLADO,missing
El Poblado,Apartamento,Usado,9 a 15 años,140.0,140.0,5.0,2,2,1,9,EL POBLADO,EL POBLADO,missing
Castropol,Apartamento,Usado,16 a 30 años,70.0,70.0,6.0,2,2,1,10,CASTROPOL,CASTROPOL,missing
Belén Altavista,Casa,Usado,1 a 8 años,180.0,180.0,2.0,2,2,1,1,BELEN ALTAVISTA,BELEN ALTAVISTA,missing
Buenos aires,Apartamento,Usado,más de 30 años,55.0,55.0,3.0,1,2,0,1,BUENOS AIRES,BUENOS AIRES,1
Castilla,Casa,Usado,16 a 30 años,105.0,105.0,3.0,2,4,0,1,CASTILLA,CASTILLA,missing
Robledo,Casa,Usado,más de 30 años,65.0,65.0,3.0,1,3,0,2,ROBLEDO,ROBLEDO,2
Las palmas,Apartamento,Usado,16 a 30 años,60.0,60.0,5.0,2,2,1,6,LAS PALMAS,LAS PALMAS,missing
Los Balsos,Apartamento,Usado,16 a 30 años,145.0,145.0,5.0,2,4,2,2,LOS BALSOS,LOS BALSOS,missing
El Poblado,Apartamento,Buen estado,1 a 8 años,204.0,204.0,6.0,3,2,2,2,EL POBLADO,EL POBLADO,2
La gloria,Apartamento,Usado,16 a 30 años,58.0,58.0,3.0,1,2,0,5,LA GLORIA,LA GLORIA,missing
Belén,Apartamento,Usado,16 a 30 años,65.0,65.0,3.0,1,2,0,2,BELEN,BELEN,2
San german,Apartamento,Usado,1 a 8 años,72.0,72.0,4.0,2,3,1,10,SAN GERMAN,SAN GERMAN,missing
Prado,Casa,Usado,16 a 30 años,700.0,700.0,4.0,10,7,0,1,PRADO,PRADO,1
Laureles,Casa,Usado,16 a 30 años,90.0,90.0,6.0,2,4,0,1,LAURELES,LAURELES,1
Loma del Indio,Apartamento,Usado,16 a 30 años,110.0,110.0,5.0,2,3,1,97,LOMA DEL INDIO,LOMA DEL INDIO,3+
Cristo rey,Casa,Buen estado,16 a 30 años,120.0,120.0,4.0,2,3,0,1,CRISTO REY,CRISTO REY,1
La castellana,Casa,Usado,menor a 1 año,198.0,198.0,5.0,3,4,0,1,LA CASTELLANA,LA CASTELLANA,missing
Castropol,Apartamento,Usado,1 a 8 años,74.0,74.0,5.0,2,2,1,5,CASTROPOL,CASTROPOL,3+
Cristo rey,Casa,Usado,16 a 30 años,110.0,110.0,6.0,2,4,1,1,CRISTO REY,CRISTO REY,missing
El Poblado,Casa,Usado,16 a 30 años,120.0,120.0,4.0,4,4,0,1,EL POBLADO,EL POBLADO,missing
El ajizal,Apartamento,Usado,16 a 30 años,54.0,54.0,4.0,2,3,0,6,EL AJIZAL,OTROS,missing
La candelaria,Apartamento,Usado,más de 30 años,24300.0,24300.0,4.0,5,7,2,1,LA CANDELARIA,LA CANDELARIA,missing
Asomadera no2,Apartamento,Usado,1 a 8 años,64.0,64.0,6.0,2,2,1,16,ASOMADERA NO2,ASOMADERA NO2,3+
Belén,Apartamento,Usado,16 a 30 años,74.0,74.0,5.0,2,3,1,11,BELEN,BELEN,missing
San diego,Apartaestudio,Usado,menor a 1 año,68.0,68.0,3.0,2,2,0,7,SAN DIEGO,SAN DIEGO,missing
Comuna 1,Apartamento,Usado,16 a 30 años,102.0,102.0,6.0,2,3,2,5,COMUNA 1,OTROS,missing
El Poblado,Apartamento,Usado,9 a 15 años,170.0,170.0,6.0,4,3,2,7,EL POBLADO,EL POBLADO,missing
San joaquin,Apartamento,Usado,1 a 8 años,97.0,97.0,5.0,2,3,1,5,SAN JOAQUIN,SAN JOAQUIN,missing
Calasanz,Apartamento,Usado,menor a 1 año,58.0,58.0,3.0,2,2,1,7,CALASANZ,CALASANZ,missing
Robledo,Apartamento,Usado,más de 30 años,45.0,45.0,2.0,1,2,0,2,ROBLEDO,ROBLEDO,2
La castellana,Apartaestudio,Usado,9 a 15 años,45.0,45.0,4.0,1,1,1,2,LA CASTELLANA,LA CASTELLANA,missing
Rodeo Alto,Apartamento,Usado,9 a 15 años,60.0,60.0,4.0,2,2,0,6,RODEO ALTO,RODEO ALTO,missing
Calasanz,Apartamento,Usado,9 a 15 años,72.0,72.0,4.0,2,2,1,9,CALASANZ,CALASANZ,missing
Santa maria de los angeles,Apartamento,Usado,16 a 30 años,200.0,200.0,6.0,4,3,3,6,SANTA MARIA DE LOS ANGELES,SANTA MARIA DE LOS ANGELES,3+
Santa fe,Apartamento,Usado,1 a 8 años,165.0,165.0,4.0,3,4,0,3,SANTA FE,SANTA FE,3+
La candelaria,Apartamento,Usado,menor a 1 año,5000.0,5000.0,3.0,2,1,0,6,LA CANDELARIA,LA CANDELARIA,missing
El Poblado,Apartamento,Buen estado,9 a 15 años,126.0,126.0,6.0,3,3,2,18,EL POBLADO,EL POBLADO,3+
Belén San Bernardo,Apartamento,Usado,16 a 30 años,68.0,68.0,3.0,2,3,0,3,BELEN SAN BERNARDO,BELEN SAN BERNARDO,3+
Belén Los Alpes,Apartamento,Usado,1 a 8 años,75.0,75.0,4.0,2,3,0,7,BELEN LOS ALPES,BELEN LOS ALPES,missing
Belén,Casa,Usado,16 a 30 años,157.0,157.0,4.0,3,3,0,1,BELEN,BELEN,missing
Campo valdes no1,Apartamento,Usado,16 a 30 años,25.0,25.0,3.0,1,2,0,2,CAMPO VALDES NO1,CAMPO VALDES NO1,2
Campo amor,Apartamento,Usado,1 a 8 años,68.0,68.0,3.0,1,2,0,3,CAMPO AMOR,CAMPO AMOR,3+
Belen La Palma,Apartamento,Usado,1 a 8 años,140.0,140.0,5.0,3,3,1,1,BELEN LA PALMA,BELEN LA PALMA,1
La america,Apartamento,Usado,más de 30 años,115.0,115.0,3.0,3,3,0,4,LA AMERICA,LA AMERICA,3+
Laureles,Apartamento,Usado,16 a 30 años,70.0,70.0,3.0,1,2,0,2,LAURELES,LAURELES,2
Belén,Apartamento,Usado,16 a 30 años,60.0,60.0,4.0,2,2,0,2,BELEN,BELEN,2
El Poblado,Casa,Usado,16 a 30 años,500.0,500.0,6.0,4,5,1,1,EL POBLADO,EL POBLADO,missing
El Poblado,Apartamento,Usado,más de 30 años,72.0,72.0,5.0,2,3,0,1,EL POBLADO,EL POBLADO,1
Loma de los bernal,Apartamento,Nuevo,menor a 1 año,90.0,90.0,3.0,2,2,0,8,LOMA DE LOS BERNAL,LOMA DE LOS BERNAL,missing
El chagualo,Apartamento,Usado,1 a 8 años,45.0,45.0,3.0,1,2,0,4,EL CHAGUALO,EL CHAGUALO,missing
El Poblado,Apartamento,Usado,16 a 30 años,130.0,130.0,6.0,2,3,2,1,EL POBLADO,EL POBLADO,1
Ciudad del Río,Apartamento,Usado,1 a 8 años,94.0,94.0,6.0,2,2,1,9,CIUDAD DEL RIO,CIUDAD DEL RIO,missing
Prado,Apartamento,Usado,16 a 30 años,96.0,96.0,4.0,2,2,0,4,PRADO,PRADO,3+
San cristobal,Apartamento,Usado,menor a 1 año,56.0,56.0,3.0,1,3,0,6,SAN CRISTOBAL,SAN CRISTOBAL,missing
Belén San Bernardo,Casa,Usado,16 a 30 años,79.0,79.0,3.0,2,2,0,2,BELEN SAN BERNARDO,BELEN SAN BERNARDO,2
Belén,Apartamento,Excelente estado,16 a 30 años,40.0,40.0,2.0,1,2,0,3,BELEN,BELEN,missing
La Calera,Casa,Usado,16 a 30 años,1520.0,1520.0,6.0,7,6,4,1,LA CALERA,LA CALERA,1
San joaquin,Apartamento,Usado,1 a 8 años,90.0,90.0,5.0,2,3,0,2,SAN JOAQUIN,SAN JOAQUIN,2
Calasanz,Apartamento,Usado,9 a 15 años,65.0,65.0,4.0,2,3,0,9,CALASANZ,CALASANZ,missing
Castropol,Apartamento,Usado,menor a 1 año,87.0,87.0,6.0,3,2,2,14,CASTROPOL,CASTROPOL,3+
San cristobal,Casa,Usado,16 a 30 años,253.4,253.4,3.0,9,10,2,2,SAN CRISTOBAL,SAN CRISTOBAL,2
Florida nueva,Apartamento,Usado,16 a 30 años,75.0,75.0,4.0,2,3,1,1,FLORIDA NUEVA,FLORIDA NUEVA,1
El Poblado,Apartamento,Usado,1 a 8 años,63.0,63.0,6.0,2,3,1,12,EL POBLADO,EL POBLADO,missing
Cataluña,Apartamento,Excelente estado,1 a 8 años,75.0,75.0,5.0,2,2,1,2,CATALUNA,CATALUNA,missing
El Poblado,Apartamento,Usado,más de 30 años,258.0,258.0,6.0,4,3,2,4,EL POBLADO,EL POBLADO,missing
Loma de los bernal,Apartamento,Nuevo,menor a 1 año,98.0,98.0,4.0,2,3,1,5,LOMA DE LOS BERNAL,LOMA DE LOS BERNAL,missing
Las palmas,Apartamento,Usado,1 a 8 años,134.0,134.0,6.0,3,3,2,3,LAS PALMAS,LAS PALMAS,missing
La castellana,Apartamento,Usado,16 a 30 años,80.0,80.0,5.0,2,3,1,6,LA CASTELLANA,LA CASTELLANA,missing
Calasanz,Apartamento,Usado,menor a 1 año,58.0,58.0,4.0,2,2,1,7,CALASANZ,CALASANZ,missing
Castropol,Apartamento,Usado,más de 30 años,125.0,125.0,6.0,3,3,2,2,CASTROPOL,CASTROPOL,missing
El Campestre,Apartamento,Usado,9 a 15 años,110.0,110.0,6.0,2,3,2,8,EL CAMPESTRE,EL CAMPESTRE,3+
Laureles,Apartamento,Usado,1 a 8 años,78.0,78.0,4.0,2,2,1,9,LAURELES,LAURELES,missing
Laureles,Apartamento,Buen estado,9 a 15 años,86.0,86.0,5.0,2,2,1,5,LAURELES,LAURELES,3+
Florencia,Apartamento,Usado,1 a 8 años,75.0,75.0,3.0,1,2,0,3,FLORENCIA,OTROS,missing
Centro,Apartaestudio,Usado,1 a 8 años,25.0,25.0,4.0,2,1,0,1,CENTRO,CENTRO,missing
Santa fe,Apartamento,Usado,1 a 8 años,83.0,83.0,5.0,2,3,1,7,SANTA FE,SANTA FE,missing
San javier,Apartaestudio,Usado,más de 30 años,30.0,30.0,2.0,1,1,0,1,SAN JAVIER,SAN JAVIER,1
El velodromo,Apartamento,Usado,1 a 8 años,70.0,70.0,5.0,2,2,0,10,EL VELODROMO,EL VELODROMO,missing
Belén Miravalle,Apartamento,Usado,1 a 8 años,80.0,80.0,4.0,2,4,1,2,BELEN MIRAVALLE,BELEN MIRAVALLE,2
El Poblado,Apartamento,Buen estado,16 a 30 años,122.0,122.0,6.0,2,2,2,5,EL POBLADO,EL POBLADO,3+
Ciudad del Río,Apartamento,Usado,menor a 1 año,74.0,74.0,5.0,2,3,1,11,CIUDAD DEL RIO,CIUDAD DEL RIO,missing
San diego,Apartamento,Usado,1 a 8 años,102.4,102.4,6.0,2,3,1,5,SAN DIEGO,SAN DIEGO,missing
Laureles,Apartamento,Usado,16 a 30 años,100.0,100.0,5.0,3,4,2,5,LAURELES,LAURELES,missing
Laureles Nogal,Casa,Usado,1 a 8 años,180.0,180.0,5.0,4,4,0,1,LAURELES NOGAL,LAURELES NOGAL,1
Laureles,Apartamento,Buen estado,16 a 30 años,80.0,80.0,4.0,2,3,1,1,LAURELES,LAURELES,1
Belén Fatima,Casa,Usado,menor a 1 año,75.0,75.0,4.0,2,2,0,1,BELEN FATIMA,BELEN FATIMA,missing
Laureles,Apartamento,Usado,9 a 15 años,105.0,105.0,4.0,4,3,1,10,LAURELES,LAURELES,3+
Las palmas,Apartamento,Usado,9 a 15 años,70.0,70.0,6.0,2,3,1,18,LAS PALMAS,LAS PALMAS,3+
Centro,Apartaestudio,Usado,16 a 30 años,29.0,29.0,4.0,1,1,0,5,CENTRO,CENTRO,3+
San javier,Apartamento,Usado,1 a 8 años,51.0,51.0,3.0,2,3,0,16,SAN JAVIER,SAN JAVIER,3+
San Lucas,Casa,Usado,16 a 30 años,800.0,800.0,5.0,5,4,11,1,SAN LUCAS,SAN LUCAS,missing
Calasanz,Apartamento,Usado,9 a 15 años,65.0,65.0,4.0,2,3,1,9,CALASANZ,CALASANZ,missing
Santa Mónica,Casa,Usado,16 a 30 años,90.0,90.0,4.0,2,4,0,1,SANTA MONICA,SANTA MONICA,1
Aranjuez,Casa,Usado,más de 30 años,60.0,60.0,3.0,1,3,0,1,ARANJUEZ,ARANJUEZ,missing
Laureles,Apartamento,Usado,1 a 8 años,65.0,65.0,5.0,1,1,0,6,LAURELES,LAURELES,missing
Santa fe,Apartaestudio,Usado,más de 30 años,16.0,16.0,3.0,1,1,0,1,SANTA FE,SANTA FE,1
San diego,Apartamento,Buen estado,9 a 15 años,100.0,100.0,6.0,2,3,2,18,SAN DIEGO,SAN DIEGO,3+
San diego,Apartamento,Usado,1 a 8 años,93.0,93.0,6.0,3,4,1,3,SAN DIEGO,SAN DIEGO,3+
El Poblado,Apartamento,Buen estado,16 a 30 años,118.0,118.0,6.0,3,2,2,10,EL POBLADO,EL POBLADO,3+
Laureles,Apartamento,Usado,9 a 15 años,120.0,120.0,5.0,3,3,2,2,LAURELES,LAURELES,missing
Calasanz,Apartamento,Usado,más de 30 años,77.0,77.0,4.0,2,3,0,6,CALASANZ,CALASANZ,3+
El Poblado,Apartamento,Usado,9 a 15 años,6100.0,6100.0,4.0,2,2,1,11,EL POBLADO,EL POBLADO,missing
Las palmas,Apartamento,Usado,1 a 8 años,98.0,98.0,6.0,2,3,2,5,LAS PALMAS,LAS PALMAS,missing
Calasanz,Apartaestudio,Usado,menor a 1 año,25.0,25.0,4.0,1,1,0,5,CALASANZ,CALASANZ,3+
El Poblado,Apartamento,Buen estado,16 a 30 años,60.0,60.0,6.0,2,2,1,11,EL POBLADO,EL POBLADO,3+
Los colores,Apartamento,Usado,9 a 15 años,50.0,50.0,5.0,1,2,0,1,LOS COLORES,LOS COLORES,1
Laureles,Casa,Usado,16 a 30 años,110.0,110.0,5.0,3,3,0,2,LAURELES,LAURELES,2
Loma de los Gonzalez,Apartamento,Usado,1 a 8 años,265.0,265.0,6.0,4,4,2,1,LOMA DE LOS GONZALEZ,LOMA DE LOS GONZALEZ,missing
Calasanz,Apartamento,Usado,menor a 1 año,77.0,77.0,3.0,2,3,1,5,CALASANZ,CALASANZ,missing
El Poblado,Apartamento,Usado,16 a 30 años,30.0,30.0,4.0,1,1,1,3,EL POBLADO,EL POBLADO,missing
Laureles,Apartamento,Usado,1 a 8 años,150.0,150.0,6.0,4,4,2,5,LAURELES,LAURELES,missing
Florida nueva,Apartamento,Usado,16 a 30 años,82.0,82.0,4.0,2,2,0,2,FLORIDA NUEVA,FLORIDA NUEVA,2
El Poblado,Apartamento,Usado,1 a 8 años,115.0,115.0,6.0,2,2,2,15,EL POBLADO,EL POBLADO,3+
Centro,Apartaestudio,Nuevo,16 a 30 años,38.0,38.0,4.0,1,1,0,5,CENTRO,CENTRO,3+
Calasanz,Apartamento,Usado,1 a 8 años,72.0,72.0,4.0,2,2,1,9,CALASANZ,CALASANZ,missing
Laureles,Apartamento,Usado,16 a 30 años,50.0,50.0,5.0,1,2,0,4,LAURELES,LAURELES,missing
Miravalle,Casa,Usado,16 a 30 años,120.0,120.0,4.0,3,4,1,2,MIRAVALLE,OTROS,2
Laureles,Apartamento,Usado,16 a 30 años,80.0,80.0,5.0,2,3,1,3,LAURELES,LAURELES,3+
La frontera,Apartamento,Usado,9 a 15 años,60.0,60.0,6.0,2,2,1,6,LA FRONTERA,LA FRONTERA,missing
El Poblado,Casa,Usado,más de 30 años,78.0,78.0,4.0,3,3,1,1,EL POBLADO,EL POBLADO,missing
Pajarito,Apartamento,Usado,1 a 8 años,50.0,50.0,3.0,1,3,0,1,PAJARITO,PAJARITO,1
Las palmas,Apartamento,Usado,9 a 15 años,74.0,74.0,4.0,2,2,1,9,LAS PALMAS,LAS PALMAS,missing
Laureles,Apartaestudio,Usado,más de 30 años,40.0,40.0,5.0,2,1,1,1,LAURELES,LAURELES,missing
El Poblado,Apartamento,Buen estado,9 a 15 años,220.0,220.0,6.0,3,3,2,18,EL POBLADO,EL POBLADO,3+
Laureles,Apartamento,Usado,9 a 15 años,54.0,54.0,4.0,2,2,1,8,LAURELES,LAURELES,3+
Belén Las mercedes,Casa,Usado,16 a 30 años,105.0,105.0,3.0,1,3,0,1,BELEN LAS MERCEDES,BELEN LAS MERCEDES,1
Simesa,Apartamento,Usado,menor a 1 año,52.0,52.0,6.0,2,1,1,7,SIMESA,SIMESA,missing
Belén,Apartamento,Usado,16 a 30 años,70.0,70.0,3.0,2,3,1,3,BELEN,BELEN,missing
El Poblado,Apartamento,Usado,9 a 15 años,107.0,107.0,6.0,2,4,2,6,EL POBLADO,EL POBLADO,3+
El Poblado,Apartamento,Usado,16 a 30 años,230.0,230.0,6.0,4,4,2,1,EL POBLADO,EL POBLADO,missing
Belén,Casa,Usado,menor a 1 año,120.0,120.0,3.0,2,3,0,1,BELEN,BELEN,missing
Centro,Apartamento,Usado,16 a 30 años,35.0,35.0,3.0,1,2,0,17,CENTRO,CENTRO,3+
La linde,Apartamento,Usado,1 a 8 años,165.0,165.0,6.0,4,4,2,3,LA LINDE,LA LINDE,3+
Laureles ,Apartamento,Usado,1 a 8 años,107.0,107.0,4.0,4,3,1,5,LAURELES,LAURELES,3+
Belén,Apartamento,Usado,16 a 30 años,75.0,75.0,5.0,2,3,1,7,BELEN,BELEN,missing
Simon bolivar,Apartamento,Usado,16 a 30 años,100.0,100.0,4.0,2,3,1,6,SIMON BOLIVAR,SIMON BOLIVAR,3+
El Poblado,Apartamento,Usado,16 a 30 años,62.0,62.0,4.0,2,2,1,5,EL POBLADO,EL POBLADO,missing
Las palmas,Apartamento,Usado,menor a 1 año,70.0,70.0,6.0,2,3,1,3,LAS PALMAS,LAS PALMAS,missing
Aranjuez,Apartamento,Usado,9 a 15 años,48.0,48.0,3.0,1,1,0,1,ARANJUEZ,ARANJUEZ,1
Belén Fatima,Apartamento,Usado,1 a 8 años,110.0,110.0,5.0,2,3,1,24,BELEN FATIMA,BELEN FATIMA,missing
El Poblado,Casa,Usado,más de 30 años,214.0,214.0,6.0,3,4,2,1,EL POBLADO,EL POBLADO,missing
Prado,Apartamento,Usado,1 a 8 años,80.0,80.0,3.0,2,2,0,2,PRADO,PRADO,missing
Laureles,Apartamento,Usado,16 a 30 años,70.0,70.0,5.0,2,2,0,10,LAURELES,LAURELES,missing
Las palmas,Apartamento,Usado,1 a 8 años,170.0,170.0,6.0,5,3,2,5,LAS PALMAS,LAS PALMAS,missing
San joaquin,Apartamento,Usado,1 a 8 años,85.0,85.0,5.0,2,3,0,2,SAN JOAQUIN,SAN JOAQUIN,2
El Poblado,Apartamento,Usado,menor a 1 año,152.0,152.0,6.0,5,4,0,1,EL POBLADO,EL POBLADO,missing
Niquia,Apartamento,Usado,9 a 15 años,62.0,62.0,6.0,2,2,0,1,NIQUIA,OTROS,1
El Poblado,Apartamento,Usado,16 a 30 años,110.0,110.0,6.0,3,3,1,18,EL POBLADO,EL POBLADO,3+
El velodromo,Apartaestudio,Usado,1 a 8 años,35.0,35.0,4.0,1,1,0,2,EL VELODROMO,EL VELODROMO,2
Laureles,Apartamento,Usado,16 a 30 años,148.0,148.0,5.0,2,3,0,5,LAURELES,LAURELES,missing
Belén,Apartamento,Usado,16 a 30 años,80.0,80.0,2.0,2,3,1,2,BELEN,BELEN,2
Laureles,Apartamento,Usado,menor a 1 año,297.0,297.0,5.0,5,5,1,1,LAURELES,LAURELES,missing
El Poblado,Apartamento,Buen estado,1 a 8 años,104.0,104.0,6.0,3,2,2,12,EL POBLADO,EL POBLADO,3+
Suramericana,Casa,Usado,1 a 8 años,160.0,160.0,6.0,3,4,0,1,SURAMERICANA,SURAMERICANA,missing
Loma De San Julian,Apartamento,Usado,16 a 30 años,72.0,72.0,5.0,2,3,1,10,LOMA DE SAN JULIAN,LOMA DE SAN JULIAN,missing
El Poblado,Apartamento,Usado,16 a 30 años,69.0,69.0,4.0,2,3,1,9,EL POBLADO,EL POBLADO,missing
Prado,Casa,Usado,16 a 30 años,160.0,160.0,2.0,3,5,0,1,PRADO,PRADO,missing
El Poblado,Apartamento,Usado,16 a 30 años,5800.0,5800.0,5.0,2,3,1,5,EL POBLADO,EL POBLADO,missing
Belén,Apartamento,Usado,16 a 30 años,50.0,50.0,3.0,1,3,0,4,BELEN,BELEN,3+
El Poblado,Apartamento,Usado,1 a 8 años,78.0,78.0,5.0,2,2,1,18,EL POBLADO,EL POBLADO,3+
La candelaria ,Apartaestudio,Usado,1 a 8 años,50.0,50.0,5.0,2,1,1,3,LA CANDELARIA,LA CANDELARIA,missing
La milagrosa,Apartamento,Usado,9 a 15 años,55.0,55.0,2.0,1,3,0,6,LA MILAGROSA,LA MILAGROSA,missing
Laureles,Apartamento,Usado,9 a 15 años,110.0,110.0,5.0,3,3,1,13,LAURELES,LAURELES,missing
Loma del Indio,Apartamento,Usado,9 a 15 años,87.0,87.0,5.0,2,3,1,10,LOMA DEL INDIO,LOMA DEL INDIO,missing
Calasanz,Apartamento,Usado,1 a 8 años,102.4,102.4,5.0,2,3,1,5,CALASANZ,CALASANZ,missing
Laureles,Casa,Nuevo,menor a 1 año,450.0,450.0,5.0,2,3,0,1,LAURELES,LAURELES,missing
Robledo ,Apartamento,Usado,1 a 8 años,110.0,110.0,5.0,2,3,1,5,ROBLEDO,ROBLEDO,3+
Castropol,Apartamento,Usado,9 a 15 años,84.0,84.0,6.0,3,2,2,6,CASTROPOL,CASTROPOL,missing
La america,Apartamento,Usado,1 a 8 años,150.0,150.0,4.0,3,4,1,5,LA AMERICA,LA AMERICA,missing
Boston,Apartaestudio,Usado,1 a 8 años,25.0,25.0,4.0,2,1,0,1,BOSTON,BOSTON,missing
La america,Casa,Usado,1 a 8 años,200.0,200.0,4.0,2,5,0,1,LA AMERICA,LA AMERICA,missing
Ciudad del Río,Apartamento,Usado,1 a 8 años,94.0,94.0,6.0,3,2,1,3,CIUDAD DEL RIO,CIUDAD DEL RIO,missing
Los colores,Apartamento,Usado,más de 30 años,70.0,70.0,4.0,2,2,0,18,LOS COLORES,LOS COLORES,3+
El Poblado,Apartamento,Usado,más de 30 años,60.0,60.0,4.0,2,3,0,1,EL POBLADO,EL POBLADO,1
Suramericana,Apartamento,Usado,menor a 1 año,35.0,35.0,5.0,1,1,0,1,SURAMERICANA,SURAMERICANA,1
Vía Las Palmas,Apartamento,Excelente estado,1 a 8 años,92.0,92.0,6.0,2,3,2,6,VIA LAS PALMAS,VIA LAS PALMAS,missing
Laureles,Apartamento,Usado,9 a 15 años,440.0,440.0,5.0,5,5,2,10,LAURELES,LAURELES,3+
Las palmas,Apartamento,Usado,1 a 8 años,73.0,73.0,5.0,2,2,1,10,LAS PALMAS,LAS PALMAS,missing
La america,Casa,Usado,16 a 30 años,220.0,220.0,5.0,2,5,0,1,LA AMERICA,LA AMERICA,missing
Loma de los bernal,Apartaestudio,Usado,1 a 8 años,40.0,40.0,5.0,1,1,0,4,LOMA DE LOS BERNAL,LOMA DE LOS BERNAL,3+
Villa hermosa,Apartaestudio,Usado,menor a 1 año,20.0,20.0,4.0,1,1,0,2,VILLA HERMOSA,VILLA HERMOSA,missing
Calasanz,Apartamento,Usado,1 a 8 años,160.0,160.0,5.0,3,4,0,3,CALASANZ,CALASANZ,3+
La Calera,Casa,Usado,más de 30 años,360.0,360.0,6.0,5,4,4,2,LA CALERA,LA CALERA,2
Laureles,Apartamento,Usado,16 a 30 años,105.0,105.0,5.0,2,3,2,7,LAURELES,LAURELES,missing
Laureles,Apartamento,Usado,16 a 30 años,88.0,88.0,5.0,2,3,1,9,LAURELES,LAURELES,missing
Calasanz,Apartamento,Usado,1 a 8 años,62.0,62.0,4.0,2,2,1,5,CALASANZ,CALASANZ,missing
San cristobal,Apartamento,Usado,menor a 1 año,43.0,43.0,2.0,1,2,0,5,SAN CRISTOBAL,SAN CRISTOBAL,missing
Las lomas no1,Apartamento,Usado,16 a 30 años,145.0,145.0,5.0,2,3,2,3,LAS LOMAS NO1,OTROS,3+
Santa maria de los angeles,Apartamento,Usado,16 a 30 años,140.0,140.0,6.0,4,3,2,10,SANTA MARIA DE LOS ANGELES,SANTA MARIA DE LOS ANGELES,3+
El Poblado,Apartamento,Usado,16 a 30 años,68.0,68.0,5.0,1,2,1,2,EL POBLADO,EL POBLADO,2
El Poblado,Casa,Usado,16 a 30 años,500.0,500.0,6.0,5,4,2,2,EL POBLADO,EL POBLADO,2
Guayabal,Apartamento,Usado,1 a 8 años,70.0,70.0,5.0,2,2,1,14,GUAYABAL,GUAYABAL,3+
Perpetuo socorro,Apartamento,Buen estado,16 a 30 años,200.0,200.0,3.0,1,2,0,1,PERPETUO SOCORRO,PERPETUO SOCORRO,1
El Poblado,Apartamento,Usado,1 a 8 años,90.0,90.0,5.0,2,3,1,4,EL POBLADO,EL POBLADO,missing
El Poblado,Apartamento,Buen estado,16 a 30 años,97.0,97.0,6.0,3,2,2,5,EL POBLADO,EL POBLADO,3+
Robledo,Casa,Usado,1 a 8 años,80.0,80.0,2.0,1,3,0,3,ROBLEDO,ROBLEDO,3+
Manrique Central,Apartaestudio,Usado,1 a 8 años,38.0,38.0,3.0,1,1,0,2,MANRIQUE CENTRAL,MANRIQUE CENTRAL,missing
Laureles,Apartamento,Usado,16 a 30 años,101.0,101.0,5.0,3,4,1,1,LAURELES,LAURELES,missing
Los Balsos,Apartamento,Usado,1 a 8 años,160.0,160.0,6.0,3,4,2,1,LOS BALSOS,LOS BALSOS,1
Las palmas,Apartamento,Usado,1 a 8 años,104.8,104.8,6.0,3,2,2,10,LAS PALMAS,LAS PALMAS,missing
El Poblado,Apartamento,Usado,9 a 15 años,90.0,90.0,6.0,2,3,0,18,EL POBLADO,EL POBLADO,3+
Santa maria no 3,Apartamento,Usado,16 a 30 años,60.0,60.0,3.0,2,3,0,10,SANTA MARIA NO 3,OTROS,missing
Robledo,Apartamento,Usado,más de 30 años,45.0,45.0,2.0,1,2,0,1,ROBLEDO,ROBLEDO,1
El velodromo,Apartaestudio,Usado,1 a 8 años,60.0,60.0,4.0,2,3,0,12,EL VELODROMO,EL VELODROMO,3+
La América,Casa,Usado,16 a 30 años,196.0,196.0,4.0,3,5,1,1,LA AMERICA,LA AMERICA,1
Prado,Apartamento,Usado,16 a 30 años,112.0,112.0,4.0,3,4,0,3,PRADO,PRADO,3+
La gloria,Apartamento,Usado,16 a 30 años,105.0,105.0,4.0,2,3,0,3,LA GLORIA,LA GLORIA,3+
Buenos aires,Apartaestudio,Usado,1 a 8 años,32.0,32.0,4.0,1,1,0,3,BUENOS AIRES,BUENOS AIRES,missing
Belén,Apartamento,Usado,9 a 15 años,100.0,100.0,5.0,2,3,1,9,BELEN,BELEN,3+
La milagrosa,Apartamento,Usado,1 a 8 años,50.0,50.0,3.0,1,2,0,4,LA MILAGROSA,LA MILAGROSA,missing
Ciudad del Río,Apartamento,Usado,1 a 8 años,50.0,50.0,4.0,2,2,1,8,CIUDAD DEL RIO,CIUDAD DEL RIO,missing
Belén,Apartaestudio,Usado,más de 30 años,67.0,67.0,3.0,1,1,0,1,BELEN,BELEN,1
Los Balsos,Apartamento,Usado,1 a 8 años,272.0,272.0,6.0,4,4,3,1,LOS BALSOS,LOS BALSOS,missing
Belén,Apartamento,Buen estado,9 a 15 años,72.0,72.0,5.0,2,2,0,4,BELEN,BELEN,3+
El Poblado,Apartamento,Usado,16 a 30 años,10300.0,10300.0,6.0,3,3,1,2,EL POBLADO,EL POBLADO,missing
La candelaria,Apartaestudio,Usado,más de 30 años,40.0,40.0,4.0,2,2,0,4,LA CANDELARIA,LA CANDELARIA,3+
El Poblado,Casa,Buen estado,más de 30 años,330.0,330.0,6.0,2,3,2,2,EL POBLADO,EL POBLADO,2
Las palmas,Apartamento,Usado,1 a 8 años,102.4,102.4,6.0,2,3,2,5,LAS PALMAS,LAS PALMAS,missing
Belén,Apartamento,Usado,16 a 30 años,130.0,130.0,4.0,2,3,0,5,BELEN,BELEN,missing
Los colores,Apartamento,Usado,1 a 8 años,130.0,130.0,4.0,2,3,1,5,LOS COLORES,LOS COLORES,missing
Buenos aires,Apartamento,Usado,más de 30 años,45.0,45.0,3.0,1,1,0,1,BUENOS AIRES,BUENOS AIRES,1
El Poblado,Apartamento,Usado,1 a 8 años,7800.0,7800.0,5.0,2,3,1,5,EL POBLADO,EL POBLADO,missing
El Poblado,Apartamento,Usado,1 a 8 años,9400.0,9400.0,6.0,2,3,2,5,EL POBLADO,EL POBLADO,missing
La pilarica,Apartamento,Usado,1 a 8 años,70.0,70.0,4.0,2,2,0,2,LA PILARICA,LA PILARICA,2
Cementerio universal,Apartamento,Usado,16 a 30 años,60.0,60.0,2.0,1,3,0,3,CEMENTERIO UNIVERSAL,OTROS,3+
El Poblado,Apartamento,Usado,16 a 30 años,78.0,78.0,5.0,2,2,1,5,EL POBLADO,EL POBLADO,3+
Belén,Casa,Usado,menor a 1 año,280.0,280.0,3.0,5,4,1,1,BELEN,BELEN,missing
Castilla,Apartaestudio,Usado,1 a 8 años,5000.0,5000.0,3.0,1,1,0,1,CASTILLA,CASTILLA,missing
Santa Mónica,Apartamento,Usado,16 a 30 años,75.0,75.0,4.0,2,3,1,3,SANTA MONICA,SANTA MONICA,3+
Laureles,Apartamento,Usado,16 a 30 años,80.0,80.0,5.0,2,3,1,3,LAURELES,LAURELES,3+
Loma del Indio,Apartamento,Usado,16 a 30 años,65.0,65.0,4.0,2,2,1,6,LOMA DEL INDIO,LOMA DEL INDIO,3+
Calasanz,Casa,Usado,16 a 30 años,90.0,90.0,4.0,3,7,0,1,CALASANZ,CALASANZ,missing
Calasanz,Apartamento,Usado,9 a 15 años,60.0,60.0,3.0,2,3,1,10,CALASANZ,CALASANZ,missing
Boston,Casa,Usado,16 a 30 años,100.0,100.0,4.0,3,5,0,1,BOSTON,BOSTON,1
Vía Las Palmas,Apartamento,Usado,9 a 15 años,58.0,58.0,4.0,2,4,0,10,VIA LAS PALMAS,VIA LAS PALMAS,missing
Laureles,Apartamento,Usado,16 a 30 años,95.0,95.0,4.0,2,3,1,11,LAURELES,LAURELES,3+
San diego,Apartamento,Usado,1 a 8 años,75.0,75.0,6.0,2,3,1,8,SAN DIEGO,SAN DIEGO,3+
Belén,Casa,Usado,16 a 30 años,70.0,70.0,3.0,3,3,0,2,BELEN,BELEN,2
Belen La Palma,Apartamento,Usado,menor a 1 año,110.0,110.0,4.0,3,4,1,1,BELEN LA PALMA,BELEN LA PALMA,missing
El Poblado,Apartamento,Usado,1 a 8 años,78.0,78.0,5.0,2,3,0,5,EL POBLADO,EL POBLADO,missing
Loma del Indio,Apartamento,Usado,1 a 8 años,73.0,73.0,5.0,2,2,1,10,LOMA DEL INDIO,LOMA DEL INDIO,missing
El Poblado,Casa,Usado,16 a 30 años,360.0,360.0,6.0,5,7,7,1,EL POBLADO,EL POBLADO,missing
Conquistadores,Apartamento,Usado,1 a 8 años,107.0,107.0,5.0,2,3,1,3,CONQUISTADORES,CONQUISTADORES,missing
Blanquizal,Apartamento,Usado,menor a 1 año,60.0,60.0,4.0,2,3,1,10,BLANQUIZAL,OTROS,missing
Laureles,Apartamento,Usado,16 a 30 años,60.0,60.0,3.0,2,3,0,10,LAURELES,LAURELES,missing
Belen La Palma,Casa,Usado,1 a 8 años,140.0,140.0,4.0,3,3,1,1,BELEN LA PALMA,BELEN LA PALMA,missing
El Poblado,Apartamento,Usado,9 a 15 años,127.0,127.0,6.0,3,2,2,8,EL POBLADO,EL POBLADO,missing
El nogal- los almendros,Casa,Usado,más de 30 años,270.0,270.0,3.0,3,5,2,1,EL NOGAL- LOS ALMENDROS,EL NOGAL- LOS ALMENDROS,1
El Poblado,Apartamento,Usado,9 a 15 años,78.0,78.0,6.0,2,2,1,9,EL POBLADO,EL POBLADO,missing
Las palmas,Apartamento,Usado,1 a 8 años,75.0,75.0,5.0,2,2,1,2,LAS PALMAS,LAS PALMAS,missing
Los Balsos,Apartamento,Usado,1 a 8 años,230.0,20.0,6.0,4,3,3,1,LOS BALSOS,LOS BALSOS,missing
El Poblado,Apartamento,Usado,16 a 30 años,100.0,100.0,6.0,2,3,1,7,EL POBLADO,EL POBLADO,missing
Enciso,Apartamento,Usado,1 a 8 años,140.0,140.0,4.0,2,3,0,7,ENCISO,ENCISO,missing
El velodromo,Casa,Usado,1 a 8 años,580.0,580.0,5.0,3,5,0,1,EL VELODROMO,EL VELODROMO,missing
Laureles,Apartamento,Usado,16 a 30 años,128.0,128.0,5.0,3,3,1,5,LAURELES,LAURELES,3+
Robledo,Apartamento,Usado,16 a 30 años,70.0,70.0,3.0,2,2,0,5,ROBLEDO,ROBLEDO,3+
El Poblado,Apartamento,Buen estado,16 a 30 años,128.0,128.0,6.0,3,3,2,1,EL POBLADO,EL POBLADO,1
Laureles,Casa,Usado,1 a 8 años,230.0,230.0,5.0,1,3,1,1,LAURELES,LAURELES,missing
La candelaria ,Apartamento,Usado,1 a 8 años,72.0,72.0,4.0,2,2,2,9,LA CANDELARIA,LA CANDELARIA,missing
Villa hermosa,Apartamento,Usado,menor a 1 año,9000.0,9000.0,4.0,2,2,0,3,VILLA HERMOSA,VILLA HERMOSA,3+
La candelaria ,Casa,Usado,1 a 8 años,370.0,370.0,6.0,3,3,2,1,LA CANDELARIA,LA CANDELARIA,missing
Laureles,Apartamento,Usado,16 a 30 años,91.0,91.0,3.0,1,3,0,4,LAURELES,LAURELES,3+
El Poblado,Apartamento,Usado,16 a 30 años,63.0,63.0,5.0,2,2,1,6,EL POBLADO,EL POBLADO,missing
Vía Las Palmas,Apartamento,Usado,1 a 8 años,70.0,70.0,4.0,2,2,1,10,VIA LAS PALMAS,VIA LAS PALMAS,missing
Robledo,Apartamento,Usado,9 a 15 años,50.0,50.0,3.0,1,2,0,4,ROBLEDO,ROBLEDO,missing
Robledo,Apartamento,Usado,menor a 1 año,50.0,50.0,2.0,1,3,0,4,ROBLEDO,ROBLEDO,missing
Loma del Indio,Apartamento,Usado,16 a 30 años,40.0,40.0,4.0,1,1,0,2,LOMA DEL INDIO,LOMA DEL INDIO,missing
La castellana,Casa,Usado,menor a 1 año,190.0,190.0,5.0,4,4,0,2,LA CASTELLANA,LA CASTELLANA,2
Alfonso lopez,Casa,Usado,16 a 30 años,9800.0,9800.0,3.0,3,3,0,1,ALFONSO LOPEZ,ALFONSO LOPEZ,missing
Belén,Apartaestudio,Usado,1 a 8 años,185.0,185.0,5.0,1,2,0,2,BELEN,BELEN,2
Laureles,Apartamento,Usado,menor a 1 año,217.0,217.0,5.0,4,4,0,1,LAURELES,LAURELES,missing
El tesoro,Apartamento,Usado,1 a 8 años,110.0,110.0,6.0,2,2,2,14,EL TESORO,EL TESORO,missing
Calasanz,Apartamento,Usado,1 a 8 años,70.0,70.0,4.0,2,3,0,5,CALASANZ,CALASANZ,3+
Conquistadores,Apartamento,Usado,más de 30 años,165.0,165.0,5.0,3,3,2,2,CONQUISTADORES,CONQUISTADORES,2
El Poblado,Apartamento,Usado,1 a 8 años,88.0,86.0,5.0,2,2,2,11,EL POBLADO,EL POBLADO,missing
Las palmas,Apartamento,Usado,1 a 8 años,70.0,70.0,6.0,2,3,1,5,LAS PALMAS,LAS PALMAS,3+
El Poblado,Apartamento,Buen estado,16 a 30 años,128.0,128.0,5.0,3,3,2,3,EL POBLADO,EL POBLADO,missing
La america,Casa,Usado,más de 30 años,200.0,200.0,4.0,2,6,0,1,LA AMERICA,LA AMERICA,1
Simon bolivar,Apartamento,Nuevo,menor a 1 año,38.0,38.0,4.0,1,1,0,2,SIMON BOLIVAR,SIMON BOLIVAR,missing
Los Balsos,Apartamento,Usado,1 a 8 años,245.0,245.0,6.0,4,3,2,3,LOS BALSOS,LOS BALSOS,3+
Castropol,Apartamento,Usado,1 a 8 años,85.0,85.0,6.0,3,2,2,8,CASTROPOL,CASTROPOL,3+
El Poblado,Apartamento,Usado,16 a 30 años,87.0,87.0,4.0,2,3,2,10,EL POBLADO,EL POBLADO,missing
Blanquizal,Apartamento,Usado,16 a 30 años,65.0,65.0,4.0,2,2,1,8,BLANQUIZAL,OTROS,3+
Santa teresita,Apartamento,Usado,1 a 8 años,75.0,75.0,5.0,2,3,1,7,SANTA TERESITA,OTROS,missing
Laureles,Apartaestudio,Buen estado,16 a 30 años,32.0,32.0,5.0,1,1,1,6,LAURELES,LAURELES,3+
Belén,Apartamento,Usado,16 a 30 años,65.0,65.0,4.0,2,2,1,5,BELEN,BELEN,missing
Laureles,Apartaestudio,Usado,16 a 30 años,55.0,55.0,5.0,1,1,1,2,LAURELES,LAURELES,2
El Poblado,Apartamento,Buen estado,más de 30 años,70.0,70.0,5.0,1,2,1,8,EL POBLADO,EL POBLADO,3+
Buenos aires,Apartamento,Usado,16 a 30 años,58.0,58.0,3.0,1,2,0,1,BUENOS AIRES,BUENOS AIRES,1
El Poblado,Apartamento,Usado,9 a 15 años,40.0,40.0,4.0,1,2,0,3,EL POBLADO,EL POBLADO,missing
Robledo,Casa,Usado,más de 30 años,72.0,72.0,2.0,2,3,0,1,ROBLEDO,ROBLEDO,missing
El Poblado,Apartamento,Usado,1 a 8 años,60.0,60.0,4.0,2,2,1,6,EL POBLADO,EL POBLADO,missing
Las palmas,Apartamento,Usado,1 a 8 años,252.4,252.4,6.0,4,4,3,2,LAS PALMAS,LAS PALMAS,missing
Villa hermosa,Apartaestudio,Usado,16 a 30 años,22.0,22.0,3.0,1,1,0,1,VILLA HERMOSA,VILLA HERMOSA,1
Conquistadores,Apartamento,Usado,1 a 8 años,120.0,120.0,5.0,2,4,1,1,CONQUISTADORES,CONQUISTADORES,missing
Las palmas,Apartamento,Usado,1 a 8 años,80.0,80.0,6.0,2,3,2,6,LAS PALMAS,LAS PALMAS,missing
Cordoba,Apartamento,Usado,menor a 1 año,48.0,48.0,4.0,1,2,0,5,CORDOBA,CORDOBA,missing
Loma de los bernal,Apartamento,Usado,9 a 15 años,110.0,110.0,5.0,3,3,1,15,LOMA DE LOS BERNAL,LOMA DE LOS BERNAL,3+
Belén,Apartamento,Usado,9 a 15 años,70.0,70.0,3.0,2,3,0,1,BELEN,BELEN,1
La milagrosa,Apartaestudio,Usado,1 a 8 años,15.0,15.0,3.0,1,1,0,2,LA MILAGROSA,LA MILAGROSA,missing
Cordoba,Casa,Usado,menor a 1 año,78.0,78.0,3.0,2,4,0,1,CORDOBA,CORDOBA,missing
Robledo,Apartamento,Usado,más de 30 años,40.0,40.0,2.0,1,2,0,2,ROBLEDO,ROBLEDO,2
La candelaria,Apartamento,Usado,más de 30 años,157.0,157.0,4.0,2,3,1,7,LA CANDELARIA,LA CANDELARIA,missing
Cristo rey,Casa,Usado,16 a 30 años,200.0,200.0,4.0,2,4,1,1,CRISTO REY,CRISTO REY,1
Buenos aires,Apartamento,Usado,9 a 15 años,50.0,50.0,3.0,1,2,0,16,BUENOS AIRES,BUENOS AIRES,3+
Robledo,Apartamento,Usado,1 a 8 años,47.0,47.0,3.0,1,3,0,5,ROBLEDO,ROBLEDO,missing
Laureles,Apartaestudio,Nuevo,16 a 30 años,50.0,50.0,4.0,1,1,0,2,LAURELES,LAURELES,2
Belén San Bernardo,Apartamento,Usado,16 a 30 años,83.0,83.0,4.0,2,3,0,1,BELEN SAN BERNARDO,BELEN SAN BERNARDO,1
Laureles,Apartamento,Usado,9 a 15 años,90.0,90.0,5.0,2,3,0,4,LAURELES,LAURELES,missing
La Aldea,Apartamento,Usado,16 a 30 años,55.0,55.0,4.0,2,2,0,13,LA ALDEA,OTROS,3+
Calasanz,Apartamento,Usado,1 a 8 años,45.0,45.0,3.0,1,2,0,4,CALASANZ,CALASANZ,missing
Belén ,Casa,Usado,1 a 8 años,300.0,300.0,5.0,10,8,0,1,BELEN,BELEN,missing
El Poblado,Apartamento,Usado,16 a 30 años,70.0,70.0,4.0,2,2,0,10,EL POBLADO,EL POBLADO,missing
La mota,Casa,Usado,16 a 30 años,55.0,55.0,4.0,3,3,1,1,LA MOTA,LA MOTA,1
Villa hermosa,Apartamento,Usado,16 a 30 años,110.0,110.0,3.0,1,3,0,1,VILLA HERMOSA,VILLA HERMOSA,1
Las palmas,Apartamento,Usado,1 a 8 años,100.0,100.0,5.0,3,2,1,10,LAS PALMAS,LAS PALMAS,missing
Patio bonito,Apartamento,Usado,16 a 30 años,73.0,73.0,6.0,2,2,1,10,PATIO BONITO,PATIO BONITO,missing
El tesoro,Apartamento,Usado,1 a 8 años,380.0,380.0,6.0,4,3,4,8,EL TESORO,EL TESORO,3+
Loma del Indio,Apartamento,Usado,menor a 1 año,80.0,80.0,5.0,2,2,1,2,LOMA DEL INDIO,LOMA DEL INDIO,missing
El Poblado,Apartamento,Usado,1 a 8 años,109.0,109.0,6.0,3,3,1,4,EL POBLADO,EL POBLADO,missing
Robledo,Apartamento,Usado,9 a 15 años,70.0,70.0,3.0,2,2,0,9,ROBLEDO,ROBLEDO,3+
Las palmas,Apartamento,Usado,9 a 15 años,86.0,86.0,6.0,2,2,2,9,LAS PALMAS,LAS PALMAS,missing
Belén,Apartamento,Usado,16 a 30 años,58.0,58.0,4.0,2,3,0,10,BELEN,BELEN,missing
San diego,Apartamento,Usado,1 a 8 años,80.0,80.0,5.0,2,3,1,6,SAN DIEGO,SAN DIEGO,missing
El Poblado,Apartamento,Usado,9 a 15 años,13000.0,13000.0,6.0,3,3,2,5,EL POBLADO,EL POBLADO,missing
Belen Las Playas,Casa,Usado,1 a 8 años,100.0,100.0,4.0,2,4,0,1,BELEN LAS PLAYAS,BELEN LAS PLAYAS,missing
El Poblado,Apartamento,Usado,16 a 30 años,100.0,100.0,6.0,2,2,1,13,EL POBLADO,EL POBLADO,3+
La milagrosa,Casa,Usado,1 a 8 años,60.0,60.0,3.0,1,3,0,3,LA MILAGROSA,LA MILAGROSA,3+
Suramericana,Casa,Usado,menor a 1 año,20.0,20.0,4.0,1,1,0,1,SURAMERICANA,SURAMERICANA,missing
Loma de los bernal,Apartamento,Usado,9 a 15 años,80.0,80.0,5.0,3,3,1,10,LOMA DE LOS BERNAL,LOMA DE LOS BERNAL,3+
Laureles,Apartamento,Usado,16 a 30 años,84.0,84.0,5.0,2,3,1,3,LAURELES,LAURELES,3+
Laureles,Apartamento,Usado,16 a 30 años,88.0,88.0,5.0,2,3,1,3,LAURELES,LAURELES,3+
Ciudad del Río,Apartamento,Usado,9 a 15 años,95.0,95.0,6.0,3,3,2,4,CIUDAD DEL RIO,CIUDAD DEL RIO,missing
Robledo,Apartamento,Usado,más de 30 años,55.0,55.0,3.0,2,2,0,4,ROBLEDO,ROBLEDO,3+
La america,Apartamento,Usado,16 a 30 años,60.0,60.0,3.0,2,2,0,1,LA AMERICA,LA AMERICA,1
Belén Los Alpes,Apartamento,Usado,1 a 8 años,65.0,65.0,4.0,2,3,1,13,BELEN LOS ALPES,BELEN LOS ALPES,3+
El Poblado,Apartamento,Usado,16 a 30 años,130.0,130.0,6.0,5,4,2,4,EL POBLADO,EL POBLADO,missing
San Antonio de Prado,Apartamento,Usado,9 a 15 años,60.0,60.0,3.0,1,2,0,3,SAN ANTONIO DE PRADO,SAN ANTONIO DE PRADO,missing
El Poblado,Casa,Usado,16 a 30 años,250.0,250.0,6.0,3,4,2,1,EL POBLADO,EL POBLADO,missing
El Poblado,Apartamento,Usado,16 a 30 años,62.0,62.0,4.0,2,2,0,2,EL POBLADO,EL POBLADO,2
Conquistadores,Apartamento,Usado,9 a 15 años,115.0,115.0,4.0,2,3,1,4,CONQUISTADORES,CONQUISTADORES,missing
Robledo,Apartaestudio,Usado,menor a 1 año,30.0,30.0,3.0,1,1,0,3,ROBLEDO,ROBLEDO,missing
Laureles,Casa,Buen estado,16 a 30 años,180.0,180.0,5.0,2,5,0,2,LAURELES,LAURELES,2
El Poblado,Apartaestudio,Usado,16 a 30 años,52.0,52.0,6.0,2,1,1,6,EL POBLADO,EL POBLADO,3+
El Poblado,Apartamento,Usado,16 a 30 años,89.0,89.0,3.0,2,2,1,9,EL POBLADO,EL POBLADO,missing
Belén,Casa,Usado,16 a 30 años,310.0,310.0,5.0,4,4,2,1,BELEN,BELEN,missing
Castropol,Apartamento,Usado,1 a 8 años,93.0,93.0,5.0,2,3,11,13,CASTROPOL,CASTROPOL,3+
Loma De San Julian,Apartamento,Usado,16 a 30 años,68.0,68.0,5.0,2,3,1,9,LOMA DE SAN JULIAN,LOMA DE SAN JULIAN,3+
Belen La Palma,Apartaestudio,Usado,1 a 8 años,40.0,40.0,4.0,1,1,0,6,BELEN LA PALMA,BELEN LA PALMA,3+
Belén,Apartamento,Usado,menor a 1 año,110.0,110.0,4.0,2,3,1,24,BELEN,BELEN,missing
Guayaquil,Apartamento,Usado,16 a 30 años,84.0,84.0,5.0,2,3,0,6,GUAYAQUIL,GUAYAQUIL,missing
Loma del Indio,Apartamento,Buen estado,1 a 8 años,87.0,87.0,5.0,2,3,1,13,LOMA DEL INDIO,LOMA DEL INDIO,3+
Buenos aires,Apartamento,Usado,16 a 30 años,40.0,40.0,3.0,1,2,0,5,BUENOS AIRES,BUENOS AIRES,3+
Laureles,Apartaestudio,Usado,1 a 8 años,55.0,55.0,5.0,2,1,0,9,LAURELES,LAURELES,missing
Calasanz parte alta,Apartamento,Usado,1 a 8 años,60.0,60.0,4.0,2,2,1,6,CALASANZ PARTE ALTA,CALASANZ PARTE ALTA,missing
Loma del Indio,Apartamento,Usado,16 a 30 años,65.0,65.0,4.0,2,2,1,1,LOMA DEL INDIO,LOMA DEL INDIO,1
Belén,Casa,Usado,16 a 30 años,180.0,180.0,5.0,3,3,3,1,BELEN,BELEN,missing
Suramericana,Apartamento,Usado,1 a 8 años,245.0,245.0,5.0,3,4,1,1,SURAMERICANA,SURAMERICANA,missing
Calasanz,Apartamento,Nuevo,1 a 8 años,70.0,70.0,3.0,2,3,1,15,CALASANZ,CALASANZ,3+
El Poblado,Apartamento,Buen estado,menor a 1 año,147.0,147.0,6.0,3,3,2,13,EL POBLADO,EL POBLADO,3+
Los colores,Casa,Usado,más de 30 años,320.0,320.0,6.0,3,3,2,1,LOS COLORES,LOS COLORES,missing
La Almeria,Casa,Usado,1 a 8 años,120.0,120.0,5.0,3,3,1,1,LA ALMERIA,LA ALMERIA,missing
Guayabal,Apartamento,Usado,1 a 8 años,60.0,60.0,5.0,2,2,0,6,GUAYABAL,GUAYABAL,missing
 Rodeo Alto,Casa,Usado,16 a 30 años,120.0,120.0,5.0,2,4,1,1,RODEO ALTO,RODEO ALTO,missing
El Poblado,Apartamento,Usado,16 a 30 años,76.0,76.0,4.0,2,2,1,1,EL POBLADO,EL POBLADO,1
Robledo,Apartamento,Usado,9 a 15 años,48.0,48.0,3.0,1,2,0,5,ROBLEDO,ROBLEDO,missing
Laureles,Apartaestudio,Usado,1 a 8 años,50.0,50.0,4.0,1,1,0,3,LAURELES,LAURELES,3+
Laureles,Casa,Usado,16 a 30 años,122.0,122.0,5.0,2,3,1,1,LAURELES,LAURELES,1
Belén Fatima,Apartamento,Usado,1 a 8 años,64.0,64.0,4.0,1,2,0,3,BELEN FATIMA,BELEN FATIMA,3+
Las palmas,Apartamento,Usado,1 a 8 años,85.0,85.0,6.0,2,2,1,6,LAS PALMAS,LAS PALMAS,missing
Laureles,Apartamento,Usado,16 a 30 años,444.0,292.0,5.0,8,5,3,1,LAURELES,LAURELES,missing
Laureles,Apartamento,Usado,1 a 8 años,60.0,60.0,3.0,1,3,1,5,LAURELES,LAURELES,missing
Calasanz,Apartamento,Usado,1 a 8 años,74.0,74.0,4.0,2,3,1,11,CALASANZ,CALASANZ,missing
Calasanz,Apartamento,Usado,1 a 8 años,60.0,60.0,4.0,2,3,0,10,CALASANZ,CALASANZ,missing
Noel,Apartamento,Usado,más de 30 años,10000.0,10000.0,5.0,2,2,1,9,NOEL,OTROS,3+
El Poblado,Apartamento,Usado,16 a 30 años,90.0,90.0,5.0,2,3,2,6,EL POBLADO,EL POBLADO,3+
San diego,Apartamento,Usado,1 a 8 años,102.4,102.4,5.0,2,3,1,5,SAN DIEGO,SAN DIEGO,missing
Simon bolivar,Casa,Usado,más de 30 años,151.0,151.0,5.0,2,2,1,1,SIMON BOLIVAR,SIMON BOLIVAR,1
Loma del Indio,Apartamento,Buen estado,16 a 30 años,85.0,85.0,5.0,2,3,1,12,LOMA DEL INDIO,LOMA DEL INDIO,3+
Calasanz,Apartamento,Usado,menor a 1 año,58.0,58.0,4.0,2,2,1,7,CALASANZ,CALASANZ,missing
El Poblado,Apartamento,Usado,9 a 15 años,100.0,100.0,6.0,2,3,2,7,EL POBLADO,EL POBLADO,missing
Cataluña,Apartamento,Usado,1 a 8 años,45.0,45.0,3.0,1,2,0,4,CATALUNA,CATALUNA,missing
Belen Malibu,Apartamento,Usado,1 a 8 años,154.0,154.0,5.0,3,4,1,6,BELEN MALIBU,BELEN MALIBU,missing
Las granjas,Apartamento,Excelente estado,9 a 15 años,28000.0,28000.0,6.0,4,4,2,18,LAS GRANJAS,LAS GRANJAS,3+
Bombona no1,Apartamento,Excelente estado,16 a 30 años,63.0,61.0,4.0,2,3,0,5,BOMBONA NO1,BOMBONA NO1,missing
Belen La Palma,Apartamento,Usado,9 a 15 años,80.0,80.0,4.0,2,3,1,6,BELEN LA PALMA,BELEN LA PALMA,missing
Belén Altavista,Apartamento,Usado,menor a 1 año,55.0,55.0,3.0,1,2,0,3,BELEN ALTAVISTA,BELEN ALTAVISTA,missing
El Poblado,Apartamento,Usado,1 a 8 años,76.0,76.0,6.0,2,3,1,4,EL POBLADO,EL POBLADO,missing
Patio bonito,Apartamento,Usado,16 a 30 años,98.0,98.0,6.0,2,3,1,1,PATIO BONITO,PATIO BONITO,1
Laureles,Apartamento,Usado,16 a 30 años,40.0,40.0,5.0,1,2,0,9,LAURELES,LAURELES,3+
La america,Apartaestudio,Usado,más de 30 años,285.0,285.0,4.0,3,4,1,1,LA AMERICA,LA AMERICA,1
Calasanz parte alta,Apartamento,Usado,menor a 1 año,57.0,57.0,3.0,2,2,1,10,CALASANZ PARTE ALTA,CALASANZ PARTE ALTA,missing
Suramericana,Apartamento,Usado,16 a 30 años,148.0,148.0,4.0,3,4,1,5,SURAMERICANA,SURAMERICANA,missing
Loma del Indio,Apartamento,Usado,1 a 8 años,65.0,65.0,6.0,2,2,1,5,LOMA DEL INDIO,LOMA DEL INDIO,missing
Calasanz,Apartamento,Usado,1 a 8 años,60.0,60.0,3.0,2,3,1,10,CALASANZ,CALASANZ,missing
La candelaria,Apartamento,Buen estado,16 a 30 años,122.0,122.0,3.0,3,4,1,12,LA CANDELARIA,LA CANDELARIA,3+
Estadio,Casa,Usado,1 a 8 años,160.0,160.0,4.0,5,5,2,1,ESTADIO,ESTADIO,missing
El Poblado,Casa,Buen estado,16 a 30 años,324.0,324.0,5.0,4,3,2,1,EL POBLADO,EL POBLADO,1
Las palmas,Apartamento,Usado,1 a 8 años,60.0,60.0,5.0,2,2,1,6,LAS PALMAS,LAS PALMAS,missing
Loma del Indio,Apartamento,Usado,9 a 15 años,65.0,65.0,4.0,2,3,1,9,LOMA DEL INDIO,LOMA DEL INDIO,missing
Laureles,Casa,Excelente estado,16 a 30 años,384.0,384.0,5.0,8,8,2,1,LAURELES,LAURELES,missing
Prado,Casa,Buen estado,más de 30 años,520.0,520.0,5.0,5,10,0,1,PRADO,PRADO,1
El Poblado,Apartamento,Usado,más de 30 años,65.0,65.0,5.0,2,2,0,12,EL POBLADO,EL POBLADO,3+
El Poblado,Apartamento,Usado,16 a 30 años,71.0,71.0,5.0,2,3,1,8,EL POBLADO,EL POBLADO,missing
Cristo rey,Apartamento,Buen estado,1 a 8 años,102.0,102.0,4.0,2,3,1,14,CRISTO REY,CRISTO REY,3+
Perpetuo socorro,Apartamento,Usado,1 a 8 años,9000.0,9000.0,3.0,1,2,1,4,PERPETUO SOCORRO,PERPETUO SOCORRO,missing
Simon bolivar,Casa,Usado,más de 30 años,280.0,280.0,5.0,2,4,0,1,SIMON BOLIVAR,SIMON BOLIVAR,1
Manrique,Apartamento,Usado,16 a 30 años,80.0,80.0,3.0,2,2,0,3,MANRIQUE,MANRIQUE,3+
Las palmas,Apartamento,Nuevo,1 a 8 años,35.0,35.0,3.0,1,2,0,1,LAS PALMAS,LAS PALMAS,1
Calasanz,Apartamento,Usado,1 a 8 años,70.0,70.0,4.0,2,3,1,3,CALASANZ,CALASANZ,3+
Laureles,Casa,Usado,16 a 30 años,280.0,280.0,4.0,5,7,0,1,LAURELES,LAURELES,missing
Las palmas,Apartamento,Usado,9 a 15 años,89.0,89.0,6.0,3,3,2,18,LAS PALMAS,LAS PALMAS,3+
El salvador,Apartaestudio,Usado,9 a 15 años,20.0,20.0,3.0,1,1,0,1,EL SALVADOR,EL SALVADOR,missing
Loma de los bernal,Apartamento,Usado,1 a 8 años,77.0,77.0,5.0,2,2,1,18,LOMA DE LOS BERNAL,LOMA DE LOS BERNAL,3+
El Poblado,Apartamento,Usado,9 a 15 años,200.0,200.0,6.0,4,3,2,4,EL POBLADO,EL POBLADO,missing
Buenos aires,Apartamento,Usado,más de 30 años,4000.0,4000.0,3.0,1,2,0,6,BUENOS AIRES,BUENOS AIRES,3+
Laureles,Apartamento,Usado,9 a 15 años,95.0,95.0,5.0,3,3,0,4,LAURELES,LAURELES,missing
Laureles,Apartamento,Usado,1 a 8 años,77.0,77.0,5.0,1,2,1,2,LAURELES,LAURELES,2
San cristobal,Apartamento,Usado,1 a 8 años,65.0,65.0,2.0,1,2,0,4,SAN CRISTOBAL,SAN CRISTOBAL,missing
Santa maria de los angeles,Apartamento,Usado,1 a 8 años,66.0,66.0,6.0,1,1,1,3,SANTA MARIA DE LOS ANGELES,SANTA MARIA DE LOS ANGELES,missing
Calasanz,Apartamento,Usado,1 a 8 años,50.0,50.0,4.0,2,2,1,3,CALASANZ,CALASANZ,3+
Belén Miravalle,Apartamento,Usado,1 a 8 años,75.0,75.0,4.0,2,3,0,3,BELEN MIRAVALLE,BELEN MIRAVALLE,3+
Castropol,Apartamento,Usado,1 a 8 años,73.0,73.0,6.0,2,2,1,10,CASTROPOL,CASTROPOL,missing
Belén,Casa,Excelente estado,16 a 30 años,200.0,200.0,5.0,6,5,0,1,BELEN,BELEN,missing
La america,Apartamento,Usado,más de 30 años,115.0,115.0,4.0,2,4,0,1,LA AMERICA,LA AMERICA,1
Guayabal,Apartamento,Usado,1 a 8 años,75.0,75.0,5.0,2,3,1,7,GUAYABAL,GUAYABAL,missing
Prado,Casa,Buen estado,más de 30 años,138.0,138.0,2.0,6,5,0,2,PRADO,PRADO,2
Prado,Casa,Usado,16 a 30 años,415.0,415.0,2.0,4,7,1,2,PRADO,PRADO,2
El Poblado,Apartamento,Usado,1 a 8 años,76.0,76.0,6.0,2,3,1,4,EL POBLADO,EL POBLADO,missing
Loma del Indio,Apartamento,Usado,1 a 8 años,82.0,82.0,6.0,2,3,1,6,LOMA DEL INDIO,LOMA DEL INDIO,missing
La frontera,Apartamento,Usado,9 a 15 años,80.0,80.0,6.0,2,2,1,2,LA FRONTERA,LA FRONTERA,missing
Las palmas,Apartamento,Usado,16 a 30 años,297.0,297.0,6.0,5,4,2,1,LAS PALMAS,LAS PALMAS,missing
Laureles,Apartamento,Nuevo,menor a 1 año,70.0,70.0,3.0,2,2,0,10,LAURELES,LAURELES,missing
Buenos aires,Apartaestudio,Usado,1 a 8 años,40.0,40.0,3.0,1,1,0,2,BUENOS AIRES,BUENOS AIRES,missing
Castilla,Apartamento,Usado,9 a 15 años,6500.0,6500.0,3.0,1,2,0,1,CASTILLA,CASTILLA,missing
El Poblado,Apartamento,Usado,16 a 30 años,95.0,95.0,6.0,2,3,1,9,EL POBLADO,EL POBLADO,missing
La castellana,Apartamento,Usado,9 a 15 años,100.0,100.0,5.0,2,3,1,9,LA CASTELLANA,LA CASTELLANA,3+
Laureles ,Apartamento,Usado,1 a 8 años,88.0,88.0,5.0,3,4,1,5,LAURELES,LAURELES,3+
Laureles,Apartamento,Buen estado,16 a 30 años,120.0,120.0,4.0,2,4,0,2,LAURELES,LAURELES,2
Calasanz,Apartamento,Usado,más de 30 años,47.0,47.0,4.0,2,3,0,18,CALASANZ,CALASANZ,3+
Laureles,Apartamento,Usado,menor a 1 año,55.0,55.0,4.0,2,3,1,4,LAURELES,LAURELES,missing
Prado,Casa,Usado,16 a 30 años,100.0,100.0,3.0,2,4,0,1,PRADO,PRADO,1
San joaquin,Casa,Usado,1 a 8 años,180.0,180.0,4.0,2,3,1,1,SAN JOAQUIN,SAN JOAQUIN,1
El Poblado,Apartamento,Usado,1 a 8 años,87.0,87.0,4.0,2,3,1,10,EL POBLADO,EL POBLADO,missing
Robledo,Apartaestudio,Usado,1 a 8 años,31.0,31.0,3.0,1,1,0,1,ROBLEDO,ROBLEDO,1
Rodeo Alto,Apartamento,Usado,1 a 8 años,55.0,55.0,4.0,2,2,1,5,RODEO ALTO,RODEO ALTO,missing
Laureles,Casa,Usado,16 a 30 años,324.0,324.0,6.0,2,5,1,2,LAURELES,LAURELES,2
Laureles,Apartamento,Usado,1 a 8 años,89.0,89.0,5.0,2,2,2,9,LAURELES,LAURELES,missing
Ciudad del Río,Apartamento,Usado,1 a 8 años,47.0,47.0,5.0,2,2,1,13,CIUDAD DEL RIO,CIUDAD DEL RIO,missing
La america,Casa,Usado,1 a 8 años,290.0,290.0,4.0,3,4,1,1,LA AMERICA,LA AMERICA,missing
Las palmas,Casa,Usado,1 a 8 años,780.0,780.0,5.0,7,5,5,2,LAS PALMAS,LAS PALMAS,2
San diego,Apartamento,Usado,1 a 8 años,63.0,69.0,4.0,2,3,1,4,SAN DIEGO,SAN DIEGO,missing
Belén Rosales,Apartaestudio,Usado,1 a 8 años,43.0,43.0,5.0,1,1,0,3,BELEN ROSALES,BELEN ROSALES,missing
Robledo,Apartamento,Usado,16 a 30 años,60.0,60.0,4.0,1,2,0,1,ROBLEDO,ROBLEDO,1
Loma del Indio,Apartamento,Usado,1 a 8 años,78.0,78.0,4.0,2,3,1,24,LOMA DEL INDIO,LOMA DEL INDIO,3+
Vía Las Palmas,Apartamento,Usado,1 a 8 años,70.0,70.0,4.0,2,3,1,3,VIA LAS PALMAS,VIA LAS PALMAS,missing
Laureles,Apartamento,Usado,más de 30 años,130.0,130.0,5.0,2,3,1,5,LAURELES,LAURELES,missing
Belén,Casa,Usado,más de 30 años,194.0,194.0,5.0,3,3,0,1,BELEN,BELEN,missing
Laureles,Apartamento,Usado,16 a 30 años,40.0,40.0,5.0,1,2,0,9,LAURELES,LAURELES,3+
El Poblado,Apartamento,Usado,9 a 15 años,65.0,65.0,5.0,2,3,1,13,EL POBLADO,EL POBLADO,3+
La america,Apartamento,Usado,más de 30 años,156.0,156.0,4.0,2,3,0,7,LA AMERICA,LA AMERICA,missing
El Poblado,Apartamento,Usado,1 a 8 años,68.0,68.0,5.0,2,2,1,16,EL POBLADO,EL POBLADO,3+
La gloria,Apartamento,Usado,16 a 30 años,65.0,65.0,4.0,2,2,0,1,LA GLORIA,LA GLORIA,1
El Poblado,Apartamento,Usado,9 a 15 años,95.0,95.0,6.0,2,3,2,10,EL POBLADO,EL POBLADO,3+
Ciudad del Río,Apartamento,Usado,1 a 8 años,100.0,100.0,5.0,3,3,2,9,CIUDAD DEL RIO,CIUDAD DEL RIO,3+
Boston,Apartamento,Usado,16 a 30 años,180.0,180.0,4.0,4,5,0,2,BOSTON,BOSTON,2
Viviendas del Sur,Apartamento,Usado,más de 30 años,80.0,80.0,4.0,2,3,0,18,VIVIENDAS DEL SUR,VIVIENDAS DEL SUR,3+
Villa carlota,Apartamento,Usado,16 a 30 años,100.0,100.0,6.0,3,3,1,3,VILLA CARLOTA,OTROS,missing
El Poblado,Apartamento,Buen estado,más de 30 años,215.0,215.0,6.0,3,3,1,15,EL POBLADO,EL POBLADO,3+
 Robledo,Apartaestudio,Usado,16 a 30 años,40.0,40.0,3.0,1,1,0,2,ROBLEDO,ROBLEDO,2
Loma del Indio,Apartamento,Usado,9 a 15 años,80.0,80.0,6.0,2,2,1,18,LOMA DEL INDIO,LOMA DEL INDIO,3+
Lopez de mesa,Apartamento,Usado,9 a 15 años,68.0,68.0,3.0,2,3,0,3,LOPEZ DE MESA,OTROS,3+
El Poblado,Casa,Usado,16 a 30 años,252.0,260.0,6.0,5,4,2,1,EL POBLADO,EL POBLADO,1
La gloria,Apartamento,Usado,16 a 30 años,75.0,75.0,3.0,2,3,0,2,LA GLORIA,LA GLORIA,2
La aguacatala,Apartamento,Usado,1 a 8 años,110.0,110.0,6.0,4,4,1,6,LA AGUACATALA,LA AGUACATALA,missing
El Poblado,Apartamento,Usado,16 a 30 años,48.0,48.0,6.0,2,1,1,5,EL POBLADO,EL POBLADO,missing
Loma del Indio,Apartamento,Usado,1 a 8 años,85.4,85.4,6.0,2,2,1,27,LOMA DEL INDIO,LOMA DEL INDIO,3+
San german,Apartamento,Usado,1 a 8 años,72.0,72.0,4.0,2,3,1,12,SAN GERMAN,SAN GERMAN,3+
Calasanz,Apartamento,Usado,menor a 1 año,70.0,70.0,4.0,2,3,1,3,CALASANZ,CALASANZ,missing
San Lucas,Apartamento,Usado,16 a 30 años,120.0,120.0,6.0,2,3,2,3,SAN LUCAS,SAN LUCAS,missing
El Campestre,Apartamento,Usado,1 a 8 años,89.0,89.0,6.0,2,2,2,9,EL CAMPESTRE,EL CAMPESTRE,missing
Manrique Central,Apartamento,Usado,1 a 8 años,80.0,80.0,2.0,1,2,0,1,MANRIQUE CENTRAL,MANRIQUE CENTRAL,missing
Villa hermosa,Apartamento,Usado,16 a 30 años,55.0,55.0,3.0,1,3,1,8,VILLA HERMOSA,VILLA HERMOSA,3+
Los Balsos,Apartamento,Usado,1 a 8 años,67.0,67.0,6.0,2,1,1,4,LOS BALSOS,LOS BALSOS,missing
Castropol,Apartamento,Usado,1 a 8 años,105.0,105.0,5.0,3,3,2,13,CASTROPOL,CASTROPOL,3+
Belén Los Alpes,Apartaestudio,Usado,16 a 30 años,20.0,20.0,3.0,1,1,0,1,BELEN LOS ALPES,BELEN LOS ALPES,1
Laureles,Casa,Usado,16 a 30 años,303.0,303.0,4.0,10,8,0,1,LAURELES,LAURELES,missing
San benito,Casa,Buen estado,más de 30 años,180.0,180.0,3.0,2,4,0,2,SAN BENITO,OTROS,2
San german,Apartamento,Usado,9 a 15 años,70.0,70.0,4.0,2,3,1,3,SAN GERMAN,SAN GERMAN,missing
Las palmas,Casa,Usado,1 a 8 años,180.0,180.0,5.0,4,4,1,1,LAS PALMAS,LAS PALMAS,missing
Laureles,Apartamento,Usado,16 a 30 años,42.0,42.0,3.0,1,2,0,3,LAURELES,LAURELES,3+
Calasanz,Apartamento,Usado,9 a 15 años,65.0,65.0,5.0,2,3,0,9,CALASANZ,CALASANZ,missing
Loma del Indio,Apartamento,Usado,1 a 8 años,100.0,100.0,5.0,3,3,1,19,LOMA DEL INDIO,LOMA DEL INDIO,3+
El Poblado,Apartamento,Buen estado,1 a 8 años,125.0,125.0,5.0,2,3,2,18,EL POBLADO,EL POBLADO,3+
Las palmas,Apartamento,Usado,menor a 1 año,85.0,85.0,6.0,2,2,1,6,LAS PALMAS,LAS PALMAS,missing
Loma de los bernal,Apartamento,Usado,1 a 8 años,84.63,84.63,5.0,2,3,1,4,LOMA DE LOS BERNAL,LOMA DE LOS BERNAL,missing
El velodromo,Apartamento,Usado,1 a 8 años,65.0,65.0,5.0,2,2,0,5,EL VELODROMO,EL VELODROMO,missing
El Poblado,Apartamento,Usado,16 a 30 años,145.0,145.0,6.0,3,3,2,1,EL POBLADO,EL POBLADO,missing
El Poblado,Apartamento,Usado,9 a 15 años,90.0,90.0,4.0,2,3,0,4,EL POBLADO,EL POBLADO,missing
Belén,Apartaestudio,Usado,16 a 30 años,55.0,55.0,4.0,1,1,0,1,BELEN,BELEN,missing
San german,Apartamento,Usado,1 a 8 años,74.0,74.0,4.0,2,3,1,11,SAN GERMAN,SAN GERMAN,missing
La frontera,Apartamento,Usado,9 a 15 años,95.0,95.0,5.0,2,2,1,10,LA FRONTERA,LA FRONTERA,3+
El Poblado,Apartamento,Usado,1 a 8 años,73.0,73.0,5.0,2,3,1,4,EL POBLADO,EL POBLADO,missing
El Poblado,Apartamento,Usado,9 a 15 años,81.0,81.0,4.0,2,3,1,7,EL POBLADO,EL POBLADO,missing
El Poblado,Apartamento,Usado,9 a 15 años,120.0,120.0,5.0,2,3,1,3,EL POBLADO,EL POBLADO,missing
Calasanz,Apartamento,Usado,1 a 8 años,70.0,70.0,4.0,2,3,1,15,CALASANZ,CALASANZ,3+
Loma de los bernal,Apartamento,Usado,1 a 8 años,70.0,70.0,4.0,2,3,0,3,LOMA DE LOS BERNAL,LOMA DE LOS BERNAL,missing
Laureles,Apartamento,Buen estado,16 a 30 años,70.0,70.0,5.0,2,2,1,9,LAURELES,LAURELES,3+
San diego,Apartamento,Usado,16 a 30 años,55.0,55.0,5.0,2,2,1,5,SAN DIEGO,SAN DIEGO,missing
Laureles,Apartamento,Usado,16 a 30 años,110.0,110.0,4.0,2,3,1,24,LAURELES,LAURELES,missing
Manrique oriental,Apartamento,Usado,16 a 30 años,600.0,600.0,3.0,2,2,0,2,MANRIQUE ORIENTAL,OTROS,2
Robledo,Apartamento,Usado,más de 30 años,60.0,60.0,3.0,1,3,0,18,ROBLEDO,ROBLEDO,3+
Laureles,Apartamento,Usado,16 a 30 años,72.0,72.0,5.0,2,3,0,2,LAURELES,LAURELES,2
El Poblado,Apartamento,Usado,9 a 15 años,120.0,120.0,5.0,3,3,2,1,EL POBLADO,EL POBLADO,1
El velodromo,Apartamento,Usado,1 a 8 años,70.0,70.0,5.0,2,2,0,10,EL VELODROMO,EL VELODROMO,missing
Santa Mónica,Apartaestudio,Usado,16 a 30 años,45.0,40.0,4.0,1,1,0,1,SANTA MONICA,SANTA MONICA,missing
El Poblado,Apartamento,Usado,16 a 30 años,173.0,173.0,6.0,5,3,2,18,EL POBLADO,EL POBLADO,3+
El Poblado,Apartamento,Buen estado,16 a 30 años,219.0,219.0,5.0,3,3,2,16,EL POBLADO,EL POBLADO,3+
Calasanz,Casa,Usado,1 a 8 años,130.0,130.0,4.0,3,3,0,1,CALASANZ,CALASANZ,1
Laureles,Apartamento,Usado,menor a 1 año,45.0,45.0,5.0,1,2,0,4,LAURELES,LAURELES,missing
Laureles,Casa,Usado,16 a 30 años,300.0,300.0,5.0,6,8,1,1,LAURELES,LAURELES,1
La castellana,Casa,Usado,16 a 30 años,300.0,300.0,4.0,10,8,0,1,LA CASTELLANA,LA CASTELLANA,missing
El nogal- los almendros,Apartaestudio,Usado,menor a 1 año,55.0,55.0,5.0,1,1,0,1,EL NOGAL- LOS ALMENDROS,EL NOGAL- LOS ALMENDROS,1
Laureles,Apartamento,Usado,1 a 8 años,36.0,36.0,5.0,1,1,1,5,LAURELES,LAURELES,missing
El Poblado,Apartamento,Usado,más de 30 años,75.0,75.0,3.0,2,2,0,2,EL POBLADO,EL POBLADO,missing
Belén,Apartaestudio,Usado,16 a 30 años,150.0,150.0,6.0,1,1,0,1,BELEN,BELEN,missing
El Poblado,Apartamento,Nuevo,menor a 1 año,99.0,93.0,5.0,2,3,1,3,EL POBLADO,EL POBLADO,missing
El Poblado,Apartamento,Usado,1 a 8 años,80.0,80.0,5.0,2,2,1,2,EL POBLADO,EL POBLADO,2
Bombona no1,Apartamento,Usado,menor a 1 año,52.0,52.0,4.0,2,3,0,3,BOMBONA NO1,BOMBONA NO1,3+
Los naranjos,Apartamento,Usado,9 a 15 años,67.0,67.0,6.0,2,1,1,4,LOS NARANJOS,LOS NARANJOS,missing
Vía Las Palmas,Apartamento,Nuevo,menor a 1 año,78.0,78.0,6.0,2,2,1,9,VIA LAS PALMAS,VIA LAS PALMAS,missing
Buenos aires,Apartaestudio,Nuevo,más de 30 años,25.0,25.0,3.0,1,1,0,1,BUENOS AIRES,BUENOS AIRES,1
Calasanz,Apartamento,Usado,1 a 8 años,88.0,88.0,3.0,2,3,0,12,CALASANZ,CALASANZ,3+
Loma del Indio,Apartamento,Usado,1 a 8 años,102.4,102.4,5.0,2,3,1,5,LOMA DEL INDIO,LOMA DEL INDIO,missing
Los colores,Apartamento,Usado,1 a 8 años,117.0,117.0,5.0,4,4,1,5,LOS COLORES,LOS COLORES,3+
Estadio,Casa,Usado,16 a 30 años,150.0,150.0,4.0,4,5,0,2,ESTADIO,ESTADIO,2
Santa maria de los angeles,Apartamento,Usado,9 a 15 años,150.0,150.0,6.0,5,3,2,3,SANTA MARIA DE LOS ANGELES,SANTA MARIA DE LOS ANGELES,3+
La candelaria,Apartamento,Usado,16 a 30 años,74.0,76.0,5.0,2,3,1,4,LA CANDELARIA,LA CANDELARIA,missing
Loma de los bernal,Apartamento,Usado,menor a 1 año,64.0,64.0,5.0,2,2,1,7,LOMA DE LOS BERNAL,LOMA DE LOS BERNAL,missing
El Poblado,Casa,Excelente estado,1 a 8 años,33000.0,33000.0,6.0,6,6,5,1,EL POBLADO,EL POBLADO,missing
Guayabal,Casa,Usado,1 a 8 años,110.0,110.0,4.0,2,5,1,1,GUAYABAL,GUAYABAL,1
Belén,Casa,Usado,9 a 15 años,145.0,145.0,5.0,4,6,0,2,BELEN,BELEN,2
El salvador,Apartamento,Usado,1 a 8 años,50.0,50.0,3.0,1,2,0,4,EL SALVADOR,EL SALVADOR,missing
Belen La Palma,Apartamento,Usado,1 a 8 años,250.0,250.0,4.0,2,5,0,6,BELEN LA PALMA,BELEN LA PALMA,3+
El Poblado,Apartaestudio,Usado,16 a 30 años,720.0,720.0,5.0,4,5,0,1,EL POBLADO,EL POBLADO,1
Las palmas,Apartamento,Usado,16 a 30 años,60.0,60.0,4.0,2,1,1,5,LAS PALMAS,LAS PALMAS,3+
Buenos aires,Apartaestudio,Usado,más de 30 años,18.0,18.0,3.0,1,1,0,9,BUENOS AIRES,BUENOS AIRES,3+
Centro,Apartaestudio,Nuevo,16 a 30 años,40.0,40.0,4.0,1,1,1,3,CENTRO,CENTRO,3+
Laureles,Apartamento,Usado,16 a 30 años,50.0,50.0,4.0,1,2,0,2,LAURELES,LAURELES,2
El Poblado,Casa,Buen estado,más de 30 años,250.0,250.0,6.0,3,4,2,1,EL POBLADO,EL POBLADO,1
La floresta,Apartamento,Usado,16 a 30 años,70.0,70.0,3.0,2,2,0,10,LA FLORESTA,LA FLORESTA,missing
Laureles,Apartamento,Usado,9 a 15 años,90.0,90.0,5.0,2,3,0,4,LAURELES,LAURELES,missing
Guayabal,Apartamento,Usado,1 a 8 años,100.0,100.0,4.0,2,3,1,3,GUAYABAL,GUAYABAL,3+
Belencito,Casa,Usado,16 a 30 años,104.0,104.0,3.0,2,3,0,1,BELENCITO,BELENCITO,1
Laureles,Apartamento,Usado,1 a 8 años,240.0,240.0,5.0,3,4,2,3,LAURELES,LAURELES,missing
Belén Miravalle,Apartamento,Usado,menor a 1 año,100.0,100.0,4.0,2,3,1,7,BELEN MIRAVALLE,BELEN MIRAVALLE,missing
Calasanz parte alta,Apartamento,Usado,1 a 8 años,138.0,138.0,4.0,3,4,1,2,CALASANZ PARTE ALTA,CALASANZ PARTE ALTA,missing
Campo valdes no1,Apartaestudio,Usado,16 a 30 años,50.0,50.0,3.0,1,1,0,3,CAMPO VALDES NO1,CAMPO VALDES NO1,3+
Loma de las brujas,Apartaestudio,Usado,más de 30 años,310.0,310.0,5.0,6,4,0,1,LOMA DE LAS BRUJAS,OTROS,1
El Poblado,Apartamento,Usado,16 a 30 años,55.0,55.0,6.0,1,1,1,1,EL POBLADO,EL POBLADO,missing
Calasanz,Apartamento,Usado,1 a 8 años,54.0,54.0,4.0,2,3,1,6,CALASANZ,CALASANZ,missing
San javier,Apartamento,Usado,menor a 1 año,45.0,45.0,3.0,2,3,1,6,SAN JAVIER,SAN JAVIER,missing
Calasanz,Apartamento,Usado,1 a 8 años,70.0,70.0,5.0,2,3,1,15,CALASANZ,CALASANZ,3+
El Poblado,Apartamento,Usado,16 a 30 años,36.0,36.0,4.0,1,1,1,1,EL POBLADO,EL POBLADO,1
El Poblado,Apartamento,Usado,menor a 1 año,90.0,90.0,5.0,3,3,2,25,EL POBLADO,EL POBLADO,3+
Laureles,Apartamento,Usado,9 a 15 años,89.0,89.0,5.0,3,2,1,2,LAURELES,LAURELES,missing
Laureles,Apartamento,Usado,16 a 30 años,85.0,85.0,5.0,1,2,2,2,LAURELES,LAURELES,missing
La candelaria,Apartamento,Usado,1 a 8 años,87.0,87.0,4.0,3,3,0,2,LA CANDELARIA,LA CANDELARIA,2
Guayabal,Casa,Usado,16 a 30 años,37.0,37.0,4.0,1,1,0,1,GUAYABAL,GUAYABAL,1
El tesoro,Apartamento,Usado,16 a 30 años,190.0,190.0,6.0,4,3,2,4,EL TESORO,EL TESORO,missing
Calasanz,Apartamento,Usado,1 a 8 años,58.0,58.0,2.0,2,2,1,7,CALASANZ,CALASANZ,missing
El Poblado,Casa,Usado,más de 30 años,600.0,4500.0,6.0,4,3,10,1,EL POBLADO,EL POBLADO,missing
La candelaria,Apartamento,Nuevo,1 a 8 años,75.0,75.0,3.0,1,1,1,5,LA CANDELARIA,LA CANDELARIA,3+
El Poblado,Apartamento,Usado,16 a 30 años,52.0,52.0,5.0,2,2,1,9,EL POBLADO,EL POBLADO,missing
Loma del Indio,Apartamento,Usado,1 a 8 años,78.0,78.0,6.0,2,2,0,18,LOMA DEL INDIO,LOMA DEL INDIO,3+
Altos del poblado,Casa,Usado,1 a 8 años,415.0,660.0,6.0,4,3,2,1,ALTOS DEL POBLADO,ALTOS DEL POBLADO,missing
Belén,Casa,Usado,16 a 30 años,85.0,85.0,3.0,1,3,0,1,BELEN,BELEN,1
Belén Rosales,Casa,Usado,1 a 8 años,126.0,126.0,3.0,2,4,0,2,BELEN ROSALES,BELEN ROSALES,2
El salvador,Casa,Usado,más de 30 años,5800.0,5800.0,2.0,1,2,0,1,EL SALVADOR,EL SALVADOR,missing
Milla de Oro,Apartamento,Usado,1 a 8 años,82.0,82.0,6.0,2,2,1,10,MILLA DE ORO,MILLA DE ORO,3+
 Robledo ,Apartamento,Usado,1 a 8 años,56.0,56.0,3.0,2,3,1,6,ROBLEDO,ROBLEDO,missing
Loma de los bernal,Apartamento,Usado,1 a 8 años,67.0,67.0,4.0,2,2,1,8,LOMA DE LOS BERNAL,LOMA DE LOS BERNAL,3+
El Poblado,Apartamento,Usado,16 a 30 años,500.0,500.0,6.0,6,5,2,3,EL POBLADO,EL POBLADO,missing
Laureles,Casa,Usado,16 a 30 años,110.0,110.0,4.0,3,4,1,1,LAURELES,LAURELES,missing
Laureles,Apartamento,Usado,16 a 30 años,45.0,45.0,3.0,1,2,0,4,LAURELES,LAURELES,missing
El Poblado,Apartamento,Buen estado,9 a 15 años,300.0,300.0,6.0,5,3,0,1,EL POBLADO,EL POBLADO,missing
Belén Los Alpes,Apartamento,Usado,9 a 15 años,45.0,45.0,4.0,1,2,1,12,BELEN LOS ALPES,BELEN LOS ALPES,3+
San diego,Apartamento,Usado,16 a 30 años,80.0,80.0,4.0,3,3,1,4,SAN DIEGO,SAN DIEGO,3+
El Poblado,Apartamento,Usado,más de 30 años,75.0,75.0,6.0,2,2,1,2,EL POBLADO,EL POBLADO,missing
San german,Apartamento,Usado,1 a 8 años,74.0,74.0,5.0,2,3,1,12,SAN GERMAN,SAN GERMAN,3+
La pilarica,Apartamento,Usado,1 a 8 años,1043.0,1043.0,4.0,1,2,0,1,LA PILARICA,LA PILARICA,1
Granizal,Apartamento,Excelente estado,1 a 8 años,180.0,180.0,6.0,3,3,3,18,GRANIZAL,GRANIZAL,3+
La frontera,Apartamento,Usado,9 a 15 años,118.0,118.0,5.0,2,3,1,5,LA FRONTERA,LA FRONTERA,missing
Centro,Apartaestudio,Usado,1 a 8 años,36.0,36.0,3.0,1,1,0,6,CENTRO,CENTRO,3+
Belén Las mercedes,Apartamento,Nuevo,menor a 1 año,110.0,110.0,5.0,3,3,1,13,BELEN LAS MERCEDES,BELEN LAS MERCEDES,missing
El Poblado,Apartamento,Usado,9 a 15 años,226.0,226.0,6.0,4,3,3,1,EL POBLADO,EL POBLADO,missing
Lorena,Apartamento,Usado,16 a 30 años,75.0,75.0,4.0,2,2,1,4,LORENA,LORENA,3+
Belén San Bernardo,Casa,Usado,16 a 30 años,82.0,82.0,3.0,2,3,0,2,BELEN SAN BERNARDO,BELEN SAN BERNARDO,2
San diego,Apartamento,Usado,1 a 8 años,60.0,60.0,5.0,1,2,1,5,SAN DIEGO,SAN DIEGO,3+
Manrique,Apartaestudio,Usado,más de 30 años,135.0,135.0,3.0,2,4,0,1,MANRIQUE,MANRIQUE,1
Los colores,Apartamento,Usado,1 a 8 años,75.0,75.0,5.0,2,2,1,2,LOS COLORES,LOS COLORES,missing
Los Balsos,Apartamento,Usado,1 a 8 años,160.0,160.0,6.0,4,3,1,11,LOS BALSOS,LOS BALSOS,3+
La floresta,Apartamento,Usado,16 a 30 años,75.0,75.0,3.0,1,3,1,1,LA FLORESTA,LA FLORESTA,1
Asomadera no2,Apartamento,Usado,menor a 1 año,64.0,64.0,6.0,2,2,1,16,ASOMADERA NO2,ASOMADERA NO2,3+
Calasanz,Apartamento,Usado,1 a 8 años,78.0,78.0,4.0,2,2,1,9,CALASANZ,CALASANZ,missing
El Poblado,Casa,Usado,16 a 30 años,510.0,510.0,6.0,5,4,2,1,EL POBLADO,EL POBLADO,1
San diego,Apartamento,Usado,9 a 15 años,102.4,102.4,6.0,2,3,1,5,SAN DIEGO,SAN DIEGO,missing
San javier,Apartamento,Usado,1 a 8 años,55.0,55.0,3.0,2,2,0,2,SAN JAVIER,SAN JAVIER,2
Villa hermosa,Apartaestudio,Usado,1 a 8 años,30.0,30.0,3.0,1,1,0,3,VILLA HERMOSA,VILLA HERMOSA,missing
Belen La Palma,Apartamento,Usado,16 a 30 años,175.0,175.0,4.0,3,3,1,2,BELEN LA PALMA,BELEN LA PALMA,2
Doce de octubre,Apartamento,Usado,16 a 30 años,45.0,45.0,4.0,1,1,0,2,DOCE DE OCTUBRE,OTROS,2
El Poblado,Apartamento,Usado,1 a 8 años,220.0,220.0,6.0,5,3,2,6,EL POBLADO,EL POBLADO,missing
Patio bonito,Apartamento,Usado,1 a 8 años,120.0,120.0,5.0,3,4,2,1,PATIO BONITO,PATIO BONITO,missing
San german,Apartamento,Usado,más de 30 años,55.0,55.0,3.0,2,2,0,1,SAN GERMAN,SAN GERMAN,1
Altos del poblado,Apartamento,Usado,16 a 30 años,100.0,100.0,6.0,2,2,2,8,ALTOS DEL POBLADO,ALTOS DEL POBLADO,missing
Boston,Apartaestudio,Usado,16 a 30 años,20.0,20.0,4.0,1,1,0,1,BOSTON,BOSTON,1
El Poblado,Apartamento,Usado,16 a 30 años,92.0,92.0,5.0,2,3,1,6,EL POBLADO,EL POBLADO,missing
Belen La Palma,Casa,Usado,1 a 8 años,160.0,160.0,5.0,2,3,1,1,BELEN LA PALMA,BELEN LA PALMA,1
El Poblado,Apartamento,Usado,16 a 30 años,90.0,90.0,6.0,2,3,1,4,EL POBLADO,EL POBLADO,missing
El Poblado,Apartamento,Usado,más de 30 años,62.0,62.0,5.0,2,2,0,13,EL POBLADO,EL POBLADO,3+
El Poblado,Apartamento,Usado,16 a 30 años,52.0,52.0,4.0,2,2,1,9,EL POBLADO,EL POBLADO,missing
Laureles,Apartamento,Usado,9 a 15 años,110.0,110.0,4.0,2,3,1,24,LAURELES,LAURELES,missing
El Poblado,Apartamento,Usado,más de 30 años,7000.0,7000.0,5.0,2,3,1,7,EL POBLADO,EL POBLADO,missing
El Poblado,Casa,Buen estado,más de 30 años,500.0,500.0,6.0,6,7,10,1,EL POBLADO,EL POBLADO,1
Calasanz,Apartamento,Usado,1 a 8 años,60.0,60.0,3.0,2,2,0,16,CALASANZ,CALASANZ,3+
Laureles,Apartamento,Usado,16 a 30 años,106.0,106.0,5.0,2,3,1,5,LAURELES,LAURELES,missing
Belen Malibu,Casa,Usado,16 a 30 años,350.0,350.0,5.0,6,6,0,1,BELEN MALIBU,BELEN MALIBU,1
San diego,Apartamento,Usado,1 a 8 años,52.0,52.0,4.0,2,2,0,6,SAN DIEGO,SAN DIEGO,3+
Suramericana,Casa,Usado,menor a 1 año,375.0,375.0,5.0,4,7,0,1,SURAMERICANA,SURAMERICANA,1
Enciso,Casa,Usado,16 a 30 años,70.0,70.0,2.0,2,2,0,1,ENCISO,ENCISO,missing
Belén,Apartamento,Usado,9 a 15 años,122.0,122.0,5.0,4,3,2,10,BELEN,BELEN,missing
La castellana,Casa,Usado,16 a 30 años,270.0,270.0,5.0,3,5,1,1,LA CASTELLANA,LA CASTELLANA,1
Centro,Apartamento,Usado,16 a 30 años,40.0,40.0,4.0,1,1,0,2,CENTRO,CENTRO,missing
La candelaria,Apartaestudio,Buen estado,1 a 8 años,37.0,37.0,4.0,1,1,0,5,LA CANDELARIA,LA CANDELARIA,3+
San cristobal,Apartamento,Usado,1 a 8 años,58.0,58.0,2.0,1,2,0,5,SAN CRISTOBAL,SAN CRISTOBAL,missing
El salvador,Apartaestudio,Usado,16 a 30 años,32.0,32.0,3.0,1,1,0,3,EL SALVADOR,EL SALVADOR,missing
El Poblado,Apartamento,Usado,1 a 8 años,72.0,72.0,6.0,2,2,2,9,EL POBLADO,EL POBLADO,missing
El Poblado,Apartamento,Usado,16 a 30 años,143.0,143.0,6.0,4,3,2,4,EL POBLADO,EL POBLADO,3+
Las palmas,Apartamento,Usado,1 a 8 años,118.0,118.0,6.0,3,3,1,3,LAS PALMAS,LAS PALMAS,missing
La frontera,Apartamento,Usado,9 a 15 años,114.0,114.0,5.0,3,3,1,2,LA FRONTERA,LA FRONTERA,missing
Centro,Apartamento,Usado,16 a 30 años,5000.0,5000.0,3.0,1,3,0,18,CENTRO,CENTRO,3+
Belén,Apartamento,Usado,16 a 30 años,55.0,55.0,3.0,1,2,0,2,BELEN,BELEN,2
San javier,Apartamento,Usado,menor a 1 año,50.0,50.0,3.0,1,2,0,4,SAN JAVIER,SAN JAVIER,missing
Asomadera no2,Apartamento,Usado,9 a 15 años,15000.0,15000.0,5.0,3,2,2,12,ASOMADERA NO2,ASOMADERA NO2,missing
Belén Rincón,Apartaestudio,Usado,16 a 30 años,15.0,15.0,3.0,1,1,0,3,BELEN RINCON,BELEN RINCON,3+
Doce de octubre no2,Apartamento,Usado,16 a 30 años,40.0,40.0,2.0,1,2,0,3,DOCE DE OCTUBRE NO2,OTROS,3+
Cristo rey,Apartamento,Buen estado,menor a 1 año,75.0,75.0,4.0,2,2,0,3,CRISTO REY,CRISTO REY,3+
Cordoba,Apartamento,Usado,16 a 30 años,74.0,74.0,4.0,2,3,1,4,CORDOBA,CORDOBA,3+
El Poblado,Apartamento,Usado,16 a 30 años,175.0,175.0,6.0,3,2,2,1,EL POBLADO,EL POBLADO,missing
El Poblado,Casa,Usado,más de 30 años,420.0,420.0,6.0,5,7,6,1,EL POBLADO,EL POBLADO,missing
El Poblado,Apartamento,Buen estado,más de 30 años,109.0,109.0,6.0,2,3,2,1,EL POBLADO,EL POBLADO,1
Belén,Apartaestudio,Usado,16 a 30 años,90.0,90.0,4.0,2,2,1,2,BELEN,BELEN,2
La frontera,Apartamento,Usado,9 a 15 años,206.0,206.0,6.0,5,4,2,2,LA FRONTERA,LA FRONTERA,missing
La Calera,Casa,Usado,16 a 30 años,360.0,600.0,6.0,5,4,4,1,LA CALERA,LA CALERA,1
Laureles,Apartaestudio,Usado,16 a 30 años,3.0,3.0,4.0,1,2,0,9,LAURELES,LAURELES,3+
Belén San Bernardo,Apartamento,Usado,16 a 30 años,110.0,110.0,3.0,2,3,0,5,BELEN SAN BERNARDO,BELEN SAN BERNARDO,3+
La milagrosa,Casa,Usado,1 a 8 años,20000.0,20000.0,3.0,1,3,0,1,LA MILAGROSA,LA MILAGROSA,missing
Las palmas,Apartaestudio,Usado,16 a 30 años,30.0,30.0,3.0,1,1,0,3,LAS PALMAS,LAS PALMAS,missing
San german,Apartamento,Usado,1 a 8 años,70.0,70.0,4.0,2,3,1,3,SAN GERMAN,SAN GERMAN,missing
Laureles,Apartamento,Usado,16 a 30 años,66.0,66.0,5.0,2,2,1,13,LAURELES,LAURELES,missing
Calasanz,Apartamento,Usado,9 a 15 años,70.0,70.0,3.0,2,3,1,3,CALASANZ,CALASANZ,missing
El Poblado,Apartamento,Usado,16 a 30 años,56.0,56.0,4.0,2,2,1,6,EL POBLADO,EL POBLADO,missing
Laureles,Apartamento,Usado,16 a 30 años,85.0,85.0,5.0,2,3,0,7,LAURELES,LAURELES,missing
Colasania,Apartamento,Usado,9 a 15 años,52.0,52.0,4.0,2,2,1,9,COLASANIA,COLASANIA,3+
Las palmas,Apartamento,Usado,1 a 8 años,87.0,87.0,5.0,2,3,1,10,LAS PALMAS,LAS PALMAS,missing
Calasanz,Apartamento,Usado,1 a 8 años,65.0,65.0,4.0,2,2,1,8,CALASANZ,CALASANZ,3+
Castilla,Apartamento,Usado,16 a 30 años,6000.0,6000.0,3.0,1,2,0,6,CASTILLA,CASTILLA,missing
Lorena,Apartamento,Usado,1 a 8 años,65.0,65.0,4.0,2,2,0,2,LORENA,LORENA,2
El Poblado,Apartamento,Usado,16 a 30 años,60.0,60.0,5.0,2,2,0,6,EL POBLADO,EL POBLADO,missing
Castropol,Apartamento,Usado,1 a 8 años,60.0,60.0,6.0,2,2,1,6,CASTROPOL,CASTROPOL,missing
Belén,Casa,Usado,16 a 30 años,75.0,75.0,5.0,2,4,0,1,BELEN,BELEN,missing
Centro,Apartaestudio,Nuevo,16 a 30 años,60.0,60.0,4.0,1,1,0,4,CENTRO,CENTRO,3+
Laureles,Apartaestudio,Usado,1 a 8 años,30.0,30.0,5.0,1,1,0,3,LAURELES,LAURELES,3+
Santa rosa de lima,Apartamento,Usado,menor a 1 año,60.0,55.0,3.0,2,2,1,15,SANTA ROSA DE LIMA,SANTA ROSA DE LIMA,3+
La america,Apartamento,Usado,más de 30 años,84.0,84.0,5.0,2,3,1,6,LA AMERICA,LA AMERICA,missing
Belén,Apartamento,Usado,16 a 30 años,76.0,76.0,4.0,2,2,1,3,BELEN,BELEN,3+
Calasanz,Apartamento,Usado,1 a 8 años,58.0,58.0,5.0,2,3,0,10,CALASANZ,CALASANZ,missing
San diego,Apartaestudio,Usado,menor a 1 año,58.0,58.0,4.0,2,1,1,8,SAN DIEGO,SAN DIEGO,missing
Laureles,Apartamento,Usado,1 a 8 años,165.0,165.0,6.0,4,3,2,8,LAURELES,LAURELES,3+
La linde,Apartamento,Usado,16 a 30 años,137.0,137.0,5.0,4,3,2,2,LA LINDE,LA LINDE,2
Las palmas,Apartamento,Usado,1 a 8 años,65.0,65.0,6.0,2,2,1,5,LAS PALMAS,LAS PALMAS,missing
Loma del Indio,Apartamento,Usado,16 a 30 años,70.0,70.0,4.0,2,3,0,3,LOMA DEL INDIO,LOMA DEL INDIO,3+
Boston,Apartaestudio,Usado,9 a 15 años,45.0,45.0,3.0,1,1,0,1,BOSTON,BOSTON,1
Alejandria,Apartamento,Usado,16 a 30 años,90.0,90.0,6.0,2,2,2,4,ALEJANDRIA,ALEJANDRIA,3+
Prado,Casa,Buen estado,más de 30 años,130.0,130.0,2.0,6,3,0,2,PRADO,PRADO,2
Robledo,Apartamento,Usado,más de 30 años,60.0,60.0,3.0,2,3,0,10,ROBLEDO,ROBLEDO,3+
El Poblado,Apartamento,Usado,1 a 8 años,294.0,294.0,6.0,5,4,2,1,EL POBLADO,EL POBLADO,missing
La america,Apartamento,Usado,más de 30 años,73.0,73.0,4.0,1,2,0,3,LA AMERICA,LA AMERICA,missing
Robledo,Apartamento,Usado,más de 30 años,55.0,55.0,3.0,1,3,0,6,ROBLEDO,ROBLEDO,3+
Vía Las Palmas,Apartamento,Usado,1 a 8 años,213.0,213.0,5.0,3,5,2,6,VIA LAS PALMAS,VIA LAS PALMAS,3+
Prado,Casa,Usado,16 a 30 años,140.0,140.0,4.0,2,5,0,1,PRADO,PRADO,missing
Conquistadores,Casa,Usado,16 a 30 años,308.0,308.0,5.0,2,7,1,1,CONQUISTADORES,CONQUISTADORES,missing
Estadio,Apartaestudio,Usado,1 a 8 años,50.0,50.0,6.0,1,1,1,5,ESTADIO,ESTADIO,3+
Caicedo,Apartamento,Usado,16 a 30 años,60.0,60.0,1.0,1,3,0,3,CAICEDO,OTROS,3+
San cristobal,Apartamento,Usado,9 a 15 años,49.0,49.0,2.0,2,2,0,10,SAN CRISTOBAL,SAN CRISTOBAL,missing
Belén San Bernardo,Apartaestudio,Usado,16 a 30 años,30.0,30.0,2.0,1,1,0,2,BELEN SAN BERNARDO,BELEN SAN BERNARDO,2
Occidente,Casa,Usado,9 a 15 años,180.0,180.0,4.0,2,3,0,1,OCCIDENTE,OTROS,missing
La castellana,Apartamento,Usado,16 a 30 años,76.0,76.0,5.0,2,2,1,11,LA CASTELLANA,LA CASTELLANA,3+
Loma del Indio,Apartamento,Usado,9 a 15 años,50.0,50.0,4.0,1,3,1,6,LOMA DEL INDIO,LOMA DEL INDIO,3+
El Poblado,Apartamento,Usado,16 a 30 años,157.0,157.0,6.0,4,3,2,4,EL POBLADO,EL POBLADO,missing
Los Balsos,Casa,Usado,1 a 8 años,350.0,350.0,6.0,4,2,5,1,LOS BALSOS,LOS BALSOS,1
Belen Las Playas,Casa,Usado,16 a 30 años,87.0,87.0,3.0,2,4,0,1,BELEN LAS PLAYAS,BELEN LAS PLAYAS,missing
San diego,Apartamento,Usado,1 a 8 años,102.4,102.4,6.0,2,3,2,5,SAN DIEGO,SAN DIEGO,missing
Loma del Indio,Apartamento,Buen estado,16 a 30 años,80.0,80.0,4.0,2,3,1,1,LOMA DEL INDIO,LOMA DEL INDIO,1
El Poblado,Apartaestudio,Usado,1 a 8 años,52.0,52.0,4.0,1,1,1,13,EL POBLADO,EL POBLADO,3+
Robledo,Apartamento,Usado,1 a 8 años,143.0,143.0,5.0,2,3,2,5,ROBLEDO,ROBLEDO,missing
La aguacatala,Apartamento,Usado,1 a 8 años,110.0,110.0,6.0,3,4,1,1,LA AGUACATALA,LA AGUACATALA,missing
Calasanz,Apartaestudio,Usado,16 a 30 años,20.0,20.0,3.0,1,1,0,2,CALASANZ,CALASANZ,missing
Cabañas,Casa,Usado,1 a 8 años,67.0,67.0,3.0,2,3,0,1,CABANAS,OTROS,missing
Centro,Apartamento,Usado,más de 30 años,158.0,158.0,4.0,3,5,1,8,CENTRO,CENTRO,3+
El Poblado,Apartamento,Usado,16 a 30 años,73.0,73.0,6.0,2,3,1,4,EL POBLADO,EL POBLADO,missing
Belén,Apartamento,Usado,16 a 30 años,64.0,64.0,4.0,2,2,0,1,BELEN,BELEN,1
El Poblado,Apartamento,Usado,9 a 15 años,170.0,170.0,6.0,2,2,2,8,EL POBLADO,EL POBLADO,3+
Robledo,Casa,Usado,1 a 8 años,190.0,190.0,3.0,1,1,0,1,ROBLEDO,ROBLEDO,missing
Florida nueva,Apartamento,Usado,1 a 8 años,110.0,110.0,5.0,3,3,1,13,FLORIDA NUEVA,FLORIDA NUEVA,missing
Los colores,Apartamento,Usado,menor a 1 año,200.0,200.0,5.0,3,4,1,1,LOS COLORES,LOS COLORES,missing
Pajarito,Apartamento,Usado,menor a 1 año,54.0,54.0,3.0,1,3,0,10,PAJARITO,PAJARITO,missing
Belén Rosales,Casa,Usado,1 a 8 años,110.0,110.0,4.0,2,5,0,3,BELEN ROSALES,BELEN ROSALES,3+
Shellmar,Apartamento,Nuevo,menor a 1 año,70.0,70.0,5.0,2,3,1,3,SHELLMAR,OTROS,missing
Simon bolivar,Casa,Usado,16 a 30 años,130.0,130.0,5.0,3,4,0,1,SIMON BOLIVAR,SIMON BOLIVAR,missing
La pilarica,Apartamento,Usado,16 a 30 años,100.0,100.0,5.0,3,4,0,5,LA PILARICA,LA PILARICA,missing
Los Balsos,Apartamento,Usado,1 a 8 años,240.0,240.0,6.0,4,4,3,7,LOS BALSOS,LOS BALSOS,missing
Laureles,Apartamento,Usado,1 a 8 años,70.0,70.0,5.0,2,2,0,4,LAURELES,LAURELES,3+
Calasanz,Casa,Buen estado,más de 30 años,141.6,141.6,4.0,3,4,1,2,CALASANZ,CALASANZ,2
Belén,Casa,Usado,9 a 15 años,330.0,330.0,4.0,6,5,2,1,BELEN,BELEN,missing
Robledo,Apartamento,Buen estado,16 a 30 años,85.0,85.0,5.0,2,3,1,9,ROBLEDO,ROBLEDO,3+
El Poblado,Apartamento,Usado,1 a 8 años,172.0,172.0,5.0,4,3,1,10,EL POBLADO,EL POBLADO,missing
San german,Casa,Usado,1 a 8 años,528.0,528.0,4.0,4,5,0,1,SAN GERMAN,SAN GERMAN,missing
San german,Apartamento,Usado,9 a 15 años,68.0,68.0,4.0,2,3,1,5,SAN GERMAN,SAN GERMAN,missing
La pilarica,Apartamento,Usado,1 a 8 años,63.0,63.0,3.0,2,2,0,6,LA PILARICA,LA PILARICA,missing
Conquistadores,Casa,Usado,1 a 8 años,150.0,150.0,3.0,2,4,0,1,CONQUISTADORES,CONQUISTADORES,missing
El Poblado,Apartamento,Buen estado,más de 30 años,260.0,260.0,6.0,5,4,3,10,EL POBLADO,EL POBLADO,3+
El Poblado,Apartamento,Usado,1 a 8 años,130.0,130.0,6.0,4,3,2,16,EL POBLADO,EL POBLADO,3+
Laureles,Apartamento,Usado,1 a 8 años,67.0,67.0,4.0,2,2,1,8,LAURELES,LAURELES,missing
Laureles,Apartamento,Usado,16 a 30 años,84.0,84.0,5.0,2,3,1,6,LAURELES,LAURELES,missing
Belen Alameda,Apartamento,Usado,9 a 15 años,126.0,126.0,5.0,3,3,1,5,BELEN ALAMEDA,BELEN ALAMEDA,missing
Laureles,Apartamento,Usado,16 a 30 años,85.0,85.0,5.0,2,3,1,7,LAURELES,LAURELES,missing
Laureles ,Apartamento,Usado,1 a 8 años,90.0,90.0,5.0,3,3,1,2,LAURELES,LAURELES,2
Laureles,Apartaestudio,Buen estado,1 a 8 años,25.0,25.0,4.0,1,1,0,2,LAURELES,LAURELES,2
El Poblado,Apartamento,Usado,1 a 8 años,316.0,316.0,6.0,5,4,3,1,EL POBLADO,EL POBLADO,missing
Loma De San Julian,Apartamento,Usado,16 a 30 años,84.0,95.0,6.0,2,3,1,2,LOMA DE SAN JULIAN,LOMA DE SAN JULIAN,2
El Poblado,Apartamento,Usado,16 a 30 años,1.0,1.0,6.0,1,2,0,10,EL POBLADO,EL POBLADO,3+
Ciudad del Río,Apartamento,Usado,1 a 8 años,86.0,86.0,5.0,2,3,1,3,CIUDAD DEL RIO,CIUDAD DEL RIO,missing
Laureles,Apartamento,Usado,menor a 1 año,180.0,180.0,5.0,3,2,2,6,LAURELES,LAURELES,missing
San diego,Apartamento,Usado,1 a 8 años,60.0,60.0,5.0,1,2,1,3,SAN DIEGO,SAN DIEGO,3+
Santa Elena,Casa,Usado,16 a 30 años,100.0,100.0,2.0,2,4,0,1,SANTA ELENA,OTROS,1
Trinidad,Apartamento,Usado,1 a 8 años,88.0,88.0,3.0,2,3,0,9,TRINIDAD,TRINIDAD,missing
Castropol,Apartamento,Usado,1 a 8 años,80.0,80.0,6.0,2,2,1,2,CASTROPOL,CASTROPOL,missing
Astorga,Apartamento,Usado,1 a 8 años,260.0,260.0,6.0,4,3,3,6,ASTORGA,ASTORGA,missing
Provenza,Apartamento,Usado,1 a 8 años,172.0,172.0,6.0,4,3,2,18,PROVENZA,PROVENZA,3+
Las palmas,Apartamento,Usado,1 a 8 años,55.0,55.0,4.0,2,2,0,5,LAS PALMAS,LAS PALMAS,missing
Buenos aires,Casa,Usado,más de 30 años,200.0,200.0,3.0,3,5,0,1,BUENOS AIRES,BUENOS AIRES,missing
Laureles,Casa,Usado,16 a 30 años,80.0,80.0,2.0,1,2,0,2,LAURELES,LAURELES,2
Florencia,Apartamento,Usado,1 a 8 años,28.0,28.0,2.0,1,1,0,1,FLORENCIA,OTROS,missing
Manrique,Apartamento,Usado,16 a 30 años,40.0,40.0,3.0,2,2,0,3,MANRIQUE,MANRIQUE,3+
La aguacatala,Apartamento,Nuevo,menor a 1 año,50.0,50.0,5.0,2,1,1,3,LA AGUACATALA,LA AGUACATALA,missing
Laureles,Apartamento,Usado,16 a 30 años,105.0,105.0,5.0,2,3,1,7,LAURELES,LAURELES,missing
Lorena,Apartamento,Usado,1 a 8 años,73.0,73.0,4.0,2,2,1,10,LORENA,LORENA,missing
Calasanz,Apartamento,Usado,9 a 15 años,90.0,90.0,4.0,2,3,1,4,CALASANZ,CALASANZ,missing
Laureles,Apartamento,Usado,16 a 30 años,180.0,180.0,4.0,4,3,1,6,LAURELES,LAURELES,missing
El Poblado,Apartamento,Usado,9 a 15 años,98.0,98.0,6.0,2,3,2,5,EL POBLADO,EL POBLADO,missing
La milagrosa,Apartaestudio,Usado,más de 30 años,40.0,40.0,3.0,1,1,0,3,LA MILAGROSA,LA MILAGROSA,3+
Los colores,Apartamento,Usado,9 a 15 años,108.0,108.0,4.0,3,3,1,6,LOS COLORES,LOS COLORES,missing
Los colores,Apartamento,Usado,1 a 8 años,190.0,190.0,5.0,3,3,0,1,LOS COLORES,LOS COLORES,missing
Loma del Indio,Apartamento,Buen estado,9 a 15 años,90.0,90.0,6.0,2,3,1,18,LOMA DEL INDIO,LOMA DEL INDIO,3+
Conquistadores,Apartaestudio,Usado,1 a 8 años,40.0,40.0,5.0,1,1,0,3,CONQUISTADORES,CONQUISTADORES,3+
Loma del Indio,Apartamento,Usado,16 a 30 años,72.0,72.0,5.0,2,2,1,11,LOMA DEL INDIO,LOMA DEL INDIO,3+
Robledo,Apartamento,Usado,9 a 15 años,80.0,80.0,5.0,2,2,0,3,ROBLEDO,ROBLEDO,3+
El Poblado,Apartamento,Usado,9 a 15 años,176.0,261.0,5.0,4,3,2,2,EL POBLADO,EL POBLADO,2
Brasilia,Casa,Usado,16 a 30 años,122.0,122.0,3.0,1,3,0,1,BRASILIA,OTROS,missing
Belén,Apartamento,Usado,9 a 15 años,57.0,57.0,3.0,2,2,0,10,BELEN,BELEN,missing
Boston,Casa,Buen estado,más de 30 años,177.0,177.0,4.0,3,5,0,2,BOSTON,BOSTON,2
Robledo,Apartamento,Usado,16 a 30 años,53.0,53.0,4.0,2,3,1,8,ROBLEDO,ROBLEDO,missing
El Poblado,Casa,Usado,16 a 30 años,220.0,220.0,6.0,5,4,3,3,EL POBLADO,EL POBLADO,3+
Noel,Apartamento,Usado,más de 30 años,98.0,98.0,5.0,3,3,2,2,NOEL,OTROS,missing
Laureles,Apartamento,Usado,1 a 8 años,78.0,78.0,4.0,2,2,1,9,LAURELES,LAURELES,missing
Conquistadores,Apartamento,Usado,1 a 8 años,115.0,115.0,5.0,3,3,2,4,CONQUISTADORES,CONQUISTADORES,missing
El Poblado,Apartamento,Buen estado,9 a 15 años,125.0,125.0,6.0,3,3,1,3,EL POBLADO,EL POBLADO,3+
Guayabal,Apartamento,Usado,1 a 8 años,72.0,72.0,4.0,2,3,1,10,GUAYABAL,GUAYABAL,missing
El Poblado,Apartaestudio,Usado,1 a 8 años,47.0,47.0,6.0,1,1,0,18,EL POBLADO,EL POBLADO,3+
Estadio,Apartamento,Usado,1 a 8 años,110.0,110.0,5.0,3,3,1,13,ESTADIO,ESTADIO,missing
Loma del Indio,Casa,Usado,1 a 8 años,80.0,80.0,4.0,2,4,1,1,LOMA DEL INDIO,LOMA DEL INDIO,missing
El Poblado,Apartamento,Usado,más de 30 años,99.0,99.0,6.0,2,2,1,13,EL POBLADO,EL POBLADO,missing
Suramericana,Casa,Usado,16 a 30 años,200.0,200.0,5.0,3,4,0,1,SURAMERICANA,SURAMERICANA,missing
San german,Apartamento,Usado,1 a 8 años,59.0,59.0,4.0,2,3,0,18,SAN GERMAN,SAN GERMAN,3+
Belén Altavista,Apartamento,Excelente estado,menor a 1 año,65.0,65.0,4.0,2,2,1,5,BELEN ALTAVISTA,BELEN ALTAVISTA,missing
Conquistadores,Apartamento,Usado,16 a 30 años,120.0,120.0,5.0,3,3,2,9,CONQUISTADORES,CONQUISTADORES,3+
Jesus nazareno,Apartamento,Usado,16 a 30 años,97.0,97.0,3.0,2,4,0,2,JESUS NAZARENO,OTROS,missing
Los colores,Apartamento,Usado,1 a 8 años,88.0,88.0,4.0,2,3,1,9,LOS COLORES,LOS COLORES,missing
San german,Apartamento,Usado,1 a 8 años,70.0,70.0,4.0,2,3,1,3,SAN GERMAN,SAN GERMAN,missing
Prado,Apartamento,Usado,1 a 8 años,50.0,50.0,4.0,1,2,1,2,PRADO,PRADO,2
Laureles,Apartamento,Buen estado,16 a 30 años,110.0,110.0,5.0,3,3,1,4,LAURELES,LAURELES,3+
La candelaria,Apartamento,Usado,9 a 15 años,138.0,138.0,3.0,3,3,1,3,LA CANDELARIA,LA CANDELARIA,missing
Guayabal,Apartamento,Usado,1 a 8 años,74.0,74.0,3.0,2,3,1,11,GUAYABAL,GUAYABAL,missing
El Poblado,Apartamento,Usado,16 a 30 años,39.0,39.0,5.0,1,2,1,3,EL POBLADO,EL POBLADO,missing
El velodromo,Apartamento,Usado,1 a 8 años,47.0,47.0,4.0,2,1,0,6,EL VELODROMO,EL VELODROMO,missing
La candelaria,Apartaestudio,Buen estado,1 a 8 años,37.0,37.0,3.0,1,1,0,6,LA CANDELARIA,LA CANDELARIA,3+
Buenos aires,Apartamento,Usado,16 a 30 años,75.0,75.0,5.0,1,2,0,3,BUENOS AIRES,BUENOS AIRES,missing
Calasanz,Apartamento,Usado,9 a 15 años,68.0,68.0,3.0,2,2,1,12,CALASANZ,CALASANZ,missing
Belén,Apartamento,Buen estado,16 a 30 años,80.0,80.0,5.0,2,3,1,5,BELEN,BELEN,3+
Laureles,Casa,Usado,16 a 30 años,250.0,250.0,5.0,3,5,1,1,LAURELES,LAURELES,missing
Las palmas,Apartamento,Usado,1 a 8 años,2594.0,2594.0,6.0,3,3,2,10,LAS PALMAS,LAS PALMAS,missing
El Poblado,Apartamento,Usado,1 a 8 años,68.0,68.0,6.0,2,2,0,18,EL POBLADO,EL POBLADO,3+
Aranjuez,Casa,Usado,más de 30 años,89.0,89.0,3.0,1,4,0,1,ARANJUEZ,ARANJUEZ,1
El Poblado,Apartamento,Usado,16 a 30 años,150.0,150.0,4.0,3,3,2,11,EL POBLADO,EL POBLADO,3+
El Campestre,Apartamento,Usado,más de 30 años,444.0,444.0,6.0,5,4,4,3,EL CAMPESTRE,EL CAMPESTRE,3+
Laureles,Apartamento,Usado,1 a 8 años,78.0,78.0,4.0,2,3,1,5,LAURELES,LAURELES,missing
Robledo,Apartamento,Usado,más de 30 años,65.0,65.0,3.0,1,3,0,18,ROBLEDO,ROBLEDO,3+
Belén San Bernardo,Apartamento,Usado,16 a 30 años,120.0,120.0,3.0,2,3,1,5,BELEN SAN BERNARDO,BELEN SAN BERNARDO,3+
Loma de los bernal,Apartamento,Usado,1 a 8 años,103.0,103.0,4.0,2,3,2,6,LOMA DE LOS BERNAL,LOMA DE LOS BERNAL,missing
El Poblado,Apartamento,Usado,1 a 8 años,130.0,130.0,6.0,3,3,0,2,EL POBLADO,EL POBLADO,missing
El Poblado,Apartamento,Usado,9 a 15 años,87.0,87.0,6.0,2,3,0,4,EL POBLADO,EL POBLADO,3+
El Poblado,Apartamento,Usado,9 a 15 años,72.0,72.0,6.0,2,1,0,6,EL POBLADO,EL POBLADO,missing
Loma del Indio,Apartamento,Usado,1 a 8 años,60.0,60.0,4.0,2,2,1,6,LOMA DEL INDIO,LOMA DEL INDIO,missing
El Poblado,Apartamento,Buen estado,1 a 8 años,42.0,42.0,6.0,1,1,1,13,EL POBLADO,EL POBLADO,3+
Boston,Casa,Usado,1 a 8 años,90.0,90.0,3.0,2,4,0,1,BOSTON,BOSTON,missing
Shellmar,Apartamento,Nuevo,menor a 1 año,79.0,79.0,5.0,3,2,1,4,SHELLMAR,OTROS,missing
Pajarito,Apartamento,Usado,1 a 8 años,53.0,53.0,3.0,2,3,0,8,PAJARITO,PAJARITO,missing
Aranjuez,Apartamento,Usado,más de 30 años,52.0,52.0,3.0,2,3,0,5,ARANJUEZ,ARANJUEZ,3+
El Poblado,Apartamento,Usado,1 a 8 años,95.0,95.0,5.0,2,3,1,2,EL POBLADO,EL POBLADO,2
Belén San Bernardo,Apartamento,Usado,menor a 1 año,130.0,130.0,3.0,2,4,0,2,BELEN SAN BERNARDO,BELEN SAN BERNARDO,missing
La candelaria ,Apartamento,Usado,9 a 15 años,102.0,102.0,6.0,3,3,2,15,LA CANDELARIA,LA CANDELARIA,3+
El Poblado,Apartamento,Buen estado,16 a 30 años,143.0,143.0,6.0,3,3,2,6,EL POBLADO,EL POBLADO,3+
Laureles,Casa,Usado,9 a 15 años,1200.0,1200.0,5.0,4,4,10,1,LAURELES,LAURELES,missing
Las palmas,Apartamento,Usado,1 a 8 años,64.0,64.0,4.0,2,2,1,7,LAS PALMAS,LAS PALMAS,missing
El Poblado,Apartamento,Usado,9 a 15 años,310.0,310.0,6.0,4,4,2,2,EL POBLADO,EL POBLADO,missing
Santa maria de los angeles,Apartamento,Usado,16 a 30 años,72.0,72.0,6.0,2,2,2,9,SANTA MARIA DE LOS ANGELES,SANTA MARIA DE LOS ANGELES,missing
Doce de octubre no2,Apartamento,Usado,16 a 30 años,3500.0,3500.0,3.0,1,2,0,6,DOCE DE OCTUBRE NO2,OTROS,missing
Belén,Apartamento,Usado,16 a 30 años,75.0,75.0,3.0,2,3,0,4,BELEN,BELEN,3+
Calasanz,Apartamento,Usado,1 a 8 años,80.0,80.0,4.0,2,3,1,6,CALASANZ,CALASANZ,missing
El tesoro,Casa,Usado,9 a 15 años,260.0,260.0,6.0,5,3,2,1,EL TESORO,EL TESORO,missing
Belen La Palma,Apartamento,Usado,1 a 8 años,70.0,70.0,4.0,2,2,0,2,BELEN LA PALMA,BELEN LA PALMA,2
Villa hermosa,Casa,Usado,1 a 8 años,80.0,80.0,3.0,1,3,0,1,VILLA HERMOSA,VILLA HERMOSA,missing
Laureles,Apartamento,Usado,16 a 30 años,40.0,40.0,5.0,1,2,0,9,LAURELES,LAURELES,3+
El Poblado,Apartamento,Usado,1 a 8 años,80.0,80.0,5.0,2,3,1,6,EL POBLADO,EL POBLADO,missing
El Poblado,Apartamento,Usado,16 a 30 años,120.0,120.0,6.0,2,3,1,3,EL POBLADO,EL POBLADO,missing
Laureles,Casa,Usado,16 a 30 años,180.0,180.0,4.0,2,5,0,1,LAURELES,LAURELES,missing
Ciudad del Río,Apartaestudio,Usado,1 a 8 años,45.0,45.0,6.0,1,1,1,2,CIUDAD DEL RIO,CIUDAD DEL RIO,missing
La candelaria ,Apartamento,Usado,9 a 15 años,79.0,79.0,4.0,2,3,1,5,LA CANDELARIA,LA CANDELARIA,missing
Belén,Apartaestudio,Usado,16 a 30 años,35.0,35.0,6.0,1,1,0,3,BELEN,BELEN,missing
Pajarito,Apartamento,Usado,9 a 15 años,52.0,52.0,3.0,1,3,1,16,PAJARITO,PAJARITO,3+
Loma del Indio,Apartamento,Usado,16 a 30 años,69.0,69.0,4.0,2,2,1,13,LOMA DEL INDIO,LOMA DEL INDIO,missing
Belén,Apartamento,Buen estado,16 a 30 años,71.0,71.0,4.0,2,2,1,18,BELEN,BELEN,3+
Cristo rey,Apartamento,Buen estado,1 a 8 años,66.0,66.0,6.0,2,2,2,16,CRISTO REY,CRISTO REY,3+
El Poblado,Apartamento,Buen estado,más de 30 años,212.0,212.0,6.0,3,3,2,10,EL POBLADO,EL POBLADO,3+
Loma De San Julian,Apartamento,Usado,9 a 15 años,75.0,75.0,5.0,2,3,1,8,LOMA DE SAN JULIAN,LOMA DE SAN JULIAN,3+
Santa Mónica,Apartamento,Usado,9 a 15 años,91.0,91.0,3.0,2,4,1,5,SANTA MONICA,SANTA MONICA,missing
Las palmas,Casa,Usado,1 a 8 años,600.0,600.0,6.0,5,4,10,1,LAS PALMAS,LAS PALMAS,1
Los colores,Apartamento,Usado,1 a 8 años,119.0,119.0,4.0,3,4,1,4,LOS COLORES,LOS COLORES,3+
Las palmas,Apartamento,Usado,16 a 30 años,100.0,100.0,5.0,3,3,1,3,LAS PALMAS,LAS PALMAS,missing
Simon bolivar,Casa,Usado,1 a 8 años,180.0,180.0,4.0,3,6,0,1,SIMON BOLIVAR,SIMON BOLIVAR,missing
Laureles,Apartamento,Nuevo,menor a 1 año,53.0,53.0,5.0,2,1,1,5,LAURELES,LAURELES,missing
Santa Mónica,Casa,Usado,16 a 30 años,160.0,130.0,4.0,3,4,0,1,SANTA MONICA,SANTA MONICA,missing
La castellana,Casa,Usado,16 a 30 años,306.0,306.0,5.0,3,5,0,1,LA CASTELLANA,LA CASTELLANA,missing
Robledo,Apartamento,Usado,menor a 1 año,52.0,52.0,3.0,1,2,0,3,ROBLEDO,ROBLEDO,missing
Belén,Casa,Usado,16 a 30 años,180.0,180.0,3.0,2,3,0,1,BELEN,BELEN,missing
La america,Apartaestudio,Usado,más de 30 años,30.0,30.0,4.0,1,1,0,2,LA AMERICA,LA AMERICA,2
El Poblado,Casa,Usado,1 a 8 años,430.0,430.0,5.0,7,5,4,1,EL POBLADO,EL POBLADO,missing
El Poblado,Apartamento,Usado,1 a 8 años,173.0,173.0,6.0,3,3,1,4,EL POBLADO,EL POBLADO,missing
Belén,Apartamento,Usado,menor a 1 año,110.0,110.0,5.0,2,3,1,24,BELEN,BELEN,missing
Laureles,Apartaestudio,Usado,16 a 30 años,35.0,35.0,5.0,1,1,1,3,LAURELES,LAURELES,3+
Trinidad,Apartaestudio,Usado,más de 30 años,35.0,35.0,3.0,1,1,0,3,TRINIDAD,TRINIDAD,missing
Los colores,Apartaestudio,Usado,9 a 15 años,35.0,35.0,5.0,1,1,1,3,LOS COLORES,LOS COLORES,missing
El Poblado,Apartamento,Usado,9 a 15 años,90.0,90.0,6.0,3,3,2,1,EL POBLADO,EL POBLADO,missing
El Campestre,Apartamento,Usado,9 a 15 años,360.0,360.0,6.0,4,3,2,1,EL CAMPESTRE,EL CAMPESTRE,missing
Vía Las Palmas,Apartaestudio,Usado,1 a 8 años,40.0,40.0,3.0,1,1,0,2,VIA LAS PALMAS,VIA LAS PALMAS,missing
Laureles,Apartamento,Usado,16 a 30 años,297.0,297.0,4.0,4,4,2,1,LAURELES,LAURELES,missing
El Poblado,Apartamento,Buen estado,16 a 30 años,64.0,64.0,5.0,2,2,1,10,EL POBLADO,EL POBLADO,3+
 Rodeo Alto ,Apartaestudio,Usado,16 a 30 años,62.0,62.0,4.0,2,2,1,3,RODEO ALTO,RODEO ALTO,3+
El Poblado,Apartamento,Usado,1 a 8 años,62.0,62.0,6.0,2,3,1,11,EL POBLADO,EL POBLADO,missing
 Rodeo Alto ,Apartamento,Usado,1 a 8 años,70.0,70.0,4.0,2,3,1,5,RODEO ALTO,RODEO ALTO,3+
Laureles,Apartamento,Usado,16 a 30 años,70.0,70.0,5.0,2,2,1,10,LAURELES,LAURELES,3+
Laureles,Apartaestudio,Usado,9 a 15 años,35.0,35.0,5.0,1,1,0,3,LAURELES,LAURELES,missing
Las palmas,Apartaestudio,Usado,1 a 8 años,61.2,61.2,4.0,2,1,1,1,LAS PALMAS,LAS PALMAS,1
Loma del Indio,Apartamento,Usado,1 a 8 años,83.0,83.0,5.0,2,3,1,4,LOMA DEL INDIO,LOMA DEL INDIO,3+
Santa lucia,Apartamento,Usado,menor a 1 año,90.0,90.0,3.0,2,4,0,3,SANTA LUCIA,SANTA LUCIA,3+
Belén Miravalle,Apartamento,Usado,1 a 8 años,125.0,125.0,4.0,3,3,1,2,BELEN MIRAVALLE,BELEN MIRAVALLE,missing
Campo amor,Apartamento,Usado,1 a 8 años,4500.0,4500.0,3.0,1,1,0,1,CAMPO AMOR,CAMPO AMOR,missing
Buenos aires,Apartamento,Usado,1 a 8 años,50.0,50.0,3.0,1,3,0,4,BUENOS AIRES,BUENOS AIRES,missing
Manrique,Casa,Usado,16 a 30 años,102.0,102.0,3.0,1,3,0,1,MANRIQUE,MANRIQUE,1
Laureles,Apartamento,Usado,1 a 8 años,83.0,83.0,5.0,1,2,1,3,LAURELES,LAURELES,missing
Calasanz,Apartamento,Usado,más de 30 años,70.0,70.0,4.0,2,2,0,10,CALASANZ,CALASANZ,3+
Boston,Apartamento,Usado,más de 30 años,70.0,70.0,4.0,2,2,0,1,BOSTON,BOSTON,1
Loma del Indio,Casa,Usado,1 a 8 años,200.0,200.0,5.0,4,3,2,1,LOMA DEL INDIO,LOMA DEL INDIO,1
El Poblado,Apartamento,Usado,9 a 15 años,199.0,199.0,6.0,3,3,2,2,EL POBLADO,EL POBLADO,missing
Los Parra,Apartamento,Usado,1 a 8 años,70.0,70.0,6.0,2,3,1,1,LOS PARRA,LOS PARRA,1
Los Balsos,Apartamento,Usado,1 a 8 años,93.0,93.0,5.0,2,3,1,8,LOS BALSOS,LOS BALSOS,missing
Prado,Apartamento,Usado,16 a 30 años,98.0,98.0,4.0,2,3,0,5,PRADO,PRADO,missing
El Poblado,Apartamento,Usado,9 a 15 años,95.0,95.0,6.0,2,3,0,18,EL POBLADO,EL POBLADO,3+
Santa maria de los angeles,Apartamento,Usado,16 a 30 años,137.0,137.0,6.0,3,4,1,1,SANTA MARIA DE LOS ANGELES,SANTA MARIA DE LOS ANGELES,missing
El Poblado,Apartamento,Usado,16 a 30 años,90.0,90.0,5.0,2,2,1,8,EL POBLADO,EL POBLADO,missing
Belén Aliadas,Apartamento,Usado,1 a 8 años,90.0,90.0,3.0,1,3,0,3,BELEN ALIADAS,BELEN ALIADAS,3+
Loma de los bernal,Apartamento,Usado,9 a 15 años,68.0,68.0,4.0,2,3,0,18,LOMA DE LOS BERNAL,LOMA DE LOS BERNAL,3+
Las palmas,Apartamento,Usado,1 a 8 años,74.0,74.0,4.0,2,3,0,11,LAS PALMAS,LAS PALMAS,missing
Calasanz,Apartamento,Usado,16 a 30 años,55.0,55.0,3.0,2,3,0,1,CALASANZ,CALASANZ,1
Loma del Indio,Apartamento,Buen estado,16 a 30 años,84.0,84.0,6.0,2,3,1,18,LOMA DEL INDIO,LOMA DEL INDIO,3+
Centro,Casa,Usado,menor a 1 año,78.0,78.0,4.0,2,3,1,1,CENTRO,CENTRO,missing
Laureles,Apartamento,Usado,1 a 8 años,120.0,120.0,5.0,3,3,1,6,LAURELES,LAURELES,3+
Robledo,Apartamento,Usado,menor a 1 año,68.0,68.0,4.0,2,2,1,10,ROBLEDO,ROBLEDO,3+
Villa hermosa,Apartaestudio,Usado,más de 30 años,33.0,33.0,3.0,1,1,0,1,VILLA HERMOSA,VILLA HERMOSA,1
San diego,Apartamento,Buen estado,1 a 8 años,98.0,98.0,6.0,3,2,2,18,SAN DIEGO,SAN DIEGO,3+
Calasanz,Apartamento,Usado,menor a 1 año,66.0,66.0,4.0,2,3,1,4,CALASANZ,CALASANZ,missing
Laureles,Apartamento,Buen estado,9 a 15 años,85.0,85.0,5.0,2,2,1,4,LAURELES,LAURELES,3+
Robledo,Apartamento,Usado,1 a 8 años,50.0,50.0,3.0,2,3,0,15,ROBLEDO,ROBLEDO,3+
Guayabal,Apartaestudio,Usado,16 a 30 años,25.0,25.0,3.0,1,1,0,1,GUAYABAL,GUAYABAL,1
San diego,Apartaestudio,Usado,16 a 30 años,36.0,33.0,3.0,1,1,0,1,SAN DIEGO,SAN DIEGO,1
Belen Malibu,Apartamento,Usado,1 a 8 años,60.0,60.0,4.0,2,2,0,1,BELEN MALIBU,BELEN MALIBU,1
Belén,Apartamento,Usado,1 a 8 años,75.0,75.0,4.0,2,3,0,7,BELEN,BELEN,missing
El tesoro,Apartamento,Usado,1 a 8 años,80.0,80.0,6.0,1,1,2,13,EL TESORO,EL TESORO,3+
Loma de los Gonzalez,Apartaestudio,Usado,1 a 8 años,65.0,62.0,6.0,2,1,1,8,LOMA DE LOS GONZALEZ,LOMA DE LOS GONZALEZ,missing
Buenos aires,Apartamento,Usado,1 a 8 años,41.0,41.0,3.0,1,2,0,18,BUENOS AIRES,BUENOS AIRES,3+
El Poblado,Apartamento,Usado,1 a 8 años,177.0,177.0,6.0,4,3,2,4,EL POBLADO,EL POBLADO,missing
 Laureles,Casa,Nuevo,menor a 1 año,180.0,180.0,4.0,1,5,0,1,LAURELES,LAURELES,missing
La america,Apartaestudio,Usado,9 a 15 años,36.0,36.0,3.0,1,1,0,1,LA AMERICA,LA AMERICA,1
Las palmas,Apartamento,Usado,1 a 8 años,200.0,200.0,3.0,2,6,0,1,LAS PALMAS,LAS PALMAS,missing
Belén,Apartamento,Usado,9 a 15 años,120.0,120.0,5.0,3,3,1,2,BELEN,BELEN,missing
El Poblado,Apartamento,Usado,1 a 8 años,80.0,80.0,4.0,2,3,1,6,EL POBLADO,EL POBLADO,missing
Loma de los bernal,Apartamento,Usado,16 a 30 años,125.0,125.0,5.0,2,2,1,12,LOMA DE LOS BERNAL,LOMA DE LOS BERNAL,missing
Belén San Bernardo,Apartamento,Usado,16 a 30 años,79.0,79.0,3.0,2,2,0,2,BELEN SAN BERNARDO,BELEN SAN BERNARDO,2
La america,Apartamento,Usado,16 a 30 años,75.0,75.0,4.0,2,2,0,3,LA AMERICA,LA AMERICA,3+
Los cerros - el vergel,Casa,Nuevo,menor a 1 año,120.0,120.0,3.0,3,4,0,1,LOS CERROS - EL VERGEL,OTROS,missing
Loma del Indio,Apartamento,Usado,1 a 8 años,102.4,102.4,5.0,2,3,1,5,LOMA DEL INDIO,LOMA DEL INDIO,missing
El velodromo,Casa,Usado,1 a 8 años,175.0,175.0,4.0,3,4,0,1,EL VELODROMO,EL VELODROMO,1
La castellana,Apartamento,Usado,1 a 8 años,85.0,85.0,5.0,2,3,1,1,LA CASTELLANA,LA CASTELLANA,1
Los colores,Apartamento,Usado,más de 30 años,68.0,68.0,4.0,2,3,0,10,LOS COLORES,LOS COLORES,3+
Calasanz,Apartamento,Usado,menor a 1 año,56.0,56.0,3.0,2,3,0,6,CALASANZ,CALASANZ,missing
Loma de los bernal,Apartamento,Usado,1 a 8 años,70.0,70.0,5.0,2,2,1,11,LOMA DE LOS BERNAL,LOMA DE LOS BERNAL,3+
La castellana,Apartamento,Usado,16 a 30 años,130.0,130.0,5.0,3,4,1,2,LA CASTELLANA,LA CASTELLANA,missing
Belen La Palma,Casa,Usado,1 a 8 años,288.0,288.0,4.0,1,6,0,1,BELEN LA PALMA,BELEN LA PALMA,missing
El Poblado,Apartamento,Usado,1 a 8 años,161.0,161.0,6.0,4,3,2,4,EL POBLADO,EL POBLADO,missing
Buenos aires,Apartaestudio,Nuevo,más de 30 años,42.0,42.0,3.0,1,1,0,4,BUENOS AIRES,BUENOS AIRES,3+
Prado,Apartamento,Usado,16 a 30 años,70.0,70.0,3.0,2,3,0,4,PRADO,PRADO,3+
Vía Las Palmas,Apartaestudio,Usado,1 a 8 años,52.0,52.0,6.0,2,1,2,7,VIA LAS PALMAS,VIA LAS PALMAS,missing
El Poblado,Apartamento,Usado,1 a 8 años,98.0,98.0,6.0,3,2,2,14,EL POBLADO,EL POBLADO,3+
El Poblado,Casa,Usado,9 a 15 años,220.0,220.0,5.0,4,4,2,1,EL POBLADO,EL POBLADO,missing
Castropol,Apartamento,Usado,1 a 8 años,74.0,74.0,5.0,3,2,1,3,CASTROPOL,CASTROPOL,3+
Loma del Indio,Apartamento,Usado,9 a 15 años,55.0,55.0,4.0,2,3,1,4,LOMA DEL INDIO,LOMA DEL INDIO,missing
Laureles,Apartaestudio,Buen estado,16 a 30 años,32.0,32.0,4.0,1,1,0,2,LAURELES,LAURELES,2
Belén Rincón,Apartamento,Usado,16 a 30 años,55.0,55.0,3.0,2,3,0,4,BELEN RINCON,BELEN RINCON,3+
Las palmas,Apartamento,Usado,1 a 8 años,82.0,82.0,5.0,2,3,1,6,LAS PALMAS,LAS PALMAS,missing
El Poblado,Apartamento,Usado,1 a 8 años,100.0,100.0,6.0,2,2,1,15,EL POBLADO,EL POBLADO,3+
Simesa,Apartamento,Usado,menor a 1 año,109.0,109.0,6.0,3,3,2,4,SIMESA,SIMESA,missing
Laureles,Apartamento,Usado,16 a 30 años,120.0,120.0,5.0,3,4,1,1,LAURELES,LAURELES,missing
Laureles,Casa,Usado,16 a 30 años,324.0,324.0,5.0,3,5,1,2,LAURELES,LAURELES,2
El Poblado,Apartamento,Usado,más de 30 años,75.0,75.0,4.0,2,2,0,2,EL POBLADO,EL POBLADO,2
Laureles,Apartamento,Usado,16 a 30 años,165.0,165.0,5.0,3,3,1,2,LAURELES,LAURELES,missing
Belén,Apartamento,Buen estado,1 a 8 años,85.0,85.0,5.0,2,2,1,12,BELEN,BELEN,3+
Laureles,Apartamento,Usado,16 a 30 años,92.0,92.0,4.0,2,2,1,10,LAURELES,LAURELES,missing
El esmeraldal,Apartamento,Usado,1 a 8 años,70.0,70.0,5.0,2,2,1,10,EL ESMERALDAL,OTROS,missing
Ciudad del Río,Apartaestudio,Usado,1 a 8 años,52.0,52.0,5.0,2,1,1,7,CIUDAD DEL RIO,CIUDAD DEL RIO,missing
Los Parra,Apartamento,Usado,16 a 30 años,140.0,140.0,6.0,2,3,1,14,LOS PARRA,LOS PARRA,3+
Vía Las Palmas,Apartamento,Usado,1 a 8 años,68.0,68.0,4.0,2,2,1,12,VIA LAS PALMAS,VIA LAS PALMAS,missing
Laureles,Apartamento,Usado,9 a 15 años,75.0,75.0,4.0,2,3,1,7,LAURELES,LAURELES,missing
Altos del poblado,Apartaestudio,Usado,menor a 1 año,48.0,48.0,5.0,2,1,1,5,ALTOS DEL POBLADO,ALTOS DEL POBLADO,missing
Villa hermosa,Apartaestudio,Nuevo,menor a 1 año,16.0,16.0,4.0,1,1,0,2,VILLA HERMOSA,VILLA HERMOSA,2
Bolivariana,Apartamento,Usado,16 a 30 años,121.0,121.0,4.0,3,3,1,18,BOLIVARIANA,OTROS,3+
El Poblado,Casa,Buen estado,16 a 30 años,200.0,200.0,6.0,9,8,0,2,EL POBLADO,EL POBLADO,2
El Poblado,Apartamento,Usado,16 a 30 años,135.0,135.0,6.0,3,3,2,5,EL POBLADO,EL POBLADO,missing
Ciudad del Río,Apartamento,Usado,1 a 8 años,95.0,95.0,6.0,3,2,2,8,CIUDAD DEL RIO,CIUDAD DEL RIO,missing
El Poblado,Casa,Usado,16 a 30 años,360.0,360.0,6.0,4,4,0,1,EL POBLADO,EL POBLADO,1
Belén Fatima,Apartamento,Usado,1 a 8 años,83.0,83.0,5.0,2,2,1,6,BELEN FATIMA,BELEN FATIMA,3+
Los colores,Casa,Usado,1 a 8 años,115.0,115.0,5.0,3,5,0,1,LOS COLORES,LOS COLORES,missing
El Poblado,Apartamento,Usado,16 a 30 años,9500.0,9500.0,5.0,2,3,1,5,EL POBLADO,EL POBLADO,missing
San diego,Apartamento,Usado,1 a 8 años,96.0,96.0,5.0,2,3,2,5,SAN DIEGO,SAN DIEGO,missing
Las granjas,Apartamento,Usado,1 a 8 años,70.0,70.0,5.0,2,2,1,10,LAS GRANJAS,LAS GRANJAS,missing
Laureles,Casa,Usado,16 a 30 años,160.0,160.0,5.0,2,5,1,1,LAURELES,LAURELES,1
El Poblado,Apartamento,Usado,menor a 1 año,116.0,116.0,5.0,3,3,2,3,EL POBLADO,EL POBLADO,missing
Rodeo Alto,Apartamento,Usado,1 a 8 años,74.0,74.0,3.0,2,3,0,14,RODEO ALTO,RODEO ALTO,3+
El Poblado,Apartamento,Usado,1 a 8 años,6400.0,6400.0,5.0,2,3,1,5,EL POBLADO,EL POBLADO,missing
El Poblado,Apartamento,Usado,1 a 8 años,74.0,74.0,4.0,2,3,0,11,EL POBLADO,EL POBLADO,missing
El Poblado,Apartamento,Usado,9 a 15 años,110.0,110.0,4.0,2,3,1,24,EL POBLADO,EL POBLADO,missing
El Poblado,Apartamento,Usado,9 a 15 años,98.0,98.0,4.0,2,3,1,5,EL POBLADO,EL POBLADO,missing
Estadio,Apartamento,Usado,1 a 8 años,70.0,70.0,5.0,2,2,0,3,ESTADIO,ESTADIO,3+
El Poblado,Apartamento,Buen estado,más de 30 años,136.0,136.0,5.0,2,4,1,2,EL POBLADO,EL POBLADO,2
Loma De San Julian,Apartamento,Usado,16 a 30 años,98.0,98.0,5.0,2,3,0,18,LOMA DE SAN JULIAN,LOMA DE SAN JULIAN,3+
Calasanz,Apartamento,Usado,9 a 15 años,77.0,77.0,4.0,2,3,1,5,CALASANZ,CALASANZ,missing
Loma del Indio,Apartamento,Usado,1 a 8 años,102.4,102.4,5.0,2,3,1,5,LOMA DEL INDIO,LOMA DEL INDIO,missing
Belen La Palma,Apartamento,Usado,9 a 15 años,80.0,80.0,4.0,2,3,1,6,BELEN LA PALMA,BELEN LA PALMA,missing
El Poblado,Apartamento,Usado,9 a 15 años,154.0,154.0,6.0,3,4,1,18,EL POBLADO,EL POBLADO,3+
Belén,Apartamento,Usado,16 a 30 años,85.0,85.0,4.0,2,3,0,7,BELEN,BELEN,missing
Belén Altavista,Apartamento,Usado,9 a 15 años,75.0,75.0,4.0,2,3,1,10,BELEN ALTAVISTA,BELEN ALTAVISTA,3+
Villa hermosa,Casa,Usado,menor a 1 año,105.0,105.0,3.0,2,4,0,2,VILLA HERMOSA,VILLA HERMOSA,2
Laureles,Casa,Usado,16 a 30 años,180.0,180.0,5.0,2,3,1,1,LAURELES,LAURELES,missing
Guayaquil,Casa,Buen estado,más de 30 años,120.0,120.0,5.0,3,3,0,1,GUAYAQUIL,GUAYAQUIL,missing
Laureles,Apartamento,Usado,16 a 30 años,55.0,55.0,5.0,2,2,1,1,LAURELES,LAURELES,1
Belen La Palma,Apartamento,Usado,1 a 8 años,116.0,116.0,5.0,2,3,1,5,BELEN LA PALMA,BELEN LA PALMA,missing
Laureles,Apartamento,Usado,16 a 30 años,100.0,100.0,5.0,2,2,1,9,LAURELES,LAURELES,3+
Santa maria de los angeles,Apartamento,Usado,16 a 30 años,97.0,97.0,6.0,4,4,2,5,SANTA MARIA DE LOS ANGELES,SANTA MARIA DE LOS ANGELES,3+
El Poblado,Apartamento,Usado,9 a 15 años,100.0,100.0,6.0,2,2,1,8,EL POBLADO,EL POBLADO,missing
El Poblado,Apartamento,Buen estado,16 a 30 años,176.0,176.0,6.0,3,3,2,16,EL POBLADO,EL POBLADO,3+
La america,Apartamento,Usado,1 a 8 años,50.0,50.0,4.0,1,2,0,12,LA AMERICA,LA AMERICA,3+
Laureles,Apartamento,Usado,1 a 8 años,68.0,68.0,4.0,2,2,1,12,LAURELES,LAURELES,missing
El Poblado,Apartamento,Usado,1 a 8 años,89.0,89.0,5.0,2,3,2,2,EL POBLADO,EL POBLADO,missing
Laureles,Apartaestudio,Usado,16 a 30 años,60.0,60.0,4.0,1,1,0,6,LAURELES,LAURELES,missing
Los colores,Apartamento,Usado,más de 30 años,60.0,60.0,5.0,2,2,0,1,LOS COLORES,LOS COLORES,1
Calasanz,Apartamento,Usado,1 a 8 años,85.0,85.0,4.0,2,2,0,3,CALASANZ,CALASANZ,3+
Laureles,Apartamento,Usado,más de 30 años,120.0,120.0,5.0,2,2,1,6,LAURELES,LAURELES,3+
Belén Los Alpes,Apartamento,Usado,16 a 30 años,90.0,90.0,5.0,2,3,1,3,BELEN LOS ALPES,BELEN LOS ALPES,3+
Buenos aires,Apartamento,Usado,más de 30 años,40.0,40.0,3.0,1,2,0,3,BUENOS AIRES,BUENOS AIRES,missing
El Poblado,Apartamento,Usado,9 a 15 años,95.0,95.0,5.0,2,3,1,9,EL POBLADO,EL POBLADO,missing
La candelaria,Apartamento,Excelente estado,menor a 1 año,185.0,185.0,4.0,3,3,1,6,LA CANDELARIA,LA CANDELARIA,missing
Loma de los bernal,Apartamento,Usado,1 a 8 años,110.0,110.0,5.0,3,3,1,13,LOMA DE LOS BERNAL,LOMA DE LOS BERNAL,missing
El Poblado,Apartamento,Usado,9 a 15 años,68.0,68.0,5.0,2,3,1,18,EL POBLADO,EL POBLADO,3+
La candelaria,Apartamento,Buen estado,1 a 8 años,40.0,40.0,4.0,1,2,0,5,LA CANDELARIA,LA CANDELARIA,3+
Laureles,Apartamento,Usado,16 a 30 años,85.0,85.0,5.0,2,3,1,7,LAURELES,LAURELES,missing
San joaquin,Apartamento,Usado,1 a 8 años,45.0,45.0,4.0,1,1,0,2,SAN JOAQUIN,SAN JOAQUIN,missing
Loma del Indio,Apartamento,Usado,1 a 8 años,65.0,65.0,4.0,2,3,0,11,LOMA DEL INDIO,LOMA DEL INDIO,3+
Villa hermosa,Apartaestudio,Usado,menor a 1 año,35.0,35.0,3.0,1,1,0,2,VILLA HERMOSA,VILLA HERMOSA,2
Loma De San Julian,Apartamento,Usado,1 a 8 años,84.0,84.0,5.0,2,3,1,6,LOMA DE SAN JULIAN,LOMA DE SAN JULIAN,missing
Pajarito,Apartamento,Usado,9 a 15 años,56.0,56.0,3.0,1,3,1,18,PAJARITO,PAJARITO,3+
Rodeo Alto,Apartamento,Usado,1 a 8 años,55.0,55.0,4.0,2,2,1,5,RODEO ALTO,RODEO ALTO,missing
Laureles,Apartamento,Nuevo,menor a 1 año,100.0,100.0,6.0,2,3,0,7,LAURELES,LAURELES,missing
Barrio Cristóbal,Casa,Usado,más de 30 años,81.0,81.0,4.0,2,3,0,1,BARRIO CRISTOBAL,BARRIO CRISTOBAL,missing
Loma del Indio,Apartamento,Usado,1 a 8 años,90.0,90.0,4.0,2,3,1,4,LOMA DEL INDIO,LOMA DEL INDIO,missing
Belen La Palma,Apartaestudio,Usado,1 a 8 años,26.0,26.0,4.0,1,1,0,3,BELEN LA PALMA,BELEN LA PALMA,3+
San diego,Apartamento,Buen estado,1 a 8 años,101.0,101.0,6.0,3,2,2,6,SAN DIEGO,SAN DIEGO,3+
Calasanz,Apartamento,Usado,1 a 8 años,75.0,75.0,4.0,2,3,1,7,CALASANZ,CALASANZ,missing
Laureles,Apartamento,Usado,16 a 30 años,92.0,92.0,4.0,2,3,1,17,LAURELES,LAURELES,3+
Laureles,Apartaestudio,Usado,1 a 8 años,1040.0,34.0,5.0,1,1,0,4,LAURELES,LAURELES,3+
El velodromo,Casa,Usado,más de 30 años,350.0,350.0,5.0,4,6,2,1,EL VELODROMO,EL VELODROMO,missing
Astorga,Casa,Usado,más de 30 años,450.0,450.0,6.0,12,10,9,1,ASTORGA,ASTORGA,missing
Ciudad del Río,Apartamento,Usado,1 a 8 años,108.0,108.0,6.0,3,3,2,6,CIUDAD DEL RIO,CIUDAD DEL RIO,missing
Las palmas,Apartamento,Nuevo,1 a 8 años,30.0,30.0,3.0,1,2,0,2,LAS PALMAS,LAS PALMAS,2
Buenos aires,Apartamento,Usado,16 a 30 años,36.0,36.0,3.0,1,2,0,1,BUENOS AIRES,BUENOS AIRES,1
Laureles,Apartamento,Usado,más de 30 años,90.0,90.0,5.0,3,2,1,3,LAURELES,LAURELES,3+
La castellana,Casa,Usado,16 a 30 años,500.0,500.0,6.0,4,5,2,1,LA CASTELLANA,LA CASTELLANA,1
Loma del Indio,Apartamento,Usado,1 a 8 años,100.0,100.0,4.0,2,3,2,7,LOMA DEL INDIO,LOMA DEL INDIO,missing
Cristo rey,Casa,Buen estado,16 a 30 años,94.2,94.2,4.0,2,4,0,1,CRISTO REY,CRISTO REY,1
El Poblado,Apartaestudio,Usado,16 a 30 años,60.0,60.0,5.0,1,1,1,18,EL POBLADO,EL POBLADO,3+
Las palmas,Apartamento,Usado,1 a 8 años,64.0,64.0,4.0,2,2,1,7,LAS PALMAS,LAS PALMAS,missing
La floresta,Apartaestudio,Usado,más de 30 años,40.0,40.0,4.0,1,1,0,1,LA FLORESTA,LA FLORESTA,1
La america,Apartamento,Usado,9 a 15 años,73.0,73.0,4.0,2,2,1,10,LA AMERICA,LA AMERICA,missing
Laureles,Casa,Usado,16 a 30 años,395.0,395.0,5.0,3,5,1,1,LAURELES,LAURELES,1
Simon bolivar,Apartamento,Usado,más de 30 años,60.0,60.0,5.0,2,2,0,4,SIMON BOLIVAR,SIMON BOLIVAR,3+
Laureles,Apartamento,Usado,16 a 30 años,55.0,55.0,3.0,2,2,0,2,LAURELES,LAURELES,2
Belen La Palma,Apartaestudio,Excelente estado,1 a 8 años,46.0,46.0,4.0,1,1,0,2,BELEN LA PALMA,BELEN LA PALMA,missing
Belén San Bernardo,Casa,Usado,16 a 30 años,105.0,105.0,3.0,1,2,0,2,BELEN SAN BERNARDO,BELEN SAN BERNARDO,2
Loma del Indio,Apartamento,Usado,1 a 8 años,55.0,55.0,4.0,2,2,1,6,LOMA DEL INDIO,LOMA DEL INDIO,3+
El Poblado,Apartamento,Usado,1 a 8 años,75.0,75.0,6.0,2,2,1,2,EL POBLADO,EL POBLADO,missing
Belén,Apartamento,Usado,1 a 8 años,80.0,80.0,4.0,2,3,1,6,BELEN,BELEN,missing
Los colores,Apartamento,Usado,menor a 1 año,70.0,70.0,4.0,2,3,1,3,LOS COLORES,LOS COLORES,missing
Los Balsos,Apartamento,Usado,1 a 8 años,183.0,183.0,6.0,4,3,2,12,LOS BALSOS,LOS BALSOS,3+
Los Balsos,Apartamento,Usado,más de 30 años,212.0,212.0,6.0,3,4,2,1,LOS BALSOS,LOS BALSOS,1
Robledo,Apartamento,Usado,1 a 8 años,55.0,55.0,4.0,2,2,0,4,ROBLEDO,ROBLEDO,3+
Doce de octubre no2,Apartamento,Usado,16 a 30 años,6000.0,6000.0,2.0,1,3,0,6,DOCE DE OCTUBRE NO2,OTROS,missing
Barro blanco,Apartamento,Usado,1 a 8 años,60.0,60.0,5.0,2,2,1,6,BARRO BLANCO,OTROS,3+
Santa lucia,Apartamento,Usado,menor a 1 año,70.0,70.0,3.0,2,3,0,3,SANTA LUCIA,SANTA LUCIA,3+
Belén,Casa,Usado,16 a 30 años,210.0,210.0,5.0,3,5,1,1,BELEN,BELEN,1
Robledo,Casa,Usado,más de 30 años,59.0,59.0,2.0,2,3,0,1,ROBLEDO,ROBLEDO,1
Castropol,Apartamento,Usado,1 a 8 años,63.0,63.0,5.0,2,3,1,12,CASTROPOL,CASTROPOL,missing
Laureles,Apartamento,Usado,16 a 30 años,175.0,175.0,5.0,5,3,2,12,LAURELES,LAURELES,3+
Belen Malibu,Apartamento,Usado,1 a 8 años,90.0,90.0,5.0,2,3,1,3,BELEN MALIBU,BELEN MALIBU,3+
El Poblado,Apartamento,Usado,1 a 8 años,110.0,106.0,5.0,2,2,2,25,EL POBLADO,EL POBLADO,3+
Florida nueva,Apartamento,Usado,16 a 30 años,100.0,100.0,4.0,2,3,0,3,FLORIDA NUEVA,FLORIDA NUEVA,3+
El Poblado,Apartaestudio,Buen estado,1 a 8 años,47.5,47.5,5.0,2,1,1,4,EL POBLADO,EL POBLADO,3+
La america,Casa,Usado,más de 30 años,89.0,89.0,4.0,2,3,0,1,LA AMERICA,LA AMERICA,1
La aguacatala,Casa,Usado,9 a 15 años,400.0,400.0,4.0,6,8,7,1,LA AGUACATALA,LA AGUACATALA,missing
Suramericana,Apartamento,Usado,menor a 1 año,78.0,78.0,1.0,2,2,0,9,SURAMERICANA,SURAMERICANA,missing
Calasanz,Casa,Usado,1 a 8 años,250.0,250.0,4.0,3,6,2,2,CALASANZ,CALASANZ,2
Castilla ,Apartamento,Usado,16 a 30 años,60.0,60.0,3.0,2,3,0,3,CASTILLA,CASTILLA,3+
Laureles,Apartaestudio,Buen estado,1 a 8 años,35.0,35.0,5.0,1,1,0,1,LAURELES,LAURELES,1
Laureles,Apartaestudio,Usado,16 a 30 años,35.0,35.0,4.0,1,1,1,3,LAURELES,LAURELES,missing
Prado,Apartamento,Usado,16 a 30 años,120.0,120.0,3.0,2,4,0,1,PRADO,PRADO,1
Belen La Palma,Apartamento,Usado,1 a 8 años,72.0,72.0,5.0,3,2,1,5,BELEN LA PALMA,BELEN LA PALMA,3+
El Poblado,Apartaestudio,Usado,16 a 30 años,140.0,140.0,6.0,4,3,2,10,EL POBLADO,EL POBLADO,3+
El Poblado,Apartamento,Usado,1 a 8 años,112.0,112.0,6.0,3,2,2,8,EL POBLADO,EL POBLADO,missing
Belén,Apartamento,Usado,16 a 30 años,64.0,128.0,5.0,2,2,1,1,BELEN,BELEN,1
La castellana,Apartamento,Usado,16 a 30 años,110.0,110.0,5.0,2,3,1,24,LA CASTELLANA,LA CASTELLANA,missing
Bombona no1,Apartamento,Usado,más de 30 años,75.0,75.0,3.0,3,3,0,11,BOMBONA NO1,BOMBONA NO1,3+
Colasania,Apartamento,Usado,9 a 15 años,95.0,95.0,5.0,3,3,0,6,COLASANIA,COLASANIA,3+
El Poblado,Apartaestudio,Usado,1 a 8 años,51.0,51.0,4.0,2,1,1,2,EL POBLADO,EL POBLADO,missing
Vía Las Palmas,Apartamento,Usado,1 a 8 años,68.0,68.0,4.0,2,2,1,11,VIA LAS PALMAS,VIA LAS PALMAS,3+
Conquistadores,Apartamento,Usado,1 a 8 años,110.0,110.0,4.0,2,3,1,24,CONQUISTADORES,CONQUISTADORES,missing
Laureles Nogal,Apartamento,Usado,1 a 8 años,85.0,85.0,5.0,2,2,1,6,LAURELES NOGAL,LAURELES NOGAL,missing
Belén San Bernardo,Casa,Usado,16 a 30 años,120.0,120.0,3.0,3,4,0,3,BELEN SAN BERNARDO,BELEN SAN BERNARDO,3+
Las palmas,Apartamento,Usado,9 a 15 años,150.0,150.0,5.0,3,3,2,3,LAS PALMAS,LAS PALMAS,missing
Centro,Casa,Usado,1 a 8 años,400.0,400.0,6.0,3,3,1,1,CENTRO,CENTRO,missing
Belén San Bernardo,Apartamento,Usado,16 a 30 años,57.0,57.0,3.0,2,3,0,5,BELEN SAN BERNARDO,BELEN SAN BERNARDO,3+
San joaquin,Casa,Usado,1 a 8 años,174.0,174.0,4.0,3,5,0,1,SAN JOAQUIN,SAN JOAQUIN,missing
Boston,Apartamento,Usado,más de 30 años,113.0,113.0,4.0,3,3,0,5,BOSTON,BOSTON,missing
La america,Apartamento,Usado,más de 30 años,98.0,98.0,4.0,2,3,1,5,LA AMERICA,LA AMERICA,3+
Ciudad del Río,Apartaestudio,Usado,menor a 1 año,49.0,49.0,6.0,2,1,1,9,CIUDAD DEL RIO,CIUDAD DEL RIO,missing
Las palmas,Apartamento,Usado,16 a 30 años,100.0,100.0,5.0,2,3,1,7,LAS PALMAS,LAS PALMAS,missing
Belén Rosales,Apartamento,Usado,1 a 8 años,68.0,68.0,4.0,2,3,0,3,BELEN ROSALES,BELEN ROSALES,3+
El Poblado,Apartamento,Usado,más de 30 años,6300.0,6300.0,4.0,2,2,1,9,EL POBLADO,EL POBLADO,missing
Laureles,Apartamento,Usado,16 a 30 años,50.0,50.0,6.0,1,1,0,4,LAURELES,LAURELES,missing
Vía Las Palmas,Apartamento,Usado,menor a 1 año,65.0,65.0,4.0,2,2,0,10,VIA LAS PALMAS,VIA LAS PALMAS,missing
La América,Casa,Usado,más de 30 años,104.0,104.0,4.0,2,2,1,1,LA AMERICA,LA AMERICA,1
El salvador,Apartamento,Usado,1 a 8 años,45.0,45.0,3.0,1,2,0,4,EL SALVADOR,EL SALVADOR,missing
Laureles,Apartamento,Buen estado,16 a 30 años,117.0,117.0,5.0,2,3,1,1,LAURELES,LAURELES,1
Belén,Apartaestudio,Usado,más de 30 años,20.0,20.0,4.0,1,1,0,3,BELEN,BELEN,3+
El esmeraldal,Apartamento,Usado,1 a 8 años,115.0,115.0,5.0,2,3,2,4,EL ESMERALDAL,OTROS,missing
Vía Las Palmas,Apartamento,Usado,1 a 8 años,55.0,55.0,4.0,3,3,0,5,VIA LAS PALMAS,VIA LAS PALMAS,missing
Belén,Apartaestudio,Usado,1 a 8 años,45.0,45.0,2.0,1,1,0,2,BELEN,BELEN,missing
La candelaria ,Apartamento,Usado,1 a 8 años,76.0,76.0,5.0,2,2,1,15,LA CANDELARIA,LA CANDELARIA,3+
Los colores,Apartamento,Usado,más de 30 años,65.0,65.0,3.0,2,3,0,6,LOS COLORES,LOS COLORES,3+
Loma del Indio,Apartamento,Usado,más de 30 años,68.0,68.0,4.0,2,3,1,2,LOMA DEL INDIO,LOMA DEL INDIO,2
Robledo,Apartamento,Usado,más de 30 años,64.0,64.0,4.0,2,2,0,1,ROBLEDO,ROBLEDO,1
El Poblado,Apartamento,Usado,16 a 30 años,85.0,85.0,4.0,2,3,1,7,EL POBLADO,EL POBLADO,missing
Laureles,Apartamento,Usado,16 a 30 años,102.0,102.0,5.0,2,3,1,2,LAURELES,LAURELES,2
Calasanz,Apartamento,Usado,1 a 8 años,72.0,72.0,4.0,2,2,1,9,CALASANZ,CALASANZ,missing
Robledo,Apartamento,Usado,más de 30 años,42.0,42.0,2.0,1,3,0,1,ROBLEDO,ROBLEDO,1
La mota,Apartamento,Usado,16 a 30 años,71.0,71.0,4.0,2,2,2,3,LA MOTA,LA MOTA,3+
El Poblado,Apartamento,Buen estado,16 a 30 años,68.0,68.0,6.0,2,2,1,6,EL POBLADO,EL POBLADO,3+
San diego,Apartamento,Usado,1 a 8 años,67.0,67.0,4.0,3,2,1,4,SAN DIEGO,SAN DIEGO,missing
Girardot,Apartamento,Usado,16 a 30 años,5000.0,5000.0,3.0,1,2,0,7,GIRARDOT,OTROS,missing
La abadia,Apartamento,Usado,menor a 1 año,100.0,100.0,5.0,2,3,2,10,LA ABADIA,OTROS,3+
El Poblado,Apartamento,Buen estado,16 a 30 años,240.0,240.0,6.0,3,4,2,4,EL POBLADO,EL POBLADO,3+
El Poblado,Apartamento,Buen estado,1 a 8 años,400.0,400.0,6.0,4,2,1,1,EL POBLADO,EL POBLADO,missing
Conquistadores,Apartamento,Usado,1 a 8 años,65.0,65.0,4.0,2,2,0,5,CONQUISTADORES,CONQUISTADORES,missing
Guayabal,Apartamento,Usado,16 a 30 años,55.0,55.0,3.0,1,2,0,1,GUAYABAL,GUAYABAL,1
Laureles,Apartamento,Usado,1 a 8 años,90.0,90.0,5.0,2,2,0,8,LAURELES,LAURELES,missing
La gloria,Casa,Usado,16 a 30 años,92.0,92.0,4.0,2,3,1,1,LA GLORIA,LA GLORIA,1
El Poblado,Apartamento,Usado,16 a 30 años,80.0,80.0,5.0,2,2,2,2,EL POBLADO,EL POBLADO,missing
Vía Las Palmas,Apartamento,Buen estado,16 a 30 años,80.0,80.0,5.0,2,3,0,4,VIA LAS PALMAS,VIA LAS PALMAS,3+
Vía Las Palmas,Apartamento,Usado,1 a 8 años,70.0,70.0,4.0,2,3,1,3,VIA LAS PALMAS,VIA LAS PALMAS,missing
Las palmas,Apartamento,Usado,menor a 1 año,76.0,76.0,6.0,2,3,1,4,LAS PALMAS,LAS PALMAS,missing
El Poblado,Apartamento,Usado,1 a 8 años,127.0,127.0,6.0,3,3,2,4,EL POBLADO,EL POBLADO,missing
Bosques de san pablo,Apartamento,Usado,1 a 8 años,110.0,110.0,4.0,1,2,0,10,BOSQUES DE SAN PABLO,BOSQUES DE SAN PABLO,3+
Robledo,Apartamento,Usado,1 a 8 años,51.0,51.0,3.0,2,3,0,18,ROBLEDO,ROBLEDO,3+
La castellana,Apartamento,Usado,16 a 30 años,115.0,115.0,5.0,2,3,1,3,LA CASTELLANA,LA CASTELLANA,3+
El Poblado,Apartamento,Usado,más de 30 años,85.0,85.0,5.0,2,2,0,1,EL POBLADO,EL POBLADO,1
El Poblado,Apartamento,Usado,9 a 15 años,84.0,84.0,5.0,2,3,1,6,EL POBLADO,EL POBLADO,missing
San diego,Apartamento,Usado,9 a 15 años,59.0,59.0,6.0,2,2,1,12,SAN DIEGO,SAN DIEGO,missing
El Poblado,Apartamento,Usado,16 a 30 años,90.0,90.0,6.0,2,3,2,18,EL POBLADO,EL POBLADO,3+
Boston,Apartamento,Usado,más de 30 años,48.0,48.0,4.0,1,2,0,5,BOSTON,BOSTON,missing
Belén,Apartaestudio,Usado,16 a 30 años,30.0,30.0,3.0,1,1,0,1,BELEN,BELEN,1
El Poblado,Apartamento,Usado,9 a 15 años,65.0,65.0,4.0,2,2,1,5,EL POBLADO,EL POBLADO,missing
Las palmas,Casa,Usado,1 a 8 años,560.0,560.0,6.0,7,4,4,1,LAS PALMAS,LAS PALMAS,1
El Poblado,Apartamento,Usado,9 a 15 años,51.0,51.0,6.0,2,1,1,2,EL POBLADO,EL POBLADO,2
Guayabal,Apartamento,Usado,1 a 8 años,75.0,75.0,5.0,2,3,1,18,GUAYABAL,GUAYABAL,3+
La castellana,Apartamento,Usado,16 a 30 años,115.0,115.0,5.0,2,3,1,3,LA CASTELLANA,LA CASTELLANA,3+
Santa fe,Casa,Usado,1 a 8 años,120.0,120.0,4.0,2,3,0,1,SANTA FE,SANTA FE,missing
Las palmas,Apartamento,Usado,1 a 8 años,68.0,68.0,6.0,2,2,1,12,LAS PALMAS,LAS PALMAS,missing
Santa Mónica,Apartamento,Usado,menor a 1 año,73.0,73.0,4.0,2,3,0,4,SANTA MONICA,SANTA MONICA,missing
Loma de los bernal,Apartamento,Usado,9 a 15 años,100.0,100.0,4.0,2,2,0,8,LOMA DE LOS BERNAL,LOMA DE LOS BERNAL,missing
Boston,Apartamento,Usado,más de 30 años,68.0,68.0,4.0,2,3,0,18,BOSTON,BOSTON,3+
La aguacatala,Casa,Usado,1 a 8 años,350.0,350.0,4.0,3,6,0,1,LA AGUACATALA,LA AGUACATALA,1
San Lucas,Casa,Usado,16 a 30 años,315.0,315.0,6.0,5,3,4,3,SAN LUCAS,SAN LUCAS,3+
Robledo,Apartamento,Usado,más de 30 años,72.0,72.0,3.0,2,3,0,3,ROBLEDO,ROBLEDO,3+
San benito,Casa,Buen estado,más de 30 años,180.0,180.0,3.0,2,4,0,2,SAN BENITO,OTROS,2
Castilla,Apartamento,Usado,9 a 15 años,6000.0,6000.0,3.0,2,3,0,6,CASTILLA,CASTILLA,missing
La aguacatala,Apartamento,Usado,1 a 8 años,198.0,198.0,6.0,3,4,1,1,LA AGUACATALA,LA AGUACATALA,missing
Belén,Apartamento,Usado,1 a 8 años,80.0,80.0,4.0,2,3,0,6,BELEN,BELEN,missing
Santa maria de los angeles,Apartamento,Excelente estado,menor a 1 año,189.86,189.86,6.0,4,3,3,12,SANTA MARIA DE LOS ANGELES,SANTA MARIA DE LOS ANGELES,3+
Laureles,Casa,Usado,16 a 30 años,190.0,190.0,5.0,2,4,0,1,LAURELES,LAURELES,1
Laureles,Casa,Usado,más de 30 años,324.0,324.0,5.0,3,5,1,1,LAURELES,LAURELES,1
San diego,Apartamento,Buen estado,1 a 8 años,50.0,50.0,5.0,1,2,1,1,SAN DIEGO,SAN DIEGO,1
Santa Mónica,Apartamento,Usado,16 a 30 años,130.0,130.0,4.0,3,3,0,4,SANTA MONICA,SANTA MONICA,3+
El Poblado,Apartamento,Buen estado,16 a 30 años,163.0,163.0,5.0,4,4,2,3,EL POBLADO,EL POBLADO,3+
Simon bolivar,Casa,Usado,más de 30 años,200.0,200.0,5.0,1,2,0,1,SIMON BOLIVAR,SIMON BOLIVAR,missing
La milagrosa,Apartamento,Usado,más de 30 años,40.0,40.0,3.0,1,2,0,16,LA MILAGROSA,LA MILAGROSA,3+
Estadio,Apartamento,Usado,menor a 1 año,70.0,70.0,3.0,2,2,0,10,ESTADIO,ESTADIO,missing
El tesoro,Apartamento,Usado,más de 30 años,172.5,172.5,6.0,3,3,2,7,EL TESORO,EL TESORO,missing
Laureles,Casa,Usado,16 a 30 años,270.0,270.0,5.0,2,4,1,1,LAURELES,LAURELES,missing
Vía Las Palmas,Apartamento,Usado,1 a 8 años,70.0,70.0,6.0,2,3,1,2,VIA LAS PALMAS,VIA LAS PALMAS,2
Robledo,Casa,Usado,16 a 30 años,60.0,60.0,3.0,2,3,0,1,ROBLEDO,ROBLEDO,1
Belén Rincón,Apartamento,Usado,16 a 30 años,65.0,65.0,3.0,2,3,0,9,BELEN RINCON,BELEN RINCON,missing
Boston,Apartaestudio,Usado,16 a 30 años,25.0,25.0,2.0,1,1,0,2,BOSTON,BOSTON,2
El Poblado,Apartamento,Buen estado,1 a 8 años,62.0,62.0,4.0,2,2,1,9,EL POBLADO,EL POBLADO,3+
Conquistadores,Apartamento,Usado,1 a 8 años,80.0,80.0,5.0,2,3,1,6,CONQUISTADORES,CONQUISTADORES,missing
Laureles,Apartamento,Usado,1 a 8 años,120.0,120.0,6.0,2,2,1,6,LAURELES,LAURELES,3+
Buenos aires,Apartamento,Usado,más de 30 años,70.0,70.0,3.0,2,3,1,4,BUENOS AIRES,BUENOS AIRES,3+
La Almeria,Apartamento,Usado,1 a 8 años,80.0,80.0,5.0,2,3,1,6,LA ALMERIA,LA ALMERIA,missing
Loma del Indio,Apartamento,Buen estado,1 a 8 años,69.0,69.0,4.0,2,2,1,13,LOMA DEL INDIO,LOMA DEL INDIO,missing
Aranjuez,Apartaestudio,Usado,más de 30 años,35.0,35.0,3.0,1,1,0,2,ARANJUEZ,ARANJUEZ,2
Sevilla,Apartamento,Usado,1 a 8 años,45.0,45.0,3.0,1,2,0,4,SEVILLA,SEVILLA,missing
Belén,Apartamento,Usado,16 a 30 años,80.0,80.0,3.0,2,3,1,1,BELEN,BELEN,1
La america,Apartamento,Usado,más de 30 años,104.0,104.0,4.0,3,3,1,6,LA AMERICA,LA AMERICA,missing
Centro,Apartamento,Nuevo,16 a 30 años,110.0,110.0,4.0,2,3,0,8,CENTRO,CENTRO,3+
Robledo,Apartamento,Usado,9 a 15 años,75.0,75.0,2.0,2,2,0,1,ROBLEDO,ROBLEDO,1
Vía Las Palmas,Apartamento,Buen estado,16 a 30 años,100.0,100.0,5.0,2,2,1,1,VIA LAS PALMAS,VIA LAS PALMAS,1
Villa hermosa,Apartamento,Usado,1 a 8 años,80.0,80.0,3.0,1,3,1,1,VILLA HERMOSA,VILLA HERMOSA,1
El pinal,Casa,Excelente estado,1 a 8 años,39100.0,39100.0,6.0,5,3,2,1,EL PINAL,OTROS,missing
Belén Miravalle,Apartaestudio,Usado,1 a 8 años,20.0,20.0,4.0,1,1,0,3,BELEN MIRAVALLE,BELEN MIRAVALLE,3+
Alejandro echavarria,Casa,Usado,16 a 30 años,80.0,80.0,3.0,2,4,0,3,ALEJANDRO ECHAVARRIA,OTROS,3+
Calasanz,Apartamento,Usado,16 a 30 años,54.0,54.0,4.0,2,2,1,3,CALASANZ,CALASANZ,3+
El Poblado,Apartamento,Usado,9 a 15 años,68.0,68.0,6.0,2,1,1,9,EL POBLADO,EL POBLADO,missing
La gloria,Apartamento,Usado,16 a 30 años,75.0,75.0,3.0,2,2,0,3,LA GLORIA,LA GLORIA,3+
Santa lucia,Apartaestudio,Usado,menor a 1 año,20.0,20.0,3.0,1,1,0,1,SANTA LUCIA,SANTA LUCIA,1
Boston,Apartaestudio,Usado,9 a 15 años,15000.0,15000.0,4.0,1,1,0,1,BOSTON,BOSTON,1
Loma del Indio,Apartamento,Usado,9 a 15 años,86.0,86.0,5.0,2,2,1,9,LOMA DEL INDIO,LOMA DEL INDIO,missing
Robledo,Apartamento,Buen estado,16 a 30 años,125.0,125.0,6.0,3,2,1,8,ROBLEDO,ROBLEDO,3+
Las palmas,Apartaestudio,Usado,más de 30 años,44.0,44.0,3.0,1,1,0,1,LAS PALMAS,LAS PALMAS,1
El Poblado,Apartamento,Usado,16 a 30 años,123.0,123.0,6.0,2,3,2,8,EL POBLADO,EL POBLADO,missing
Conquistadores,Apartamento,Usado,1 a 8 años,110.0,110.0,5.0,4,3,0,10,CONQUISTADORES,CONQUISTADORES,3+
San diego,Apartamento,Usado,9 a 15 años,93.3,93.3,6.0,2,3,2,5,SAN DIEGO,SAN DIEGO,3+
Simon bolivar,Apartamento,Usado,más de 30 años,200.0,200.0,4.0,2,3,1,2,SIMON BOLIVAR,SIMON BOLIVAR,2
El Poblado,Apartamento,Usado,más de 30 años,134.0,134.0,6.0,2,3,2,4,EL POBLADO,EL POBLADO,missing
San diego,Apartamento,Usado,1 a 8 años,88.0,88.0,6.0,2,3,1,9,SAN DIEGO,SAN DIEGO,missing
Guayabal,Apartamento,Usado,1 a 8 años,82.0,82.0,5.0,2,3,1,6,GUAYABAL,GUAYABAL,missing
Conquistadores,Apartamento,Usado,16 a 30 años,95.0,95.0,5.0,2,3,2,9,CONQUISTADORES,CONQUISTADORES,missing
Belén,Apartamento,Usado,más de 30 años,65.0,65.0,4.0,2,2,1,1,BELEN,BELEN,1
El Poblado,Apartamento,Excelente estado,16 a 30 años,125.0,125.0,6.0,2,2,3,11,EL POBLADO,EL POBLADO,3+
La candelaria,Apartaestudio,Buen estado,1 a 8 años,37.0,37.0,4.0,1,1,0,4,LA CANDELARIA,LA CANDELARIA,3+
Loma del Indio,Apartamento,Usado,1 a 8 años,95.0,95.0,4.0,3,3,1,4,LOMA DEL INDIO,LOMA DEL INDIO,missing
Laureles,Apartamento,Usado,16 a 30 años,72.0,72.0,5.0,2,2,1,9,LAURELES,LAURELES,missing
El Poblado,Apartamento,Usado,16 a 30 años,61.0,61.0,4.0,2,2,1,9,EL POBLADO,EL POBLADO,missing
Belén,Casa,Usado,16 a 30 años,230.0,230.0,6.0,6,6,1,1,BELEN,BELEN,missing
El Poblado,Apartamento,Usado,16 a 30 años,168.0,168.0,5.0,3,2,0,1,EL POBLADO,EL POBLADO,1
El Poblado,Casa,Usado,16 a 30 años,113.0,113.0,5.0,4,3,1,1,EL POBLADO,EL POBLADO,missing
El Poblado,Apartamento,Usado,1 a 8 años,110.0,110.0,5.0,3,3,0,13,EL POBLADO,EL POBLADO,missing
Laureles,Apartamento,Nuevo,1 a 8 años,120.0,120.0,4.0,2,2,0,1,LAURELES,LAURELES,1
El Poblado,Apartamento,Usado,1 a 8 años,80.0,80.0,5.0,2,3,1,6,EL POBLADO,EL POBLADO,missing
El Poblado,Apartamento,Buen estado,16 a 30 años,185.0,185.0,6.0,4,3,3,18,EL POBLADO,EL POBLADO,3+
Belen La Palma,Apartaestudio,Usado,1 a 8 años,30.0,30.0,5.0,1,1,0,4,BELEN LA PALMA,BELEN LA PALMA,3+
Manrique,Apartamento,Usado,16 a 30 años,70.0,70.0,2.0,1,3,0,3,MANRIQUE,MANRIQUE,3+
Guayabal,Apartamento,Usado,más de 30 años,62.0,62.0,4.0,2,2,0,18,GUAYABAL,GUAYABAL,3+
Loma de los bernal,Apartamento,Usado,16 a 30 años,90.0,90.0,4.0,2,3,1,5,LOMA DE LOS BERNAL,LOMA DE LOS BERNAL,3+
El Poblado,Apartamento,Usado,16 a 30 años,87.0,87.0,6.0,2,3,1,10,EL POBLADO,EL POBLADO,missing
El Poblado,Apartaestudio,Usado,16 a 30 años,55.0,55.0,6.0,2,1,1,9,EL POBLADO,EL POBLADO,missing
Belén,Apartamento,Usado,16 a 30 años,76.0,76.0,4.0,2,2,1,8,BELEN,BELEN,3+
Belén Aliadas,Apartamento,Usado,1 a 8 años,68.0,68.0,4.0,2,2,0,12,BELEN ALIADAS,BELEN ALIADAS,missing
El Poblado,Apartamento,Usado,16 a 30 años,130.0,130.0,6.0,2,3,0,5,EL POBLADO,EL POBLADO,missing
Rodeo Alto,Apartamento,Usado,16 a 30 años,70.0,70.0,3.0,2,3,1,3,RODEO ALTO,RODEO ALTO,missing
Centro,Apartamento,Usado,16 a 30 años,75.0,75.0,3.0,2,2,0,2,CENTRO,CENTRO,missing
El Poblado,Apartamento,Buen estado,16 a 30 años,149.0,149.0,5.0,2,2,2,4,EL POBLADO,EL POBLADO,3+
Villa hermosa,Apartamento,Usado,más de 30 años,116.0,116.0,4.0,2,5,0,4,VILLA HERMOSA,VILLA HERMOSA,3+
Calasanz,Apartamento,Usado,9 a 15 años,70.0,70.0,4.0,2,3,1,3,CALASANZ,CALASANZ,missing
Estadio,Casa,Usado,más de 30 años,100.0,100.0,5.0,2,3,0,2,ESTADIO,ESTADIO,2
Las palmas,Apartamento,Usado,1 a 8 años,73.0,73.0,5.0,2,2,1,10,LAS PALMAS,LAS PALMAS,missing
Belén,Apartamento,Usado,16 a 30 años,130.0,130.0,4.0,3,4,0,3,BELEN,BELEN,3+
Villa hermosa,Apartaestudio,Usado,menor a 1 año,35.0,35.0,3.0,1,1,0,4,VILLA HERMOSA,VILLA HERMOSA,3+
Laureles ,Apartamento,Usado,16 a 30 años,89.0,89.0,5.0,3,2,1,2,LAURELES,LAURELES,2
Granizal,Apartamento,Excelente estado,1 a 8 años,17800.0,17800.0,6.0,3,3,3,18,GRANIZAL,GRANIZAL,3+
Laureles,Apartamento,Usado,16 a 30 años,70.0,70.0,5.0,2,2,1,10,LAURELES,LAURELES,missing
Belén San Bernardo,Casa,Usado,16 a 30 años,100.0,100.0,3.0,2,4,0,2,BELEN SAN BERNARDO,BELEN SAN BERNARDO,2
Laureles,Apartamento,Usado,1 a 8 años,124.0,124.0,5.0,4,3,2,1,LAURELES,LAURELES,missing
El salvador,Apartamento,Usado,9 a 15 años,42.0,42.0,2.0,1,2,0,3,EL SALVADOR,EL SALVADOR,3+
Guayabal,Apartaestudio,Usado,más de 30 años,40.0,40.0,4.0,1,1,0,4,GUAYABAL,GUAYABAL,3+
Laureles,Casa,Buen estado,más de 30 años,250.0,250.0,5.0,3,6,0,2,LAURELES,LAURELES,2
Calasanz,Apartamento,Usado,más de 30 años,60.0,60.0,3.0,2,3,1,10,CALASANZ,CALASANZ,missing
Laureles,Apartamento,Buen estado,9 a 15 años,65.0,65.0,5.0,2,2,0,9,LAURELES,LAURELES,3+
El Poblado,Apartamento,Usado,16 a 30 años,132.0,132.0,5.0,2,2,2,1,EL POBLADO,EL POBLADO,1
Guayabal,Apartamento,Usado,más de 30 años,68.0,68.0,4.0,2,3,0,18,GUAYABAL,GUAYABAL,3+
Robledo,Apartamento,Usado,más de 30 años,60.0,60.0,3.0,2,3,0,18,ROBLEDO,ROBLEDO,3+
Calasanz,Apartamento,Usado,16 a 30 años,87.0,87.0,4.0,3,3,1,7,CALASANZ,CALASANZ,missing
La milagrosa,Apartaestudio,Usado,1 a 8 años,50.0,50.0,3.0,1,1,0,4,LA MILAGROSA,LA MILAGROSA,missing
Palenque,Apartamento,Usado,16 a 30 años,55.0,55.0,3.0,2,3,0,4,PALENQUE,OTROS,3+
El Poblado,Apartamento,Usado,16 a 30 años,179.0,179.0,6.0,5,3,2,13,EL POBLADO,EL POBLADO,3+
Prado,Apartamento,Usado,9 a 15 años,48.0,48.0,4.0,1,2,0,5,PRADO,PRADO,missing
Belen Las Playas,Apartaestudio,Usado,16 a 30 años,20.0,20.0,3.0,1,1,0,1,BELEN LAS PLAYAS,BELEN LAS PLAYAS,1
La candelaria,Casa,Usado,16 a 30 años,370.0,370.0,4.0,3,5,0,1,LA CANDELARIA,LA CANDELARIA,1
Belén,Apartamento,Usado,menor a 1 año,70.0,70.0,4.0,2,3,0,3,BELEN,BELEN,missing
Castropol,Apartamento,Usado,1 a 8 años,102.4,102.4,6.0,2,3,1,5,CASTROPOL,CASTROPOL,missing
Loma del Indio,Apartamento,Usado,1 a 8 años,54.0,54.0,5.0,2,2,1,9,LOMA DEL INDIO,LOMA DEL INDIO,missing
Vía Las Palmas,Apartamento,Usado,16 a 30 años,85.0,85.0,5.0,2,3,1,7,VIA LAS PALMAS,VIA LAS PALMAS,missing
El tesoro,Apartamento,Usado,9 a 15 años,120.0,120.0,5.0,2,3,1,3,EL TESORO,EL TESORO,missing
El velodromo,Apartaestudio,Usado,1 a 8 años,39.0,39.0,5.0,2,1,0,3,EL VELODROMO,EL VELODROMO,3+
Robledo,Apartamento,Buen estado,16 a 30 años,70.0,70.0,4.0,2,3,1,2,ROBLEDO,ROBLEDO,2
Villa hermosa,Apartaestudio,Usado,menor a 1 año,35.0,35.0,3.0,1,1,0,3,VILLA HERMOSA,VILLA HERMOSA,3+
San diego,Apartamento,Usado,1 a 8 años,115.0,115.0,5.0,3,4,0,3,SAN DIEGO,SAN DIEGO,missing
Boston,Casa,Usado,16 a 30 años,240.0,240.0,3.0,2,6,0,1,BOSTON,BOSTON,1
San javier,Apartamento,Usado,menor a 1 año,45.0,45.0,1.0,1,3,0,2,SAN JAVIER,SAN JAVIER,2
Guayabal,Apartamento,Usado,1 a 8 años,68.0,68.0,4.0,2,2,1,12,GUAYABAL,GUAYABAL,missing
Simon bolivar,Apartamento,Usado,más de 30 años,150.0,150.0,5.0,4,6,0,2,SIMON BOLIVAR,SIMON BOLIVAR,2
Conquistadores,Apartamento,Usado,16 a 30 años,100.0,100.0,5.0,2,3,1,3,CONQUISTADORES,CONQUISTADORES,3+
Laureles,Apartamento,Usado,16 a 30 años,92.0,92.0,5.0,2,2,1,10,LAURELES,LAURELES,missing
 Rodeo Alto ,Apartamento,Usado,1 a 8 años,78.0,78.0,4.0,2,3,1,5,RODEO ALTO,RODEO ALTO,missing
Calasanz,Apartamento,Usado,9 a 15 años,665.0,65.0,4.0,2,2,1,11,CALASANZ,CALASANZ,missing
El Poblado,Apartamento,Usado,más de 30 años,300.0,300.0,6.0,4,4,3,2,EL POBLADO,EL POBLADO,missing
Loma del Indio,Apartamento,Usado,1 a 8 años,70.0,70.0,5.0,2,2,1,10,LOMA DEL INDIO,LOMA DEL INDIO,missing
Belén Rosales,Apartaestudio,Usado,9 a 15 años,45.0,45.0,3.0,1,1,0,2,BELEN ROSALES,BELEN ROSALES,missing
La floresta,Apartaestudio,Usado,menor a 1 año,35.0,35.0,4.0,1,1,0,8,LA FLORESTA,LA FLORESTA,3+
San diego,Apartamento,Usado,1 a 8 años,90.0,90.0,6.0,2,3,1,13,SAN DIEGO,SAN DIEGO,3+
Robledo,Apartaestudio,Nuevo,1 a 8 años,65.0,65.0,4.0,2,3,0,18,ROBLEDO,ROBLEDO,3+
El Poblado,Apartamento,Usado,16 a 30 años,104.0,104.0,6.0,3,2,2,11,EL POBLADO,EL POBLADO,3+
La gloria,Apartaestudio,Usado,1 a 8 años,38.0,38.0,4.0,1,2,0,5,LA GLORIA,LA GLORIA,3+
San diego,Apartamento,Usado,1 a 8 años,102.4,102.4,6.0,2,3,2,5,SAN DIEGO,SAN DIEGO,missing
Cristo rey ,Apartamento,Nuevo,1 a 8 años,75.0,75.0,4.0,2,2,0,2,CRISTO REY,CRISTO REY,2
Buenos aires,Apartamento,Usado,más de 30 años,55.0,55.0,3.0,1,2,0,18,BUENOS AIRES,BUENOS AIRES,3+
El Poblado,Apartamento,Buen estado,16 a 30 años,80.0,80.0,6.0,2,2,1,10,EL POBLADO,EL POBLADO,3+
Belen La Palma,Apartamento,Usado,16 a 30 años,140.0,140.0,5.0,3,3,1,1,BELEN LA PALMA,BELEN LA PALMA,1
San german,Apartamento,Usado,1 a 8 años,70.0,70.0,4.0,2,2,1,10,SAN GERMAN,SAN GERMAN,missing
Bombona no1,Apartaestudio,Usado,menor a 1 año,36.0,36.0,3.0,1,1,0,16,BOMBONA NO1,BOMBONA NO1,3+
Santa rosa de lima,Apartamento,Usado,menor a 1 año,77.0,77.0,4.0,2,3,1,5,SANTA ROSA DE LIMA,SANTA ROSA DE LIMA,missing
El Poblado,Apartamento,Usado,9 a 15 años,130.0,153.0,6.0,5,3,2,3,EL POBLADO,EL POBLADO,3+
Carlos e restrepo,Apartamento,Usado,16 a 30 años,100.0,100.0,5.0,2,3,0,7,CARLOS E RESTREPO,CARLOS E RESTREPO,missing
El Poblado,Apartamento,Usado,1 a 8 años,78.0,78.0,6.0,2,3,1,5,EL POBLADO,EL POBLADO,missing
Santa Mónica,Apartaestudio,Usado,menor a 1 año,50.0,50.0,3.0,1,1,1,4,SANTA MONICA,SANTA MONICA,missing
La america,Casa,Usado,más de 30 años,116.0,116.0,4.0,2,4,0,1,LA AMERICA,LA AMERICA,missing
Trinidad,Casa,Usado,más de 30 años,130.0,130.0,3.0,2,6,0,2,TRINIDAD,TRINIDAD,2
Belén Aliadas,Apartaestudio,Usado,16 a 30 años,35.0,35.0,3.0,1,1,0,1,BELEN ALIADAS,BELEN ALIADAS,1
Ciudad del Río,Apartaestudio,Usado,1 a 8 años,30.0,30.0,6.0,2,1,1,4,CIUDAD DEL RIO,CIUDAD DEL RIO,missing
Centro,Apartaestudio,Usado,16 a 30 años,45.0,45.0,3.0,1,1,1,2,CENTRO,CENTRO,missing
El Poblado,Apartamento,Usado,más de 30 años,83.0,83.0,6.0,2,2,1,8,EL POBLADO,EL POBLADO,3+
Las palmas,Apartamento,Usado,1 a 8 años,76.0,76.0,6.0,2,3,2,4,LAS PALMAS,LAS PALMAS,missing
Prado,Apartaestudio,Usado,16 a 30 años,35.0,35.0,4.0,1,1,0,3,PRADO,PRADO,3+
Loma del Indio,Casa,Buen estado,16 a 30 años,135.0,135.0,5.0,5,4,1,1,LOMA DEL INDIO,LOMA DEL INDIO,1
San german,Apartamento,Usado,menor a 1 año,60.0,60.0,4.0,2,2,1,6,SAN GERMAN,SAN GERMAN,missing
Villa hermosa,Apartaestudio,Usado,menor a 1 año,38.0,38.0,3.0,1,1,0,1,VILLA HERMOSA,VILLA HERMOSA,1
El Poblado,Apartamento,Buen estado,16 a 30 años,100.0,100.0,6.0,2,3,2,18,EL POBLADO,EL POBLADO,3+
El Poblado,Apartamento,Usado,16 a 30 años,54.0,54.0,4.0,1,2,0,5,EL POBLADO,EL POBLADO,3+
Milla de Oro,Apartamento,Usado,1 a 8 años,51.0,51.0,6.0,2,1,1,1,MILLA DE ORO,MILLA DE ORO,1
Belén,Casa,Usado,16 a 30 años,290.0,290.0,5.0,4,4,2,1,BELEN,BELEN,missing
El Poblado,Apartamento,Usado,16 a 30 años,95.0,95.0,5.0,2,3,2,9,EL POBLADO,EL POBLADO,missing
Vía Las Palmas,Casa,Excelente estado,9 a 15 años,420.0,420.0,6.0,5,4,3,1,VIA LAS PALMAS,VIA LAS PALMAS,1
Los colores,Apartamento,Usado,1 a 8 años,75.0,75.0,5.0,2,3,1,7,LOS COLORES,LOS COLORES,missing
Manrique Central,Casa,Nuevo,menor a 1 año,150.0,150.0,3.0,2,5,0,1,MANRIQUE CENTRAL,MANRIQUE CENTRAL,missing
Vía Las Palmas,Apartamento,Usado,menor a 1 año,120.0,120.0,3.0,3,5,0,1,VIA LAS PALMAS,VIA LAS PALMAS,missing
Calasanz,Apartamento,Usado,9 a 15 años,72.0,72.0,4.0,2,2,1,9,CALASANZ,CALASANZ,missing
Colasania,Apartamento,Usado,1 a 8 años,54.0,54.0,4.0,2,2,1,3,COLASANIA,COLASANIA,3+
Loma del Indio,Apartamento,Usado,9 a 15 años,58.0,58.0,4.0,2,3,1,10,LOMA DEL INDIO,LOMA DEL INDIO,missing
Castropol,Apartamento,Usado,más de 30 años,292.0,292.0,6.0,5,3,3,1,CASTROPOL,CASTROPOL,missing
San diego,Apartamento,Buen estado,1 a 8 años,108.0,108.0,6.0,3,3,2,18,SAN DIEGO,SAN DIEGO,3+
Guayabal,Apartamento,Usado,1 a 8 años,73.0,73.0,4.0,2,2,1,10,GUAYABAL,GUAYABAL,missing
Belén San Bernardo,Apartamento,Usado,9 a 15 años,45.0,45.0,3.0,1,2,0,4,BELEN SAN BERNARDO,BELEN SAN BERNARDO,missing
San diego,Apartamento,Usado,1 a 8 años,102.4,102.4,6.0,2,3,1,5,SAN DIEGO,SAN DIEGO,missing
Cristo rey,Apartamento,Usado,9 a 15 años,75.0,75.0,4.0,2,3,1,7,CRISTO REY,CRISTO REY,missing
Laureles,Apartamento,Usado,1 a 8 años,90.0,90.0,5.0,2,2,1,8,LAURELES,LAURELES,missing
Sevilla,Casa,Usado,1 a 8 años,100.0,100.0,3.0,3,3,0,1,SEVILLA,SEVILLA,missing
Laureles,Apartamento,Usado,más de 30 años,110.0,110.0,4.0,3,5,1,1,LAURELES,LAURELES,missing
San joaquin,Apartamento,Usado,1 a 8 años,55.0,55.0,4.0,1,2,0,3,SAN JOAQUIN,SAN JOAQUIN,missing
Laureles,Apartaestudio,Buen estado,16 a 30 años,45.0,45.0,5.0,1,1,1,3,LAURELES,LAURELES,3+
Las palmas,Apartamento,Usado,9 a 15 años,108.0,108.0,6.0,3,2,1,8,LAS PALMAS,LAS PALMAS,missing
Guayabal,Apartamento,Usado,1 a 8 años,68.0,68.0,3.0,2,2,1,12,GUAYABAL,GUAYABAL,missing
El Poblado,Apartamento,Usado,16 a 30 años,89.0,89.0,5.0,2,2,1,2,EL POBLADO,EL POBLADO,2
El Poblado,Apartamento,Buen estado,1 a 8 años,55.0,55.0,6.0,2,1,1,18,EL POBLADO,EL POBLADO,3+
Belen Malibu,Apartamento,Usado,1 a 8 años,200.0,200.0,5.0,3,4,1,1,BELEN MALIBU,BELEN MALIBU,1
Viviendas del Sur,Apartamento,Usado,1 a 8 años,75.0,75.0,3.0,2,3,0,7,VIVIENDAS DEL SUR,VIVIENDAS DEL SUR,missing
Belén,Apartamento,Usado,16 a 30 años,76.0,76.0,4.0,2,2,1,3,BELEN,BELEN,3+
Belén Rincón,Apartaestudio,Usado,16 a 30 años,45.0,45.0,3.0,1,2,0,4,BELEN RINCON,BELEN RINCON,3+
San javier,Apartamento,Usado,menor a 1 año,200.0,200.0,6.0,1,1,0,2,SAN JAVIER,SAN JAVIER,missing
Calasanz,Apartamento,Usado,1 a 8 años,220.0,220.0,5.0,4,4,0,4,CALASANZ,CALASANZ,3+
El Poblado,Apartamento,Usado,16 a 30 años,67.0,67.0,6.0,2,1,1,4,EL POBLADO,EL POBLADO,missing
San diego,Apartamento,Buen estado,9 a 15 años,68.0,68.0,6.0,2,2,1,18,SAN DIEGO,SAN DIEGO,3+
El Poblado,Apartamento,Usado,más de 30 años,81.0,81.0,6.0,2,3,0,13,EL POBLADO,EL POBLADO,3+
Loma del Indio,Apartamento,Usado,16 a 30 años,75.0,75.0,5.0,2,2,1,18,LOMA DEL INDIO,LOMA DEL INDIO,3+
Los Parra,Apartamento,Usado,9 a 15 años,63.0,63.0,6.0,2,2,1,11,LOS PARRA,LOS PARRA,3+
Belén,Apartaestudio,Usado,16 a 30 años,45.0,45.0,5.0,2,1,0,14,BELEN,BELEN,3+
Belén ,Casa,Usado,1 a 8 años,180.0,180.0,5.0,5,5,1,1,BELEN,BELEN,missing
Guayaquil,Apartamento,Usado,más de 30 años,47.0,47.0,4.0,1,2,0,2,GUAYAQUIL,GUAYAQUIL,missing
Bello horizonte,Apartamento,Usado,16 a 30 años,70.0,70.0,4.0,2,3,1,8,BELLO HORIZONTE,OTROS,3+
El Poblado,Apartamento,Usado,16 a 30 años,100.0,100.0,4.0,3,2,2,10,EL POBLADO,EL POBLADO,missing
San diego,Apartamento,Usado,1 a 8 años,70.0,70.0,4.0,2,2,1,10,SAN DIEGO,SAN DIEGO,missing
Boston,Apartaestudio,Usado,16 a 30 años,30.0,30.0,3.0,1,1,0,1,BOSTON,BOSTON,1
Belen La Palma,Apartamento,Usado,16 a 30 años,56.0,56.0,4.0,2,2,0,5,BELEN LA PALMA,BELEN LA PALMA,3+
Robledo,Apartamento,Usado,1 a 8 años,60.0,60.0,3.0,2,2,1,18,ROBLEDO,ROBLEDO,3+
El Poblado,Apartamento,Usado,9 a 15 años,160.0,160.0,6.0,3,3,0,3,EL POBLADO,EL POBLADO,missing
Simon bolivar,Apartaestudio,Usado,más de 30 años,220.0,220.0,5.0,4,7,0,2,SIMON BOLIVAR,SIMON BOLIVAR,2
San german,Apartamento,Usado,9 a 15 años,52.0,52.0,4.0,2,2,1,9,SAN GERMAN,SAN GERMAN,missing
Las palmas,Apartamento,Usado,1 a 8 años,67.0,67.0,5.0,1,2,1,4,LAS PALMAS,LAS PALMAS,missing
Las palmas,Apartamento,Usado,16 a 30 años,80.0,80.0,4.0,2,3,1,18,LAS PALMAS,LAS PALMAS,3+
Robledo,Apartamento,Usado,16 a 30 años,75.0,75.0,3.0,2,3,1,3,ROBLEDO,ROBLEDO,3+
Laureles,Casa,Usado,16 a 30 años,180.0,180.0,5.0,6,6,0,1,LAURELES,LAURELES,missing
Conquistadores,Apartamento,Usado,1 a 8 años,85.0,85.0,4.0,2,3,2,7,CONQUISTADORES,CONQUISTADORES,missing
San javier,Apartamento,Usado,menor a 1 año,50.0,50.0,3.0,1,2,0,4,SAN JAVIER,SAN JAVIER,missing
Castropol,Apartamento,Usado,1 a 8 años,102.0,102.0,5.0,2,2,2,9,CASTROPOL,CASTROPOL,missing
Cola del Zorro,Apartaestudio,Excelente estado,1 a 8 años,51.0,51.0,6.0,2,1,1,2,COLA DEL ZORRO,COLA DEL ZORRO,missing
Loma del Indio,Apartamento,Usado,1 a 8 años,79.0,79.0,4.0,2,3,1,5,LOMA DEL INDIO,LOMA DEL INDIO,missing
El Poblado,Apartamento,Usado,más de 30 años,72.0,72.0,5.0,2,3,0,10,EL POBLADO,EL POBLADO,missing
Belencito,Casa,Usado,menor a 1 año,102.0,102.0,3.0,2,3,0,1,BELENCITO,BELENCITO,missing
El Poblado,Apartamento,Usado,1 a 8 años,8700.0,8700.0,6.0,2,2,1,11,EL POBLADO,EL POBLADO,missing
El chagualo,Apartamento,Usado,más de 30 años,60.0,60.0,3.0,2,3,0,10,EL CHAGUALO,EL CHAGUALO,3+
Loma del Indio,Apartamento,Usado,1 a 8 años,73.0,73.0,5.0,2,2,1,10,LOMA DEL INDIO,LOMA DEL INDIO,missing
Suramericana,Apartaestudio,Usado,más de 30 años,24.0,24.0,5.0,1,1,0,2,SURAMERICANA,SURAMERICANA,2
La candelaria,Apartaestudio,Usado,16 a 30 años,38.0,38.0,4.0,1,1,0,9,LA CANDELARIA,LA CANDELARIA,3+
Boston,Casa,Usado,16 a 30 años,250.0,250.0,4.0,6,14,0,1,BOSTON,BOSTON,missing
Patio bonito,Apartamento,Usado,16 a 30 años,80.0,80.0,5.0,2,2,1,4,PATIO BONITO,PATIO BONITO,3+
Vía Las Palmas,Apartamento,Buen estado,9 a 15 años,76.0,76.0,6.0,2,1,1,9,VIA LAS PALMAS,VIA LAS PALMAS,3+
El Poblado,Apartamento,Usado,menor a 1 año,90.0,90.0,6.0,2,3,2,25,EL POBLADO,EL POBLADO,3+
Santa maria de los angeles,Apartamento,Usado,16 a 30 años,140.0,140.0,4.0,3,3,2,16,SANTA MARIA DE LOS ANGELES,SANTA MARIA DE LOS ANGELES,3+
El nogal- los almendros,Apartamento,Usado,1 a 8 años,96.0,96.0,5.0,2,2,1,13,EL NOGAL- LOS ALMENDROS,EL NOGAL- LOS ALMENDROS,missing
Loma del Indio,Apartamento,Usado,1 a 8 años,68.0,68.0,5.0,2,2,1,12,LOMA DEL INDIO,LOMA DEL INDIO,missing
Robledo,Casa,Usado,más de 30 años,55.0,55.0,3.0,1,2,0,1,ROBLEDO,ROBLEDO,1
Vía Las Palmas,Apartamento,Usado,1 a 8 años,73.0,73.0,4.0,2,2,0,10,VIA LAS PALMAS,VIA LAS PALMAS,missing
San diego,Apartamento,Usado,1 a 8 años,67.0,67.0,4.0,3,2,1,4,SAN DIEGO,SAN DIEGO,missing
Loma del Indio,Apartaestudio,Nuevo,1 a 8 años,65.0,65.0,4.0,1,1,1,18,LOMA DEL INDIO,LOMA DEL INDIO,3+
Rodeo Alto,Apartamento,Excelente estado,1 a 8 años,93.0,93.0,6.0,3,2,2,1,RODEO ALTO,RODEO ALTO,missing
Laureles,Apartamento,Usado,9 a 15 años,135.0,135.0,5.0,4,4,1,4,LAURELES,LAURELES,missing
La milagrosa,Apartamento,Usado,1 a 8 años,50.0,50.0,3.0,1,2,0,4,LA MILAGROSA,LA MILAGROSA,missing
Loma Benedictinos,Apartamento,Excelente estado,16 a 30 años,84.0,84.0,6.0,2,3,1,6,LOMA BENEDICTINOS,OTROS,missing
Belén,Apartamento,Usado,9 a 15 años,103.0,103.0,5.0,2,3,2,6,BELEN,BELEN,missing
El Poblado,Apartamento,Usado,9 a 15 años,60.0,60.0,5.0,2,2,0,2,EL POBLADO,EL POBLADO,2
La gloria,Apartamento,Usado,16 a 30 años,58.0,58.0,3.0,1,2,0,2,LA GLORIA,LA GLORIA,2
Santa maria de los angeles,Apartamento,Usado,9 a 15 años,106.0,106.0,6.0,3,3,2,2,SANTA MARIA DE LOS ANGELES,SANTA MARIA DE LOS ANGELES,missing
Belén,Casa,Usado,16 a 30 años,400.0,400.0,5.0,6,8,0,1,BELEN,BELEN,1
Laureles,Casa,Buen estado,16 a 30 años,350.0,350.0,5.0,3,4,1,1,LAURELES,LAURELES,1
Loma del Indio,Apartamento,Usado,9 a 15 años,78.0,78.0,4.0,2,3,1,18,LOMA DEL INDIO,LOMA DEL INDIO,3+
Laureles Nogal,Apartamento,Usado,1 a 8 años,80.0,80.0,5.0,2,2,1,4,LAURELES NOGAL,LAURELES NOGAL,3+
Laureles,Apartamento,Usado,16 a 30 años,85.0,85.0,5.0,2,3,1,3,LAURELES,LAURELES,3+
San javier,Apartaestudio,Usado,más de 30 años,24.0,24.0,3.0,1,1,0,2,SAN JAVIER,SAN JAVIER,missing
Laureles,Apartaestudio,Usado,menor a 1 año,35.0,35.0,5.0,1,1,0,3,LAURELES,LAURELES,missing
Guayabal,Casa,Usado,16 a 30 años,90.0,90.0,3.0,1,2,0,1,GUAYABAL,GUAYABAL,missing
San german,Apartamento,Usado,9 a 15 años,80.0,80.0,4.0,2,3,1,6,SAN GERMAN,SAN GERMAN,missing
La gloria,Apartamento,Usado,16 a 30 años,65.0,65.0,3.0,1,2,0,2,LA GLORIA,LA GLORIA,2
Belén,Apartamento,Usado,16 a 30 años,60.0,60.0,4.0,2,2,0,4,BELEN,BELEN,3+
El Poblado,Apartamento,Excelente estado,1 a 8 años,95.0,95.0,6.0,2,2,1,11,EL POBLADO,EL POBLADO,missing
Centro,Apartaestudio,Usado,1 a 8 años,28.0,28.0,3.0,1,1,0,2,CENTRO,CENTRO,2
El Poblado,Apartaestudio,Usado,menor a 1 año,52.0,52.0,5.0,2,1,1,7,EL POBLADO,EL POBLADO,missing
Santa fe,Apartamento,Usado,1 a 8 años,68.0,68.0,3.0,2,3,1,5,SANTA FE,SANTA FE,missing
La floresta,Apartamento,Usado,16 a 30 años,95.0,95.0,3.0,2,3,1,2,LA FLORESTA,LA FLORESTA,2
Los colores,Apartamento,Usado,1 a 8 años,87.6,87.6,4.0,2,3,1,3,LOS COLORES,LOS COLORES,3+
Loma de los bernal,Apartamento,Usado,1 a 8 años,65.0,65.0,4.0,2,2,1,5,LOMA DE LOS BERNAL,LOMA DE LOS BERNAL,missing
La candelaria,Apartamento,Buen estado,1 a 8 años,66.0,66.0,4.0,2,2,0,8,LA CANDELARIA,LA CANDELARIA,3+
Loreto,Apartamento,Usado,9 a 15 años,48.0,48.0,3.0,1,2,0,5,LORETO,LORETO,missing
Laureles,Apartamento,Buen estado,16 a 30 años,47.0,47.0,4.0,1,2,0,2,LAURELES,LAURELES,2
Robledo,Apartamento,Usado,1 a 8 años,50.0,50.0,3.0,1,3,0,10,ROBLEDO,ROBLEDO,3+
Boston,Casa,Usado,más de 30 años,21500.0,21500.0,3.0,3,5,0,1,BOSTON,BOSTON,missing
Loma del Indio,Apartamento,Usado,1 a 8 años,132.0,1.0,6.0,3,3,2,18,LOMA DEL INDIO,LOMA DEL INDIO,3+
La gloria,Apartamento,Usado,16 a 30 años,50.0,50.0,4.0,1,3,0,1,LA GLORIA,LA GLORIA,1
Las palmas,Casa,Usado,menor a 1 año,300.0,300.0,6.0,5,3,2,1,LAS PALMAS,LAS PALMAS,missing
Pajarito,Casa,Usado,menor a 1 año,60.0,60.0,3.0,2,3,0,1,PAJARITO,PAJARITO,missing
Calasanz,Casa,Usado,1 a 8 años,68.0,68.0,3.0,1,2,1,1,CALASANZ,CALASANZ,1
Villa hermosa,Apartamento,Usado,9 a 15 años,65.0,65.0,3.0,1,3,1,2,VILLA HERMOSA,VILLA HERMOSA,missing
Comuna 4,Apartaestudio,Usado,1 a 8 años,62.0,62.0,6.0,1,1,1,4,COMUNA 4,OTROS,3+
El Poblado,Apartamento,Usado,9 a 15 años,230.0,230.0,6.0,5,3,3,1,EL POBLADO,EL POBLADO,missing
Santa maria de los angeles,Apartamento,Usado,16 a 30 años,67.0,67.0,6.0,3,2,1,4,SANTA MARIA DE LOS ANGELES,SANTA MARIA DE LOS ANGELES,3+
Castropol,Casa,Usado,1 a 8 años,230.0,230.0,6.0,4,4,1,1,CASTROPOL,CASTROPOL,missing
Belen La Palma,Apartamento,Usado,1 a 8 años,70.0,70.0,4.0,2,2,0,2,BELEN LA PALMA,BELEN LA PALMA,2
Calasanz,Apartamento,Usado,16 a 30 años,55.0,55.0,4.0,2,2,0,5,CALASANZ,CALASANZ,missing
Castilla,Apartamento,Usado,16 a 30 años,80.0,80.0,3.0,2,3,0,3,CASTILLA,CASTILLA,3+
Belen Las Playas,Apartaestudio,Usado,16 a 30 años,20.0,20.0,3.0,1,1,0,1,BELEN LAS PLAYAS,BELEN LAS PLAYAS,1
Boston,Apartaestudio,Usado,16 a 30 años,40.0,40.0,3.0,1,1,0,1,BOSTON,BOSTON,1
El Poblado,Apartamento,Buen estado,más de 30 años,180.0,180.0,5.0,3,3,3,10,EL POBLADO,EL POBLADO,3+
El Poblado,Apartamento,Usado,9 a 15 años,90.0,90.0,6.0,2,3,0,2,EL POBLADO,EL POBLADO,2
El Campestre,Apartamento,Usado,9 a 15 años,450.0,450.0,6.0,4,4,4,3,EL CAMPESTRE,EL CAMPESTRE,3+
La america,Apartamento,Usado,16 a 30 años,80.0,80.0,3.0,2,3,0,6,LA AMERICA,LA AMERICA,missing
Buenos aires,Casa,Usado,más de 30 años,95.0,95.0,3.0,2,4,0,1,BUENOS AIRES,BUENOS AIRES,missing
Laureles,Apartamento,Usado,menor a 1 año,45.0,45.0,5.0,1,2,0,4,LAURELES,LAURELES,missing
Laureles,Apartaestudio,Buen estado,16 a 30 años,52.0,52.0,4.0,2,1,1,2,LAURELES,LAURELES,2
Laureles,Apartaestudio,Usado,16 a 30 años,30.0,30.0,4.0,1,1,1,8,LAURELES,LAURELES,3+
Loma del Indio,Apartamento,Usado,1 a 8 años,69.0,69.0,6.0,2,2,2,13,LOMA DEL INDIO,LOMA DEL INDIO,missing
La america,Apartamento,Usado,más de 30 años,83.0,83.0,4.0,2,2,0,1,LA AMERICA,LA AMERICA,1
Lorena,Apartamento,Usado,1 a 8 años,70.0,70.0,4.0,2,2,0,10,LORENA,LORENA,missing
Vía Las Palmas,Apartamento,Usado,1 a 8 años,78.0,78.0,4.0,2,3,1,5,VIA LAS PALMAS,VIA LAS PALMAS,missing
El Poblado,Apartamento,Nuevo,1 a 8 años,203.0,203.0,6.0,4,2,4,5,EL POBLADO,EL POBLADO,3+
El chagualo,Apartamento,Usado,1 a 8 años,50.0,50.0,3.0,1,3,0,2,EL CHAGUALO,EL CHAGUALO,2
El Poblado,Apartamento,Usado,16 a 30 años,100.0,100.0,6.0,2,3,1,7,EL POBLADO,EL POBLADO,missing
San diego,Apartamento,Usado,16 a 30 años,47.0,47.0,3.0,1,2,0,2,SAN DIEGO,SAN DIEGO,2
Belen Malibu,Casa,Usado,9 a 15 años,300.0,300.0,6.0,5,6,2,1,BELEN MALIBU,BELEN MALIBU,missing
Laureles,Casa,Usado,16 a 30 años,318.0,440.0,5.0,5,5,2,1,LAURELES,LAURELES,missing
El Poblado,Apartamento,Usado,1 a 8 años,9400.0,9400.0,6.0,2,2,2,10,EL POBLADO,EL POBLADO,missing
Robledo,Apartamento,Usado,16 a 30 años,70.0,70.0,4.0,2,3,1,6,ROBLEDO,ROBLEDO,3+
Villatina,Apartamento,Usado,16 a 30 años,50.0,50.0,3.0,2,3,0,4,VILLATINA,OTROS,missing
San diego,Apartamento,Buen estado,16 a 30 años,75.0,75.0,6.0,2,2,0,5,SAN DIEGO,SAN DIEGO,3+
Calasanz,Apartaestudio,Usado,menor a 1 año,26.0,26.0,4.0,1,1,0,5,CALASANZ,CALASANZ,3+
Belén,Casa,Usado,16 a 30 años,85.0,85.0,3.0,2,3,1,1,BELEN,BELEN,missing
Belén Aliadas,Apartaestudio,Usado,1 a 8 años,25.0,25.0,4.0,1,1,0,3,BELEN ALIADAS,BELEN ALIADAS,3+
Belén,Casa,Usado,16 a 30 años,130.0,130.0,4.0,2,4,0,1,BELEN,BELEN,missing
El Poblado,Apartamento,Buen estado,16 a 30 años,200.0,200.0,6.0,4,3,1,2,EL POBLADO,EL POBLADO,2
El Poblado,Apartamento,Usado,16 a 30 años,70.0,70.0,5.0,2,3,1,3,EL POBLADO,EL POBLADO,missing
Boston,Apartaestudio,Usado,9 a 15 años,33.0,33.0,4.0,1,1,0,14,BOSTON,BOSTON,3+
Florida nueva,Apartamento,Usado,16 a 30 años,112.0,112.0,5.0,2,3,1,5,FLORIDA NUEVA,FLORIDA NUEVA,missing
El Poblado,Apartamento,Usado,1 a 8 años,80.0,80.0,5.0,2,3,1,6,EL POBLADO,EL POBLADO,missing
Buenos aires,Casa,Usado,más de 30 años,60.0,60.0,3.0,1,2,0,1,BUENOS AIRES,BUENOS AIRES,1
Loma de los bernal,Apartamento,Nuevo,menor a 1 año,65.0,65.0,5.0,2,3,127,9,LOMA DE LOS BERNAL,LOMA DE LOS BERNAL,missing
Laureles,Apartamento,Usado,16 a 30 años,85.0,85.0,5.0,2,3,1,3,LAURELES,LAURELES,3+
El Poblado,Apartamento,Buen estado,9 a 15 años,110.0,110.0,6.0,2,3,1,3,EL POBLADO,EL POBLADO,3+
Pedregal,Casa,Usado,16 a 30 años,9800.0,9800.0,3.0,3,4,0,1,PEDREGAL,OTROS,missing
Laureles,Apartamento,Usado,16 a 30 años,85.0,85.0,5.0,2,2,2,6,LAURELES,LAURELES,missing
Patio bonito,Casa,Usado,16 a 30 años,353.0,353.0,6.0,7,10,0,1,PATIO BONITO,PATIO BONITO,missing
Vía Las Palmas,Apartamento,Usado,1 a 8 años,8700.0,8700.0,6.0,2,2,1,11,VIA LAS PALMAS,VIA LAS PALMAS,missing
Laureles,Apartamento,Usado,16 a 30 años,76.0,76.0,5.0,2,2,1,2,LAURELES,LAURELES,2
El Poblado,Apartamento,Usado,menor a 1 año,91.0,91.0,6.0,3,2,1,1,EL POBLADO,EL POBLADO,1
El tesoro,Apartamento,Usado,1 a 8 años,95.0,95.0,6.0,2,3,1,9,EL TESORO,EL TESORO,missing
Rodeo Alto,Apartamento,Usado,menor a 1 año,65.0,65.0,4.0,2,3,1,9,RODEO ALTO,RODEO ALTO,missing
Loma del Indio,Apartamento,Usado,1 a 8 años,70.0,70.0,4.0,2,2,1,10,LOMA DEL INDIO,LOMA DEL INDIO,missing
Las palmas,Apartamento,Usado,1 a 8 años,74.0,74.0,4.0,2,3,1,11,LAS PALMAS,LAS PALMAS,missing
El Poblado,Apartamento,Usado,más de 30 años,70.0,70.0,5.0,2,3,0,3,EL POBLADO,EL POBLADO,missing
Belén,Apartaestudio,Buen estado,1 a 8 años,40.0,40.0,4.0,1,1,0,2,BELEN,BELEN,2
El Poblado,Apartamento,Usado,9 a 15 años,75.0,75.0,6.0,3,2,1,18,EL POBLADO,EL POBLADO,3+
La candelaria,Apartaestudio,Usado,1 a 8 años,60.0,60.0,4.0,1,2,0,3,LA CANDELARIA,LA CANDELARIA,missing
Laureles,Casa,Usado,16 a 30 años,260.0,260.0,5.0,3,4,1,2,LAURELES,LAURELES,2
El Poblado,Apartamento,Usado,1 a 8 años,6900.0,6900.0,6.0,2,3,1,5,EL POBLADO,EL POBLADO,missing
Belén,Casa,Usado,menor a 1 año,64.0,64.0,4.0,2,2,0,1,BELEN,BELEN,missing
San diego,Apartamento,Buen estado,1 a 8 años,165.0,165.0,6.0,2,3,0,5,SAN DIEGO,SAN DIEGO,missing
El Poblado,Apartamento,Buen estado,9 a 15 años,94.0,94.0,6.0,2,2,2,6,EL POBLADO,EL POBLADO,3+
El Poblado,Apartamento,Usado,16 a 30 años,64.0,64.0,4.0,2,2,1,3,EL POBLADO,EL POBLADO,3+
Laureles,Apartamento,Usado,1 a 8 años,69.0,1.0,4.0,2,3,1,2,LAURELES,LAURELES,2
Belén San Bernardo,Apartamento,Usado,1 a 8 años,58.0,58.0,2.0,1,2,0,5,BELEN SAN BERNARDO,BELEN SAN BERNARDO,missing
El Poblado,Apartamento,Usado,16 a 30 años,84.0,84.0,4.0,2,3,1,6,EL POBLADO,EL POBLADO,missing
Loma de los bernal,Apartamento,Usado,9 a 15 años,80.0,80.0,5.0,2,3,1,4,LOMA DE LOS BERNAL,LOMA DE LOS BERNAL,3+
La castellana,Casa,Usado,16 a 30 años,400.0,400.0,5.0,6,8,1,1,LA CASTELLANA,LA CASTELLANA,1
Patio bonito,Apartamento,Usado,16 a 30 años,74.0,74.0,6.0,2,2,1,9,PATIO BONITO,PATIO BONITO,missing
La castellana,Apartamento,Usado,1 a 8 años,85.0,85.0,5.0,2,3,1,1,LA CASTELLANA,LA CASTELLANA,1
La floresta,Apartamento,Usado,16 a 30 años,60.0,60.0,4.0,2,2,0,3,LA FLORESTA,LA FLORESTA,3+
Laureles,Apartamento,Usado,16 a 30 años,50.0,50.0,2.0,1,3,0,1,LAURELES,LAURELES,1
El Poblado,Apartamento,Usado,9 a 15 años,365.0,365.0,6.0,4,4,3,2,EL POBLADO,EL POBLADO,2
Loma del Indio,Apartamento,Usado,1 a 8 años,102.4,102.4,6.0,2,3,1,5,LOMA DEL INDIO,LOMA DEL INDIO,missing
Laureles,Casa,Usado,1 a 8 años,350.0,350.0,5.0,3,4,1,1,LAURELES,LAURELES,missing
Belén Los Alpes,Apartaestudio,Usado,16 a 30 años,20.0,20.0,3.0,1,1,0,1,BELEN LOS ALPES,BELEN LOS ALPES,1
La floresta,Apartaestudio,Usado,menor a 1 año,38.0,38.0,4.0,1,1,0,3,LA FLORESTA,LA FLORESTA,3+
La castellana,Casa,Usado,menor a 1 año,110.0,110.0,5.0,2,5,0,1,LA CASTELLANA,LA CASTELLANA,missing
Campo amor,Apartaestudio,Usado,menor a 1 año,16.0,16.0,4.0,1,1,0,1,CAMPO AMOR,CAMPO AMOR,missing
El Poblado,Apartamento,Usado,más de 30 años,420.0,420.0,6.0,7,4,3,1,EL POBLADO,EL POBLADO,missing
Ciudad del Río,Apartaestudio,Usado,menor a 1 año,61.0,61.0,5.0,2,1,1,5,CIUDAD DEL RIO,CIUDAD DEL RIO,missing
La milagrosa,Apartamento,Usado,más de 30 años,45.0,45.0,3.0,1,2,0,3,LA MILAGROSA,LA MILAGROSA,3+
Los colores,Apartamento,Usado,1 a 8 años,75.0,75.0,4.0,2,3,1,7,LOS COLORES,LOS COLORES,missing
La candelaria,Apartamento,Usado,16 a 30 años,7500.0,7500.0,4.0,2,2,1,4,LA CANDELARIA,LA CANDELARIA,3+
Laureles,Casa,Usado,16 a 30 años,207.0,207.0,5.0,2,4,1,1,LAURELES,LAURELES,missing
Buenos aires,Apartaestudio,Usado,más de 30 años,35.0,35.0,3.0,1,1,0,3,BUENOS AIRES,BUENOS AIRES,missing
Las palmas,Apartamento,Usado,9 a 15 años,75.0,75.0,6.0,3,2,1,8,LAS PALMAS,LAS PALMAS,missing
El Poblado,Apartamento,Usado,1 a 8 años,50.0,50.0,6.0,2,1,0,3,EL POBLADO,EL POBLADO,missing
La castellana,Casa,Usado,menor a 1 año,120.0,120.0,5.0,2,4,0,1,LA CASTELLANA,LA CASTELLANA,missing
Guayabal,Apartamento,Usado,más de 30 años,66.0,66.0,4.0,2,2,0,18,GUAYABAL,GUAYABAL,3+
Loma De San Julian,Apartamento,Usado,16 a 30 años,78.0,78.0,6.0,2,2,1,2,LOMA DE SAN JULIAN,LOMA DE SAN JULIAN,2
La floresta,Apartamento,Usado,más de 30 años,82.0,82.0,4.0,2,3,0,5,LA FLORESTA,LA FLORESTA,3+
Ciudad del Río,Apartamento,Usado,1 a 8 años,72.0,72.0,5.0,2,2,1,9,CIUDAD DEL RIO,CIUDAD DEL RIO,missing
Robledo,Apartamento,Usado,1 a 8 años,63.0,63.0,3.0,2,3,0,18,ROBLEDO,ROBLEDO,3+
Las palmas,Apartamento,Usado,1 a 8 años,2594.0,2594.0,5.0,3,3,2,10,LAS PALMAS,LAS PALMAS,missing
El salvador,Apartaestudio,Usado,9 a 15 años,25.0,25.0,3.0,1,1,0,1,EL SALVADOR,EL SALVADOR,1
Robledo,Apartamento,Usado,9 a 15 años,50.0,50.0,3.0,1,2,0,4,ROBLEDO,ROBLEDO,missing
La floresta,Apartaestudio,Usado,16 a 30 años,45.0,45.0,3.0,1,1,0,2,LA FLORESTA,LA FLORESTA,2
Boston,Apartamento,Usado,1 a 8 años,5900.0,5900.0,4.0,2,2,0,9,BOSTON,BOSTON,missing
San cristobal,Apartamento,Usado,1 a 8 años,60.0,60.0,3.0,1,3,0,4,SAN CRISTOBAL,SAN CRISTOBAL,3+
Lorena,Apartaestudio,Usado,1 a 8 años,45.0,45.0,4.0,1,1,0,2,LORENA,LORENA,missing
El Poblado,Apartaestudio,Buen estado,16 a 30 años,30.0,30.0,6.0,1,1,0,3,EL POBLADO,EL POBLADO,3+
Prado,Apartamento,Usado,16 a 30 años,178.0,178.0,4.0,3,5,0,1,PRADO,PRADO,1
Loma del Indio,Apartamento,Excelente estado,1 a 8 años,58.0,58.0,3.0,1,3,0,7,LOMA DEL INDIO,LOMA DEL INDIO,missing
Las palmas,Apartamento,Usado,menor a 1 año,72.0,72.0,6.0,2,3,1,10,LAS PALMAS,LAS PALMAS,missing
El Poblado,Apartamento,Usado,16 a 30 años,80.0,80.0,6.0,2,2,2,2,EL POBLADO,EL POBLADO,missing
Calasanz,Apartamento,Usado,1 a 8 años,70.0,70.0,4.0,2,3,1,3,CALASANZ,CALASANZ,missing
Conquistadores,Apartamento,Usado,1 a 8 años,80.0,80.0,5.0,2,3,1,5,CONQUISTADORES,CONQUISTADORES,3+
Pajarito,Apartamento,Usado,1 a 8 años,58.0,58.0,3.0,1,3,0,7,PAJARITO,PAJARITO,missing
El velodromo,Apartaestudio,Usado,1 a 8 años,1.0,1.0,4.0,1,1,0,3,EL VELODROMO,EL VELODROMO,missing
La america,Apartamento,Usado,1 a 8 años,56.0,56.0,5.0,1,1,0,2,LA AMERICA,LA AMERICA,2
El Poblado,Apartamento,Usado,1 a 8 años,78.0,78.0,5.0,2,2,1,9,EL POBLADO,EL POBLADO,missing
El Poblado,Apartamento,Usado,16 a 30 años,72.0,72.0,6.0,2,2,1,9,EL POBLADO,EL POBLADO,3+
Simon bolivar,Casa,Usado,16 a 30 años,150.0,150.0,5.0,4,6,0,2,SIMON BOLIVAR,SIMON BOLIVAR,2
La candelaria,Apartaestudio,Usado,9 a 15 años,40.0,40.0,3.0,1,1,0,2,LA CANDELARIA,LA CANDELARIA,2
Calasanz,Apartamento,Usado,más de 30 años,62.0,62.0,4.0,1,2,0,13,CALASANZ,CALASANZ,3+
Los colores,Apartamento,Usado,1 a 8 años,60.0,60.0,5.0,2,3,1,10,LOS COLORES,LOS COLORES,missing
El Poblado,Apartamento,Usado,1 a 8 años,70.0,70.0,6.0,2,2,2,8,EL POBLADO,EL POBLADO,3+
Villa hermosa,Apartamento,Usado,menor a 1 año,65.0,65.0,3.0,2,2,1,1,VILLA HERMOSA,VILLA HERMOSA,1
Laureles,Apartamento,Buen estado,16 a 30 años,135.0,135.0,5.0,5,3,2,9,LAURELES,LAURELES,3+
Laureles,Apartamento,Usado,16 a 30 años,40.0,40.0,5.0,1,2,0,9,LAURELES,LAURELES,3+
La gloria,Casa,Usado,16 a 30 años,115.0,115.0,3.0,2,3,1,1,LA GLORIA,LA GLORIA,1
Boston,Apartamento,Usado,16 a 30 años,35.0,35.0,4.0,1,1,0,1,BOSTON,BOSTON,1
El velodromo,Casa,Usado,1 a 8 años,98.0,98.0,4.0,1,2,0,2,EL VELODROMO,EL VELODROMO,2
Las palmas,Apartamento,Usado,1 a 8 años,2594.0,2594.0,5.0,3,3,2,10,LAS PALMAS,LAS PALMAS,missing
Calasanz,Apartamento,Usado,16 a 30 años,70.0,70.0,4.0,2,2,1,10,CALASANZ,CALASANZ,missing
El dorado,Casa,Usado,9 a 15 años,124.0,124.0,4.0,4,4,1,1,EL DORADO,OTROS,missing
El Poblado,Apartamento,Usado,16 a 30 años,130.0,130.0,4.0,3,2,1,3,EL POBLADO,EL POBLADO,3+
Belén,Apartamento,Usado,16 a 30 años,89.0,89.0,5.0,2,3,1,2,BELEN,BELEN,missing
El Poblado,Apartamento,Usado,más de 30 años,140.0,140.0,6.0,4,3,0,9,EL POBLADO,EL POBLADO,missing
Belén,Apartaestudio,Usado,1 a 8 años,185.0,185.0,5.0,2,2,0,4,BELEN,BELEN,3+
Belén Rosales,Apartamento,Usado,16 a 30 años,80.0,80.0,4.0,2,3,1,2,BELEN ROSALES,BELEN ROSALES,2
Castropol,Apartamento,Usado,1 a 8 años,98.0,98.0,6.0,2,2,1,4,CASTROPOL,CASTROPOL,3+
Belen La Palma,Casa,Excelente estado,1 a 8 años,150.0,150.0,4.0,3,3,1,1,BELEN LA PALMA,BELEN LA PALMA,missing
El Poblado,Apartamento,Buen estado,9 a 15 años,106.0,106.0,5.0,2,3,1,2,EL POBLADO,EL POBLADO,2
Las palmas,Casa,Usado,16 a 30 años,560.0,560.0,6.0,7,4,4,1,LAS PALMAS,LAS PALMAS,missing
Loma De San Julian,Apartaestudio,Usado,9 a 15 años,50.0,50.0,4.0,2,1,1,5,LOMA DE SAN JULIAN,LOMA DE SAN JULIAN,3+
El Poblado,Apartamento,Usado,16 a 30 años,272.0,272.0,6.0,5,3,3,1,EL POBLADO,EL POBLADO,missing
Castropol,Apartamento,Usado,1 a 8 años,133.0,133.0,6.0,4,3,2,3,CASTROPOL,CASTROPOL,3+
La castellana,Casa,Usado,16 a 30 años,120.0,120.0,5.0,4,4,0,1,LA CASTELLANA,LA CASTELLANA,missing
Laureles,Apartamento,Usado,16 a 30 años,41.0,41.0,5.0,1,2,1,10,LAURELES,LAURELES,3+
Calasanz,Apartamento,Usado,9 a 15 años,67.0,67.0,4.0,2,2,1,8,CALASANZ,CALASANZ,missing
Altos del poblado,Apartamento,Usado,1 a 8 años,73.0,73.0,6.0,2,2,1,10,ALTOS DEL POBLADO,ALTOS DEL POBLADO,missing
Laureles,Apartaestudio,Usado,16 a 30 años,28.0,28.0,5.0,1,1,0,1,LAURELES,LAURELES,missing
El Poblado,Apartamento,Usado,16 a 30 años,114.0,114.0,6.0,2,3,1,7,EL POBLADO,EL POBLADO,missing
El Poblado,Apartamento,Usado,1 a 8 años,80.0,80.0,5.0,2,3,0,18,EL POBLADO,EL POBLADO,3+
Laureles,Apartamento,Usado,16 a 30 años,71.0,71.0,5.0,2,2,1,12,LAURELES,LAURELES,missing
Robledo,Apartamento,Usado,1 a 8 años,68.0,68.0,3.0,1,2,0,2,ROBLEDO,ROBLEDO,missing
Buenos aires,Apartaestudio,Usado,1 a 8 años,2000.0,20.0,3.0,1,1,0,1,BUENOS AIRES,BUENOS AIRES,missing
Las palmas,Apartamento,Usado,16 a 30 años,75.0,75.0,4.0,2,3,0,7,LAS PALMAS,LAS PALMAS,missing
Belén Altavista,Casa,Usado,1 a 8 años,180.0,180.0,4.0,2,3,1,2,BELEN ALTAVISTA,BELEN ALTAVISTA,2
La castellana,Apartaestudio,Usado,1 a 8 años,120.0,120.0,5.0,2,2,0,1,LA CASTELLANA,LA CASTELLANA,1
La america,Apartamento,Usado,16 a 30 años,120.0,120.0,3.0,3,4,1,4,LA AMERICA,LA AMERICA,3+
Provenza,Apartamento,Excelente estado,1 a 8 años,15500.0,15500.0,6.0,4,3,2,18,PROVENZA,PROVENZA,3+
Calasanz,Apartamento,Usado,1 a 8 años,47.0,47.0,3.0,2,2,1,8,CALASANZ,CALASANZ,3+
Laureles,Apartaestudio,Usado,16 a 30 años,42.0,42.0,5.0,2,1,0,3,LAURELES,LAURELES,missing
El Poblado,Apartamento,Usado,9 a 15 años,18.0,18.0,6.0,2,2,2,8,EL POBLADO,EL POBLADO,missing
Florida nueva,Casa,Usado,16 a 30 años,200.0,200.0,5.0,4,5,0,1,FLORIDA NUEVA,FLORIDA NUEVA,1
El Poblado,Apartamento,Usado,9 a 15 años,75.0,75.0,6.0,2,3,1,31,EL POBLADO,EL POBLADO,3+
Castropol,Apartamento,Usado,1 a 8 años,71.0,71.0,6.0,2,3,1,8,CASTROPOL,CASTROPOL,missing
San joaquin,Apartamento,Usado,1 a 8 años,50.0,50.0,4.0,1,1,0,4,SAN JOAQUIN,SAN JOAQUIN,missing
Laureles,Apartamento,Usado,más de 30 años,70.0,70.0,5.0,2,2,1,10,LAURELES,LAURELES,missing
Belén,Apartamento,Usado,1 a 8 años,90.0,90.0,5.0,2,3,1,4,BELEN,BELEN,missing
La floresta,Casa,Usado,16 a 30 años,100.0,100.0,4.0,2,3,0,1,LA FLORESTA,LA FLORESTA,missing
El Poblado,Apartaestudio,Usado,16 a 30 años,75.0,75.0,5.0,2,1,1,4,EL POBLADO,EL POBLADO,3+
Loma de los Gonzalez,Apartamento,Usado,9 a 15 años,120.0,120.0,6.0,3,2,2,2,LOMA DE LOS GONZALEZ,LOMA DE LOS GONZALEZ,missing
El Poblado,Apartamento,Usado,1 a 8 años,100.0,100.0,5.0,3,3,1,3,EL POBLADO,EL POBLADO,missing
El Poblado,Apartamento,Usado,16 a 30 años,6500.0,6500.0,4.0,2,2,1,1,EL POBLADO,EL POBLADO,1
Belén,Apartamento,Usado,más de 30 años,73.0,73.0,4.0,2,3,1,4,BELEN,BELEN,missing
Belén Rincón,Apartamento,Usado,16 a 30 años,60.0,60.0,3.0,2,3,0,3,BELEN RINCON,BELEN RINCON,3+
El Poblado,Apartamento,Buen estado,más de 30 años,121.0,121.0,6.0,3,3,2,6,EL POBLADO,EL POBLADO,3+
Belén,Apartaestudio,Usado,16 a 30 años,25.0,25.0,4.0,1,1,0,2,BELEN,BELEN,2
Laureles,Apartamento,Usado,menor a 1 año,105.0,105.0,5.0,3,3,0,5,LAURELES,LAURELES,missing
El Poblado,Apartamento,Usado,16 a 30 años,80.0,80.0,4.0,3,3,0,1,EL POBLADO,EL POBLADO,1
El Poblado,Apartamento,Buen estado,más de 30 años,110.0,110.0,6.0,2,3,1,8,EL POBLADO,EL POBLADO,3+
El Campestre,Apartamento,Usado,16 a 30 años,240.0,240.0,6.0,4,4,2,11,EL CAMPESTRE,EL CAMPESTRE,3+
Vía Las Palmas,Apartamento,Usado,9 a 15 años,60.0,60.0,4.0,2,1,1,12,VIA LAS PALMAS,VIA LAS PALMAS,3+
Laureles,Apartamento,Usado,1 a 8 años,50.0,50.0,5.0,1,2,0,4,LAURELES,LAURELES,missing
Laureles,Casa,Usado,16 a 30 años,165.0,165.0,5.0,4,3,1,1,LAURELES,LAURELES,1
Laureles,Apartamento,Buen estado,1 a 8 años,62.0,62.0,4.0,2,3,1,18,LAURELES,LAURELES,3+
Loma del Indio,Apartamento,Buen estado,16 a 30 años,85.0,85.0,4.0,2,3,1,4,LOMA DEL INDIO,LOMA DEL INDIO,3+
Loma Del Campestre,Apartamento,Usado,más de 30 años,231.0,231.0,6.0,4,3,2,1,LOMA DEL CAMPESTRE,OTROS,missing
El Poblado,Apartamento,Excelente estado,1 a 8 años,13000.0,13000.0,6.0,4,3,1,18,EL POBLADO,EL POBLADO,3+
Castropol,Apartamento,Usado,1 a 8 años,112.0,112.0,5.0,3,3,1,8,CASTROPOL,CASTROPOL,3+
El Poblado,Apartamento,Usado,9 a 15 años,95.0,95.0,5.0,2,3,1,9,EL POBLADO,EL POBLADO,missing
Loma del Indio,Apartamento,Nuevo,menor a 1 año,60.0,60.0,4.0,1,3,0,5,LOMA DEL INDIO,LOMA DEL INDIO,missing
El Poblado,Apartaestudio,Usado,menor a 1 año,56.0,56.0,6.0,2,2,0,6,EL POBLADO,EL POBLADO,missing
La florida,Apartamento,Usado,1 a 8 años,143.0,143.0,4.0,2,3,2,4,LA FLORIDA,OTROS,3+
El Poblado,Apartamento,Usado,16 a 30 años,120.0,120.0,6.0,3,3,1,10,EL POBLADO,EL POBLADO,3+
Laureles,Casa,Buen estado,más de 30 años,220.0,220.0,5.0,3,4,1,1,LAURELES,LAURELES,1
Belén,Apartamento,Buen estado,16 a 30 años,55.0,55.0,4.0,2,3,0,18,BELEN,BELEN,3+
La milagrosa,Casa,Usado,1 a 8 años,250.0,235.0,4.0,5,4,2,1,LA MILAGROSA,LA MILAGROSA,missing
El salvador,Apartaestudio,Usado,16 a 30 años,20.0,20.0,3.0,1,1,0,5,EL SALVADOR,EL SALVADOR,3+
Loma del Indio,Apartamento,Buen estado,9 a 15 años,73.8,73.8,5.0,2,2,1,12,LOMA DEL INDIO,LOMA DEL INDIO,3+
Laureles,Apartamento,Usado,16 a 30 años,100.0,100.0,5.0,2,3,1,7,LAURELES,LAURELES,missing
Las palmas,Apartamento,Usado,1 a 8 años,105.0,105.0,6.0,3,3,2,5,LAS PALMAS,LAS PALMAS,missing
San diego,Apartamento,Usado,9 a 15 años,75.0,75.0,5.0,2,3,1,7,SAN DIEGO,SAN DIEGO,missing
El Poblado,Apartamento,Usado,9 a 15 años,78.0,71.0,6.0,2,3,1,13,EL POBLADO,EL POBLADO,3+
Campo valdes no1,Casa,Usado,16 a 30 años,40.0,40.0,3.0,1,3,0,1,CAMPO VALDES NO1,CAMPO VALDES NO1,1
Escobero,Apartamento,Usado,más de 30 años,115.0,115.0,6.0,2,3,0,2,ESCOBERO,OTROS,2
Belen La Palma,Apartamento,Usado,9 a 15 años,58.0,58.0,5.0,2,2,0,7,BELEN LA PALMA,BELEN LA PALMA,missing
Villa hermosa,Apartamento,Nuevo,menor a 1 año,64.0,64.0,3.0,2,2,0,7,VILLA HERMOSA,VILLA HERMOSA,missing
Centro,Apartamento,Usado,16 a 30 años,38.0,38.0,3.0,1,2,0,3,CENTRO,CENTRO,missing
Suramericana,Apartamento,Usado,más de 30 años,106.0,106.0,5.0,2,3,1,3,SURAMERICANA,SURAMERICANA,3+
Guayabal,Apartamento,Usado,9 a 15 años,68.0,68.0,3.0,2,3,1,5,GUAYABAL,GUAYABAL,missing
Belén,Apartamento,Usado,más de 30 años,73.0,73.0,4.0,2,3,1,4,BELEN,BELEN,missing
El salvador,Apartamento,Usado,16 a 30 años,48.0,48.0,3.0,1,2,0,1,EL SALVADOR,EL SALVADOR,1
El Poblado,Apartamento,Usado,1 a 8 años,265.0,265.0,5.0,2,4,0,2,EL POBLADO,EL POBLADO,missing
Loma de los Gonzalez,Apartamento,Usado,1 a 8 años,195.0,195.0,6.0,4,3,3,16,LOMA DE LOS GONZALEZ,LOMA DE LOS GONZALEZ,3+
Belen La Palma,Apartamento,Usado,1 a 8 años,95.0,95.0,4.0,2,3,0,10,BELEN LA PALMA,BELEN LA PALMA,3+
El salvador,Apartaestudio,Usado,1 a 8 años,18.0,18.0,3.0,1,1,0,4,EL SALVADOR,EL SALVADOR,missing
Santa maria de los angeles,Apartamento,Usado,16 a 30 años,75.0,75.0,6.0,2,2,1,9,SANTA MARIA DE LOS ANGELES,SANTA MARIA DE LOS ANGELES,3+
La castellana,Apartamento,Usado,16 a 30 años,91.0,91.0,5.0,3,3,0,7,LA CASTELLANA,LA CASTELLANA,missing
Laureles,Casa,Nuevo,menor a 1 año,220.0,220.0,4.0,2,5,1,1,LAURELES,LAURELES,missing
Belén,Apartamento,Usado,menor a 1 año,110.0,110.0,4.0,2,3,1,24,BELEN,BELEN,missing
El Poblado,Apartamento,Usado,16 a 30 años,98.0,98.0,5.0,2,2,1,12,EL POBLADO,EL POBLADO,missing
La america,Casa,Usado,9 a 15 años,115.0,115.0,3.0,2,4,0,1,LA AMERICA,LA AMERICA,1
Villa hermosa,Apartamento,Usado,menor a 1 año,65.0,65.0,4.0,2,2,0,8,VILLA HERMOSA,VILLA HERMOSA,3+
El Poblado,Apartamento,Usado,1 a 8 años,130.0,130.0,6.0,3,3,1,2,EL POBLADO,EL POBLADO,missing
El salvador,Casa,Usado,16 a 30 años,100.0,100.0,3.0,2,3,0,1,EL SALVADOR,EL SALVADOR,1
El Poblado,Apartamento,Usado,9 a 15 años,125.0,125.0,6.0,3,3,2,2,EL POBLADO,EL POBLADO,missing
El Poblado,Apartamento,Buen estado,más de 30 años,148.0,148.0,6.0,3,3,2,6,EL POBLADO,EL POBLADO,3+
Belén San Bernardo,Casa,Usado,16 a 30 años,76.0,76.0,3.0,1,2,0,1,BELEN SAN BERNARDO,BELEN SAN BERNARDO,missing
Laureles,Casa,Nuevo,menor a 1 año,150.0,150.0,4.0,2,4,1,1,LAURELES,LAURELES,missing
La frontera,Apartamento,Usado,9 a 15 años,136.0,136.0,6.0,3,2,1,10,LA FRONTERA,LA FRONTERA,3+
Laureles,Apartamento,Nuevo,menor a 1 año,130.0,130.0,5.0,3,3,1,2,LAURELES,LAURELES,missing
Calasanz,Apartamento,Usado,1 a 8 años,92.0,92.0,4.0,2,3,0,6,CALASANZ,CALASANZ,missing
La america,Apartamento,Usado,1 a 8 años,92.0,92.0,4.0,3,4,1,2,LA AMERICA,LA AMERICA,2
Centro,Apartamento,Usado,9 a 15 años,45.0,45.0,4.0,1,2,0,1,CENTRO,CENTRO,1
Boston,Casa,Buen estado,más de 30 años,400.0,400.0,4.0,4,3,1,1,BOSTON,BOSTON,1
La gloria,Apartamento,Usado,16 a 30 años,100.0,100.0,3.0,2,3,1,2,LA GLORIA,LA GLORIA,2
San joaquin,Apartamento,Usado,16 a 30 años,48.0,48.0,4.0,1,2,0,5,SAN JOAQUIN,SAN JOAQUIN,3+
Boston,Apartamento,Usado,1 a 8 años,3900.0,3900.0,3.0,1,2,0,2,BOSTON,BOSTON,2
Los colores,Apartaestudio,Usado,1 a 8 años,40.0,40.0,4.0,1,1,1,2,LOS COLORES,LOS COLORES,2
Loma de los bernal,Apartamento,Usado,1 a 8 años,70.0,70.0,4.0,2,3,1,3,LOMA DE LOS BERNAL,LOMA DE LOS BERNAL,missing
Calasanz,Apartaestudio,Usado,menor a 1 año,26.0,26.0,4.0,1,1,0,4,CALASANZ,CALASANZ,3+
Laureles,Apartamento,Usado,16 a 30 años,160.0,160.0,5.0,2,4,1,1,LAURELES,LAURELES,missing
Estadio,Casa,Usado,1 a 8 años,150.0,150.0,5.0,3,3,0,1,ESTADIO,ESTADIO,missing
Buenos aires,Apartaestudio,Usado,más de 30 años,18.0,18.0,3.0,1,1,0,4,BUENOS AIRES,BUENOS AIRES,missing
La aguacatala,Apartamento,Usado,más de 30 años,70.0,70.0,5.0,1,2,1,2,LA AGUACATALA,LA AGUACATALA,missing
La america,Apartamento,Usado,menor a 1 año,70.0,70.0,3.0,2,2,0,10,LA AMERICA,LA AMERICA,missing
Robledo,Apartamento,Usado,16 a 30 años,78.0,78.0,2.0,1,3,0,3,ROBLEDO,ROBLEDO,3+
Laureles,Apartamento,Usado,16 a 30 años,62.0,62.0,5.0,2,2,1,5,LAURELES,LAURELES,missing
Los naranjos,Apartamento,Usado,16 a 30 años,58.0,58.0,5.0,2,2,1,2,LOS NARANJOS,LOS NARANJOS,2
Buenos aires,Apartamento,Usado,9 a 15 años,40.0,40.0,3.0,1,2,0,3,BUENOS AIRES,BUENOS AIRES,3+
El Poblado,Apartamento,Usado,1 a 8 años,78.0,70.0,5.0,2,2,1,11,EL POBLADO,EL POBLADO,missing
Belén,Casa,Usado,1 a 8 años,70.0,70.0,2.0,1,3,0,1,BELEN,BELEN,missing
Calasanz,Apartamento,Usado,1 a 8 años,70.0,70.0,4.0,2,4,1,2,CALASANZ,CALASANZ,missing
Belen La Palma,Apartamento,Usado,1 a 8 años,140.0,140.0,4.0,3,3,0,1,BELEN LA PALMA,BELEN LA PALMA,1
La candelaria,Casa,Usado,1 a 8 años,800.0,800.0,6.0,7,10,0,1,LA CANDELARIA,LA CANDELARIA,missing
Santa rosa de lima,Apartaestudio,Usado,menor a 1 año,30.0,30.0,3.0,1,1,0,3,SANTA ROSA DE LIMA,SANTA ROSA DE LIMA,missing
Prado,Apartaestudio,Usado,9 a 15 años,38.0,38.0,4.0,1,1,0,2,PRADO,PRADO,missing
Loma del Indio,Apartamento,Usado,16 a 30 años,90.0,90.0,5.0,2,3,2,14,LOMA DEL INDIO,LOMA DEL INDIO,3+
El velodromo,Casa,Usado,16 a 30 años,202.0,202.0,5.0,3,5,2,1,EL VELODROMO,EL VELODROMO,1
Laureles,Apartamento,Usado,16 a 30 años,36.0,36.0,4.0,1,1,0,5,LAURELES,LAURELES,missing
Laureles,Apartamento,Buen estado,16 a 30 años,120.0,120.0,5.0,3,3,1,4,LAURELES,LAURELES,3+
Robledo,Apartamento,Usado,9 a 15 años,47.0,47.0,2.0,1,1,0,5,ROBLEDO,ROBLEDO,missing
Manrique,Apartaestudio,Usado,16 a 30 años,30.0,30.0,3.0,1,1,0,1,MANRIQUE,MANRIQUE,1
Pajarito,Apartamento,Usado,9 a 15 años,52.0,52.0,3.0,1,3,0,10,PAJARITO,PAJARITO,missing
Loma de los bernal,Apartamento,Usado,1 a 8 años,74.0,74.0,5.0,2,3,1,18,LOMA DE LOS BERNAL,LOMA DE LOS BERNAL,3+
La linde,Apartamento,Nuevo,menor a 1 año,130.0,130.0,6.0,14,3,1,6,LA LINDE,LA LINDE,missing
Villa hermosa,Apartaestudio,Usado,menor a 1 año,21.0,21.0,3.0,1,1,0,5,VILLA HERMOSA,VILLA HERMOSA,missing
Boston,Apartamento,Usado,1 a 8 años,58.0,58.0,3.0,1,2,1,2,BOSTON,BOSTON,2
Buenos aires,Apartamento,Usado,más de 30 años,78.0,78.0,3.0,2,4,0,3,BUENOS AIRES,BUENOS AIRES,3+
Loma de los bernal,Apartamento,Usado,16 a 30 años,103.0,103.0,4.0,4,3,2,26,LOMA DE LOS BERNAL,LOMA DE LOS BERNAL,3+
La floresta,Apartamento,Usado,más de 30 años,65.0,65.0,4.0,2,2,0,3,LA FLORESTA,LA FLORESTA,3+
La castellana,Apartamento,Usado,16 a 30 años,95.0,95.0,5.0,2,3,1,9,LA CASTELLANA,LA CASTELLANA,missing
El tesoro,Apartamento,Usado,1 a 8 años,228.0,228.0,6.0,4,3,3,1,EL TESORO,EL TESORO,missing
Loma del Indio,Apartamento,Usado,9 a 15 años,75.0,75.0,4.0,2,2,1,27,LOMA DEL INDIO,LOMA DEL INDIO,3+
El Poblado,Apartamento,Usado,16 a 30 años,125.0,125.0,6.0,4,2,2,8,EL POBLADO,EL POBLADO,3+
Laureles,Apartamento,Usado,9 a 15 años,100.0,100.0,5.0,2,3,2,7,LAURELES,LAURELES,missing
Laureles,Apartamento,Usado,16 a 30 años,180.0,180.0,5.0,2,3,1,1,LAURELES,LAURELES,1
Vía Las Palmas,Apartamento,Usado,1 a 8 años,90.0,90.0,4.0,2,3,1,4,VIA LAS PALMAS,VIA LAS PALMAS,missing
El Poblado,Apartamento,Usado,más de 30 años,130.0,130.0,6.0,3,3,2,2,EL POBLADO,EL POBLADO,missing
Los Balsos,Apartamento,Usado,1 a 8 años,260.0,260.0,6.0,4,3,3,9,LOS BALSOS,LOS BALSOS,3+
San javier,Apartamento,Usado,16 a 30 años,43.0,43.0,3.0,2,2,0,14,SAN JAVIER,SAN JAVIER,3+
Conquistadores,Apartamento,Usado,1 a 8 años,110.0,110.0,4.0,2,3,1,24,CONQUISTADORES,CONQUISTADORES,missing
El Poblado,Apartamento,Usado,menor a 1 año,74.0,74.0,4.0,2,3,1,11,EL POBLADO,EL POBLADO,missing
El chagualo,Apartamento,Usado,9 a 15 años,40.0,40.0,3.0,1,2,0,18,EL CHAGUALO,EL CHAGUALO,3+
Laureles,Apartamento,Nuevo,menor a 1 año,40.0,40.0,5.0,1,1,1,2,LAURELES,LAURELES,missing
Belén,Apartamento,Buen estado,9 a 15 años,70.0,70.0,4.0,2,3,1,18,BELEN,BELEN,3+
Belén,Apartamento,Buen estado,9 a 15 años,80.0,80.0,4.0,3,4,1,4,BELEN,BELEN,3+
La america,Apartamento,Usado,16 a 30 años,75.0,75.0,4.0,2,3,1,8,LA AMERICA,LA AMERICA,3+
Castropol,Apartamento,Usado,1 a 8 años,113.0,113.0,6.0,2,2,2,18,CASTROPOL,CASTROPOL,3+
Prado,Apartamento,Usado,más de 30 años,163.0,163.0,4.0,2,4,1,4,PRADO,PRADO,missing
El Poblado,Apartamento,Usado,más de 30 años,140.0,140.0,6.0,3,3,1,2,EL POBLADO,EL POBLADO,2
El Carmelo,Casa,Usado,16 a 30 años,85.0,85.0,3.0,2,4,0,1,EL CARMELO,OTROS,missing
Blanquizal,Apartamento,Usado,16 a 30 años,85.0,85.0,4.0,2,3,1,11,BLANQUIZAL,OTROS,3+
La america,Apartamento,Usado,más de 30 años,49.0,49.0,4.0,1,2,0,9,LA AMERICA,LA AMERICA,3+
El Poblado,Apartamento,Buen estado,9 a 15 años,100.0,100.0,6.0,2,2,2,8,EL POBLADO,EL POBLADO,missing
Campo valdes no1,Casa,Usado,16 a 30 años,160.0,160.0,3.0,3,9,0,2,CAMPO VALDES NO1,CAMPO VALDES NO1,2
Belen La Palma,Apartamento,Usado,1 a 8 años,79.0,79.0,4.0,3,2,0,5,BELEN LA PALMA,BELEN LA PALMA,3+
Santa maria de los angeles,Apartamento,Usado,1 a 8 años,110.0,104.0,5.0,3,3,2,5,SANTA MARIA DE LOS ANGELES,SANTA MARIA DE LOS ANGELES,3+
El Poblado,Apartamento,Usado,más de 30 años,70.0,70.0,6.0,2,2,0,6,EL POBLADO,EL POBLADO,3+
Loma del Indio,Apartamento,Buen estado,16 a 30 años,73.0,73.0,4.0,2,2,1,6,LOMA DEL INDIO,LOMA DEL INDIO,3+
Vía Las Palmas,Apartamento,Buen estado,1 a 8 años,77.0,77.0,6.0,2,3,1,9,VIA LAS PALMAS,VIA LAS PALMAS,3+
Las palmas,Apartamento,Usado,menor a 1 año,68.0,68.0,5.0,2,2,1,25,LAS PALMAS,LAS PALMAS,3+
Guayabal,Apartaestudio,Usado,16 a 30 años,130.0,130.0,3.0,1,5,0,1,GUAYABAL,GUAYABAL,1
El Poblado,Apartamento,Usado,9 a 15 años,2594.0,2594.0,6.0,3,3,2,10,EL POBLADO,EL POBLADO,missing
Estadio,Casa,Usado,más de 30 años,600.0,600.0,5.0,5,5,2,1,ESTADIO,ESTADIO,1
Belén,Apartamento,Usado,16 a 30 años,65.0,65.0,4.0,2,2,0,5,BELEN,BELEN,missing
El Poblado,Apartamento,Usado,16 a 30 años,95.0,95.0,6.0,2,3,2,9,EL POBLADO,EL POBLADO,missing
Santa Mónica,Apartaestudio,Usado,16 a 30 años,65.0,65.0,4.0,1,1,0,1,SANTA MONICA,SANTA MONICA,1
Robledo,Apartamento,Usado,más de 30 años,5000.0,5000.0,3.0,1,3,0,15,ROBLEDO,ROBLEDO,3+
Belén Rosales,Apartamento,Usado,1 a 8 años,80.0,80.0,4.0,2,3,1,2,BELEN ROSALES,BELEN ROSALES,2
La candelaria,Apartamento,Usado,1 a 8 años,102.4,102.4,6.0,2,3,1,5,LA CANDELARIA,LA CANDELARIA,missing
Boston,Apartaestudio,Usado,1 a 8 años,30.0,30.0,4.0,1,1,0,3,BOSTON,BOSTON,missing
Estadio,Casa,Usado,1 a 8 años,230.0,230.0,5.0,2,3,1,1,ESTADIO,ESTADIO,missing
El Poblado,Apartamento,Usado,1 a 8 años,10100.0,10100.0,5.0,2,3,1,6,EL POBLADO,EL POBLADO,missing
Calasanz,Apartamento,Usado,9 a 15 años,62.0,62.0,3.0,2,3,1,11,CALASANZ,CALASANZ,missing
Calasanz,Apartamento,Usado,1 a 8 años,70.0,70.0,3.0,2,3,1,3,CALASANZ,CALASANZ,missing
Belén,Casa,Usado,16 a 30 años,120.0,120.0,4.0,2,5,1,1,BELEN,BELEN,missing
Centro,Casa,Usado,16 a 30 años,80.0,80.0,3.0,1,3,0,1,CENTRO,CENTRO,missing
Belén,Apartamento,Usado,16 a 30 años,35.0,35.0,4.0,1,1,0,1,BELEN,BELEN,1
El salvador,Apartaestudio,Nuevo,1 a 8 años,11.0,11.0,3.0,1,2,0,1,EL SALVADOR,EL SALVADOR,1
Castropol,Apartamento,Usado,1 a 8 años,108.0,108.0,6.0,3,3,2,6,CASTROPOL,CASTROPOL,missing
Laureles,Apartamento,Usado,16 a 30 años,90.0,90.0,5.0,2,3,1,1,LAURELES,LAURELES,1
Laureles,Apartamento,Usado,16 a 30 años,56.0,56.0,5.0,2,1,1,3,LAURELES,LAURELES,missing
Belén,Casa,Nuevo,menor a 1 año,310.0,310.0,5.0,8,8,0,1,BELEN,BELEN,missing
Belén,Apartamento,Usado,9 a 15 años,52.8,52.8,3.0,1,3,1,18,BELEN,BELEN,3+
La candelaria,Apartamento,Usado,9 a 15 años,35.0,35.0,4.0,1,2,0,4,LA CANDELARIA,LA CANDELARIA,missing
Laureles,Apartamento,Usado,16 a 30 años,52.0,52.0,4.0,1,2,1,9,LAURELES,LAURELES,3+
Belén Rosales,Apartamento,Usado,1 a 8 años,75.0,75.0,5.0,2,2,0,2,BELEN ROSALES,BELEN ROSALES,2
Robledo,Apartamento,Usado,más de 30 años,57.0,57.0,2.0,2,3,0,1,ROBLEDO,ROBLEDO,1
Cristo rey,Apartaestudio,Buen estado,menor a 1 año,50.0,50.0,4.0,2,1,0,2,CRISTO REY,CRISTO REY,2
Belén,Apartamento,Usado,16 a 30 años,70.0,70.0,4.0,2,2,0,3,BELEN,BELEN,3+
Las palmas,Apartamento,Usado,menor a 1 año,76.0,76.0,5.0,2,3,1,4,LAS PALMAS,LAS PALMAS,missing
Laureles,Apartamento,Usado,16 a 30 años,110.0,110.0,5.0,2,4,1,1,LAURELES,LAURELES,missing
El Poblado,Apartamento,Usado,1 a 8 años,90.0,90.0,6.0,3,3,0,9,EL POBLADO,EL POBLADO,3+
El Poblado,Apartamento,Usado,1 a 8 años,45.0,45.0,5.0,1,1,0,2,EL POBLADO,EL POBLADO,missing
Altos del poblado,Apartamento,Usado,1 a 8 años,80.0,80.0,6.0,2,2,2,2,ALTOS DEL POBLADO,ALTOS DEL POBLADO,missing
Las palmas,Apartamento,Usado,1 a 8 años,64.0,64.0,6.0,2,2,1,18,LAS PALMAS,LAS PALMAS,3+
Belén,Apartamento,Usado,1 a 8 años,70.0,70.0,3.0,2,3,0,3,BELEN,BELEN,missing
El Poblado,Apartamento,Usado,9 a 15 años,140.0,140.0,6.0,4,3,3,18,EL POBLADO,EL POBLADO,3+
El Poblado,Apartamento,Usado,más de 30 años,140.0,140.0,5.0,4,3,2,2,EL POBLADO,EL POBLADO,2
Enciso,Apartamento,Usado,16 a 30 años,60.0,60.0,2.0,1,4,0,1,ENCISO,ENCISO,1
El Poblado,Apartamento,Usado,16 a 30 años,73.0,73.0,5.0,2,2,1,10,EL POBLADO,EL POBLADO,missing
Belén,Apartamento,Usado,16 a 30 años,84.0,84.0,4.0,2,3,1,6,BELEN,BELEN,missing
Belén Rosales,Apartaestudio,Usado,1 a 8 años,35.0,35.0,5.0,1,1,0,3,BELEN ROSALES,BELEN ROSALES,missing
La pilarica,Apartamento,Usado,1 a 8 años,80.0,80.0,5.0,2,3,1,9,LA PILARICA,LA PILARICA,3+
Calasanz,Apartamento,Usado,9 a 15 años,68.0,68.0,4.0,2,3,1,4,CALASANZ,CALASANZ,3+
Santa maria de los angeles,Apartamento,Usado,16 a 30 años,85.0,85.0,6.0,2,3,1,8,SANTA MARIA DE LOS ANGELES,SANTA MARIA DE LOS ANGELES,3+
San Antonio de Prado,Apartamento,Usado,9 a 15 años,52.0,52.0,3.0,2,2,0,9,SAN ANTONIO DE PRADO,SAN ANTONIO DE PRADO,missing
Robledo,Apartamento,Usado,más de 30 años,47.0,47.0,5.0,1,2,0,4,ROBLEDO,ROBLEDO,3+
La america,Apartamento,Usado,1 a 8 años,97.0,97.0,4.0,2,3,1,5,LA AMERICA,LA AMERICA,missing
El Poblado,Apartamento,Usado,más de 30 años,140.0,140.0,6.0,4,3,0,6,EL POBLADO,EL POBLADO,3+
El Poblado,Apartamento,Usado,9 a 15 años,106.0,106.0,6.0,2,3,0,5,EL POBLADO,EL POBLADO,missing
Calasanz,Apartamento,Usado,1 a 8 años,76.0,76.0,4.0,2,3,1,4,CALASANZ,CALASANZ,missing
Calasanz,Apartamento,Usado,1 a 8 años,102.4,102.4,5.0,2,3,0,5,CALASANZ,CALASANZ,missing
El Poblado,Apartaestudio,Buen estado,1 a 8 años,50.0,50.0,4.0,1,1,1,14,EL POBLADO,EL POBLADO,3+
El Poblado,Apartaestudio,Usado,1 a 8 años,43.0,43.0,5.0,1,1,0,10,EL POBLADO,EL POBLADO,3+
San diego,Apartamento,Buen estado,16 a 30 años,150.0,150.0,6.0,3,4,1,18,SAN DIEGO,SAN DIEGO,3+
Calasanz,Apartamento,Usado,1 a 8 años,77.0,77.0,4.0,2,3,1,6,CALASANZ,CALASANZ,3+
Belén Miravalle,Casa,Usado,1 a 8 años,105.0,105.0,4.0,3,4,0,1,BELEN MIRAVALLE,BELEN MIRAVALLE,missing
Patio bonito,Apartamento,Usado,16 a 30 años,98.0,98.0,6.0,2,3,1,1,PATIO BONITO,PATIO BONITO,1
Laureles,Apartamento,Usado,16 a 30 años,140.0,140.0,5.0,3,3,1,5,LAURELES,LAURELES,missing
Rodeo Alto,Apartamento,Usado,9 a 15 años,71.0,71.0,3.0,2,3,1,8,RODEO ALTO,RODEO ALTO,missing
Santa fe,Apartamento,Usado,1 a 8 años,70.0,69.0,4.0,2,3,1,5,SANTA FE,SANTA FE,missing
Santa maria de los angeles,Apartamento,Usado,16 a 30 años,125.0,125.0,6.0,2,3,2,7,SANTA MARIA DE LOS ANGELES,SANTA MARIA DE LOS ANGELES,missing
Ferreni,Casa,Usado,16 a 30 años,130.0,130.0,3.0,2,5,0,1,FERRENI,OTROS,missing
El Poblado,Casa,Usado,9 a 15 años,720.0,720.0,6.0,4,6,11,1,EL POBLADO,EL POBLADO,missing
Las palmas,Apartamento,Usado,1 a 8 años,102.4,102.4,6.0,2,3,0,5,LAS PALMAS,LAS PALMAS,missing
El Poblado,Apartamento,Usado,1 a 8 años,84.0,84.0,6.0,2,3,0,6,EL POBLADO,EL POBLADO,missing
 Belen La Palma ,Apartamento,Usado,16 a 30 años,70.0,70.0,5.0,2,2,1,8,BELEN LA PALMA,BELEN LA PALMA,3+
San benito ,Casa,Usado,más de 30 años,90.0,90.0,3.0,2,3,0,2,SAN BENITO,OTROS,2
El nogal- los almendros,Apartamento,Usado,menor a 1 año,75.0,75.0,4.0,2,2,1,2,EL NOGAL- LOS ALMENDROS,EL NOGAL- LOS ALMENDROS,missing
El Poblado,Apartamento,Usado,16 a 30 años,82.0,82.0,4.0,2,2,1,11,EL POBLADO,EL POBLADO,missing
Los Balsos,Apartamento,Usado,16 a 30 años,105.0,105.0,5.0,3,2,1,6,LOS BALSOS,LOS BALSOS,missing
Buenos aires,Casa,Usado,1 a 8 años,150.0,150.0,3.0,2,4,0,1,BUENOS AIRES,BUENOS AIRES,missing
Laureles,Apartamento,Usado,16 a 30 años,68.0,68.0,4.0,2,2,0,6,LAURELES,LAURELES,3+
Campo valdes no1,Apartamento,Usado,1 a 8 años,5800.0,5800.0,3.0,1,2,1,6,CAMPO VALDES NO1,CAMPO VALDES NO1,3+
Enciso,Apartamento,Usado,1 a 8 años,30.0,30.0,2.0,1,2,0,1,ENCISO,ENCISO,missing
El Poblado,Apartamento,Buen estado,16 a 30 años,110.0,110.0,6.0,2,2,1,15,EL POBLADO,EL POBLADO,3+
Loma del Indio,Apartamento,Usado,16 a 30 años,70.0,70.0,5.0,2,2,1,26,LOMA DEL INDIO,LOMA DEL INDIO,3+
Belén San Bernardo,Casa,Usado,1 a 8 años,115.0,115.0,3.0,2,3,0,1,BELEN SAN BERNARDO,BELEN SAN BERNARDO,1
Manrique,Casa,Usado,más de 30 años,87.0,87.0,3.0,2,3,0,1,MANRIQUE,MANRIQUE,1
Doce de octubre no2,Apartaestudio,Usado,16 a 30 años,3000.0,3000.0,2.0,1,1,0,1,DOCE DE OCTUBRE NO2,OTROS,missing
Los colores,Apartamento,Usado,1 a 8 años,80.0,80.0,4.0,2,2,0,2,LOS COLORES,LOS COLORES,missing
San diego,Apartamento,Usado,1 a 8 años,60.0,60.0,4.0,2,2,1,3,SAN DIEGO,SAN DIEGO,3+
Laureles,Casa,Nuevo,menor a 1 año,324.0,324.0,5.0,3,5,1,1,LAURELES,LAURELES,missing
Belen La Palma,Apartamento,Usado,1 a 8 años,140.0,140.0,5.0,3,3,1,5,BELEN LA PALMA,BELEN LA PALMA,missing
El Poblado,Apartaestudio,Usado,1 a 8 años,55.0,55.0,6.0,1,1,1,1,EL POBLADO,EL POBLADO,missing
Santo domingo savio no1 ,Casa,Excelente estado,16 a 30 años,330.0,330.0,6.0,3,3,0,1,SANTO DOMINGO SAVIO NO1,OTROS,missing
El porvenir,Apartamento,Usado,menor a 1 año,55.0,55.0,4.0,2,2,0,5,EL PORVENIR,OTROS,missing
Castilla,Casa,Usado,16 a 30 años,7000.0,7000.0,3.0,1,3,0,1,CASTILLA,CASTILLA,missing
Viviendas del Sur,Apartamento,Usado,1 a 8 años,75.0,75.0,3.0,2,3,1,18,VIVIENDAS DEL SUR,VIVIENDAS DEL SUR,3+
Buenos aires,Apartamento,Usado,más de 30 años,120.0,120.0,4.0,3,3,0,2,BUENOS AIRES,BUENOS AIRES,missing
Loma del Indio,Apartamento,Usado,1 a 8 años,55.0,55.0,4.0,2,3,0,4,LOMA DEL INDIO,LOMA DEL INDIO,missing
Manrique,Apartaestudio,Nuevo,16 a 30 años,30.0,30.0,3.0,1,1,0,4,MANRIQUE,MANRIQUE,3+
Perpetuo socorro ,Apartamento,Nuevo,menor a 1 año,42.0,42.0,6.0,1,1,1,5,PERPETUO SOCORRO,PERPETUO SOCORRO,missing
El Poblado,Apartamento,Usado,1 a 8 años,207.0,207.0,6.0,4,3,2,3,EL POBLADO,EL POBLADO,missing
Belén,Apartamento,Usado,16 a 30 años,126.0,126.0,4.0,2,4,1,2,BELEN,BELEN,missing
El velodromo,Apartaestudio,Usado,16 a 30 años,25.0,25.0,4.0,1,1,0,2,EL VELODROMO,EL VELODROMO,2
Vía Las Palmas,Apartamento,Usado,1 a 8 años,52.0,52.0,4.0,2,2,1,9,VIA LAS PALMAS,VIA LAS PALMAS,missing
La linde,Apartamento,Usado,1 a 8 años,140.0,140.0,6.0,4,3,1,9,LA LINDE,LA LINDE,missing
El Poblado,Apartamento,Usado,16 a 30 años,54.0,54.0,6.0,2,1,1,4,EL POBLADO,EL POBLADO,missing
Laureles,Apartamento,Usado,16 a 30 años,75.0,75.0,5.0,2,2,1,2,LAURELES,LAURELES,missing
Vía Las Palmas,Apartamento,Buen estado,16 a 30 años,65.0,65.0,5.0,2,2,1,5,VIA LAS PALMAS,VIA LAS PALMAS,3+
El Poblado,Apartamento,Usado,1 a 8 años,68.0,68.0,4.0,2,2,1,12,EL POBLADO,EL POBLADO,missing
Belén Rosales,Casa,Usado,1 a 8 años,160.0,160.0,4.0,3,4,0,2,BELEN ROSALES,BELEN ROSALES,2
Provenza,Apartamento,Usado,1 a 8 años,180.0,180.0,6.0,5,3,0,10,PROVENZA,PROVENZA,missing
Las palmas,Apartamento,Usado,9 a 15 años,75.0,75.0,5.0,2,2,1,18,LAS PALMAS,LAS PALMAS,3+
Belén,Apartamento,Buen estado,9 a 15 años,72.0,72.0,5.0,2,2,0,4,BELEN,BELEN,3+
Rodeo Alto,Apartamento,Excelente estado,1 a 8 años,89.0,89.0,4.0,2,3,2,2,RODEO ALTO,RODEO ALTO,missing
Aranjuez,Apartamento,Usado,más de 30 años,65.0,65.0,3.0,2,2,0,3,ARANJUEZ,ARANJUEZ,3+
El Poblado,Apartamento,Usado,16 a 30 años,114.0,114.0,6.0,2,3,2,7,EL POBLADO,EL POBLADO,missing
Laureles,Apartamento,Usado,16 a 30 años,50.0,50.0,4.0,2,1,0,2,LAURELES,LAURELES,2
El Poblado,Casa,Buen estado,más de 30 años,200.0,200.0,5.0,2,4,0,2,EL POBLADO,EL POBLADO,2
Boston,Apartaestudio,Usado,16 a 30 años,32.0,32.0,4.0,1,1,0,5,BOSTON,BOSTON,3+
Laureles,Apartaestudio,Usado,menor a 1 año,32.0,32.0,4.0,1,1,0,3,LAURELES,LAURELES,missing
El Poblado,Apartaestudio,Usado,1 a 8 años,55.0,53.0,5.0,1,1,1,18,EL POBLADO,EL POBLADO,3+
El salvador,Casa,Usado,más de 30 años,288.0,288.0,3.0,3,9,0,1,EL SALVADOR,EL SALVADOR,missing
La candelaria,Apartaestudio,Usado,9 a 15 años,35.0,35.0,4.0,1,1,0,8,LA CANDELARIA,LA CANDELARIA,3+
Vía Las Palmas,Apartamento,Nuevo,menor a 1 año,1.0,1.0,6.0,1,1,1,3,VIA LAS PALMAS,VIA LAS PALMAS,missing
El salvador,Apartaestudio,Usado,9 a 15 años,20.0,20.0,3.0,1,1,0,1,EL SALVADOR,EL SALVADOR,1
Belén,Apartamento,Usado,16 a 30 años,115.0,115.0,4.0,2,3,1,4,BELEN,BELEN,missing
El Diamante 2,Apartamento,Nuevo,menor a 1 año,80.0,80.0,6.0,2,3,1,6,EL DIAMANTE 2,OTROS,missing
El Campestre,Apartamento,Usado,1 a 8 años,130.0,130.0,6.0,3,3,2,2,EL CAMPESTRE,EL CAMPESTRE,2
El rodeo,Apartamento,Usado,9 a 15 años,60.0,60.0,3.0,2,3,1,10,EL RODEO,OTROS,missing
El Poblado,Apartamento,Usado,16 a 30 años,85.0,85.0,6.0,2,3,1,18,EL POBLADO,EL POBLADO,3+
Laureles,Apartamento,Usado,9 a 15 años,150.0,150.0,5.0,3,3,1,3,LAURELES,LAURELES,missing
Conquistadores,Apartamento,Usado,1 a 8 años,75.0,75.0,4.0,2,2,0,2,CONQUISTADORES,CONQUISTADORES,2
Vía Las Palmas,Apartamento,Buen estado,1 a 8 años,60.0,60.0,6.0,2,2,1,14,VIA LAS PALMAS,VIA LAS PALMAS,3+
El Poblado,Apartamento,Usado,1 a 8 años,63.0,63.0,4.0,2,2,1,6,EL POBLADO,EL POBLADO,missing
El rodeo,Apartamento,Usado,9 a 15 años,59.0,59.0,3.0,1,3,1,14,EL RODEO,OTROS,missing
Prado,Casa,Buen estado,más de 30 años,126.4,126.4,4.0,3,3,1,1,PRADO,PRADO,1
 Loma del Indio,Apartamento,Usado,9 a 15 años,92.0,92.0,6.0,2,3,1,2,LOMA DEL INDIO,LOMA DEL INDIO,2
Buenos aires,Apartaestudio,Usado,1 a 8 años,38.0,38.0,3.0,1,1,0,1,BUENOS AIRES,BUENOS AIRES,1
Robledo,Apartamento,Usado,16 a 30 años,53.0,53.0,3.0,2,3,0,11,ROBLEDO,ROBLEDO,3+
El Poblado,Apartamento,Buen estado,16 a 30 años,180.0,180.0,6.0,4,3,2,6,EL POBLADO,EL POBLADO,3+
Florida nueva,Apartaestudio,Usado,más de 30 años,36.0,36.0,4.0,1,1,0,2,FLORIDA NUEVA,FLORIDA NUEVA,2
Guayabal,Apartamento,Usado,16 a 30 años,115.0,115.0,3.0,2,3,0,2,GUAYABAL,GUAYABAL,2
Belén,Apartamento,Usado,9 a 15 años,105.0,105.0,4.0,2,3,2,9,BELEN,BELEN,3+
El Poblado,Apartamento,Usado,9 a 15 años,195.0,195.0,6.0,4,4,3,10,EL POBLADO,EL POBLADO,3+
Laureles,Apartamento,Usado,1 a 8 años,52.0,52.0,4.0,2,1,0,8,LAURELES,LAURELES,3+
Loma del Indio,Apartamento,Buen estado,16 a 30 años,82.0,82.0,4.0,2,3,1,4,LOMA DEL INDIO,LOMA DEL INDIO,3+
Buenos aires,Apartaestudio,Usado,más de 30 años,18.0,18.0,3.0,1,1,0,8,BUENOS AIRES,BUENOS AIRES,3+
Cordoba,Casa,Usado,1 a 8 años,132.0,132.0,3.0,2,4,0,1,CORDOBA,CORDOBA,missing
Belén Fatima,Apartamento,Usado,1 a 8 años,65.0,65.0,4.0,2,2,0,4,BELEN FATIMA,BELEN FATIMA,3+
Campo valdes no1,Apartamento,Usado,1 a 8 años,45.0,45.0,3.0,1,2,0,4,CAMPO VALDES NO1,CAMPO VALDES NO1,missing
Aves Maria,Apartamento,Usado,Desconocido,136.0,136.0,5.0,3,3,2,4,AVES MARIA,AVES MARIA,3+
Vía Las Palmas,Apartamento,Usado,1 a 8 años,75.0,75.0,6.0,2,2,2,18,VIA LAS PALMAS,VIA LAS PALMAS,3+
La gloria,Casa,Usado,16 a 30 años,100.0,100.0,4.0,2,3,0,2,LA GLORIA,LA GLORIA,2
Manila,Casa,Usado,1 a 8 años,140.0,140.0,5.0,3,5,0,1,MANILA,OTROS,missing
Belén,Casa,Usado,9 a 15 años,120.0,120.0,4.0,1,4,0,1,BELEN,BELEN,1
El Poblado,Apartamento,Usado,más de 30 años,85.0,85.0,5.0,2,2,2,6,EL POBLADO,EL POBLADO,missing
El tesoro,Apartamento,Usado,1 a 8 años,127.0,127.0,6.0,4,3,2,2,EL TESORO,EL TESORO,missing
Robledo,Apartamento,Usado,16 a 30 años,70.0,70.0,3.0,2,2,0,3,ROBLEDO,ROBLEDO,3+
Robledo,Apartaestudio,Usado,16 a 30 años,40.0,40.0,3.0,1,1,0,2,ROBLEDO,ROBLEDO,missing
El velodromo,Casa,Usado,1 a 8 años,150.0,150.0,5.0,3,3,0,1,EL VELODROMO,EL VELODROMO,missing
Laureles,Casa,Usado,16 a 30 años,324.0,324.0,5.0,3,5,0,1,LAURELES,LAURELES,1
El Poblado,Apartamento,Buen estado,16 a 30 años,65.0,65.0,6.0,1,2,1,8,EL POBLADO,EL POBLADO,3+
Belén,Apartamento,Usado,16 a 30 años,76.0,76.0,4.0,2,2,1,5,BELEN,BELEN,3+
La candelaria ,Apartamento,Excelente estado,1 a 8 años,66.0,66.0,5.0,2,3,0,4,LA CANDELARIA,LA CANDELARIA,missing
Prado,Apartamento,Usado,16 a 30 años,65.0,65.0,4.0,2,2,1,6,PRADO,PRADO,3+
Robledo,Apartamento,Usado,16 a 30 años,50.0,50.0,3.0,1,3,0,14,ROBLEDO,ROBLEDO,3+
Alejandria,Apartamento,Usado,16 a 30 años,90.0,90.0,6.0,2,2,2,4,ALEJANDRIA,ALEJANDRIA,3+
El Poblado,Apartamento,Usado,16 a 30 años,80.6,80.6,6.0,2,3,1,5,EL POBLADO,EL POBLADO,3+
Buenos aires,Apartamento,Usado,más de 30 años,55.0,55.0,3.0,1,2,0,18,BUENOS AIRES,BUENOS AIRES,3+
El Poblado,Apartamento,Usado,más de 30 años,180.0,180.0,6.0,3,3,2,6,EL POBLADO,EL POBLADO,missing
Buenos aires,Apartamento,Usado,16 a 30 años,70.0,70.0,2.0,1,3,0,2,BUENOS AIRES,BUENOS AIRES,2
Belén,Apartamento,Nuevo,menor a 1 año,42.0,42.0,4.0,1,1,0,5,BELEN,BELEN,missing
El nogal- los almendros,Casa,Usado,menor a 1 año,170.0,170.0,5.0,4,4,1,1,EL NOGAL- LOS ALMENDROS,EL NOGAL- LOS ALMENDROS,1
Suramericana,Apartamento,Usado,menor a 1 año,98.0,98.0,5.0,2,3,1,3,SURAMERICANA,SURAMERICANA,3+
Vía Las Palmas,Apartamento,Excelente estado,1 a 8 años,7300.0,7300.0,4.0,2,3,1,18,VIA LAS PALMAS,VIA LAS PALMAS,3+
La pilarica,Apartamento,Usado,16 a 30 años,50.0,50.0,4.0,2,2,0,3,LA PILARICA,LA PILARICA,3+
Belén San Bernardo,Apartamento,Usado,1 a 8 años,80.0,80.0,3.0,3,4,1,4,BELEN SAN BERNARDO,BELEN SAN BERNARDO,3+
Las palmas,Apartamento,Usado,menor a 1 año,229.0,229.0,6.0,4,3,2,1,LAS PALMAS,LAS PALMAS,missing
El Poblado,Casa,Buen estado,1 a 8 años,280.0,280.0,6.0,4,4,2,1,EL POBLADO,EL POBLADO,1
El Poblado,Apartamento,Usado,1 a 8 años,250.0,250.0,6.0,5,4,2,15,EL POBLADO,EL POBLADO,3+
Laureles Nogal,Apartamento,Usado,1 a 8 años,85.0,85.0,5.0,2,3,1,2,LAURELES NOGAL,LAURELES NOGAL,2
Boston,Casa,Excelente estado,16 a 30 años,170.0,170.0,4.0,3,5,0,2,BOSTON,BOSTON,2
El Poblado,Apartamento,Usado,9 a 15 años,90.0,90.0,6.0,2,3,1,4,EL POBLADO,EL POBLADO,missing
San Pablo Guayabal,Casa,Usado,16 a 30 años,90.0,90.0,4.0,2,3,0,1,SAN PABLO GUAYABAL,OTROS,1
Los colores,Apartamento,Usado,más de 30 años,75.0,75.0,4.0,2,2,0,2,LOS COLORES,LOS COLORES,missing
Robledo,Apartamento,Usado,más de 30 años,104.0,104.0,4.0,3,3,0,3,ROBLEDO,ROBLEDO,3+
Calasanz,Apartamento,Usado,1 a 8 años,70.0,70.0,4.0,3,3,1,3,CALASANZ,CALASANZ,3+
Altos del poblado,Apartamento,Usado,1 a 8 años,100.0,100.0,6.0,3,2,2,10,ALTOS DEL POBLADO,ALTOS DEL POBLADO,missing
Astorga,Casa,Usado,9 a 15 años,450.0,720.0,6.0,7,10,0,1,ASTORGA,ASTORGA,missing
El Poblado,Apartamento,Usado,1 a 8 años,91.0,91.0,6.0,2,2,2,3,EL POBLADO,EL POBLADO,3+
Laureles,Casa,Usado,más de 30 años,350.0,350.0,5.0,3,4,1,1,LAURELES,LAURELES,1
Laureles,Casa,Usado,1 a 8 años,200.0,200.0,5.0,4,4,0,2,LAURELES,LAURELES,2
Calasanz,Apartamento,Usado,1 a 8 años,80.0,80.0,4.0,2,2,1,2,CALASANZ,CALASANZ,missing
El Diamante 2,Casa,Usado,9 a 15 años,200.0,200.0,6.0,6,4,1,1,EL DIAMANTE 2,OTROS,missing
El Poblado,Apartamento,Buen estado,1 a 8 años,121.0,121.0,6.0,3,3,2,18,EL POBLADO,EL POBLADO,3+
Belén,Apartamento,Usado,1 a 8 años,60.0,60.0,3.0,2,2,0,6,BELEN,BELEN,missing
Castropol,Apartamento,Usado,1 a 8 años,80.0,80.0,6.0,2,3,1,6,CASTROPOL,CASTROPOL,missing
Laureles,Apartamento,Usado,16 a 30 años,100.0,100.0,5.0,4,4,1,4,LAURELES,LAURELES,3+
El Poblado,Apartamento,Usado,9 a 15 años,96.0,96.0,6.0,2,2,0,18,EL POBLADO,EL POBLADO,3+
Robledo,Apartamento,Usado,menor a 1 año,65.0,65.0,3.0,2,3,0,9,ROBLEDO,ROBLEDO,missing
Castropol,Apartamento,Usado,9 a 15 años,12500.0,12500.0,6.0,3,3,2,3,CASTROPOL,CASTROPOL,missing
Prado,Casa,Usado,1 a 8 años,465.0,465.0,4.0,20,20,0,1,PRADO,PRADO,missing
El salvador,Apartaestudio,Usado,9 a 15 años,45.0,45.0,3.0,1,1,0,3,EL SALVADOR,EL SALVADOR,3+
Colasania,Apartamento,Nuevo,16 a 30 años,70.0,70.0,3.0,2,3,1,3,COLASANIA,COLASANIA,missing
Boston,Casa,Nuevo,menor a 1 año,107.0,107.0,3.0,2,5,0,1,BOSTON,BOSTON,missing
Laureles,Apartamento,Excelente estado,más de 30 años,164.0,164.0,6.0,2,4,0,4,LAURELES,LAURELES,missing
El Poblado,Apartamento,Usado,16 a 30 años,120.0,120.0,6.0,4,3,1,12,EL POBLADO,EL POBLADO,3+
El Poblado,Apartamento,Usado,9 a 15 años,75.0,75.0,6.0,2,2,1,8,EL POBLADO,EL POBLADO,3+
La pilarica,Apartamento,Usado,más de 30 años,75.0,75.0,3.0,2,3,1,1,LA PILARICA,LA PILARICA,1
Loma de los bernal,Apartamento,Usado,1 a 8 años,55.0,55.0,5.0,2,3,1,4,LOMA DE LOS BERNAL,LOMA DE LOS BERNAL,3+
El Poblado,Apartamento,Usado,16 a 30 años,87.0,87.0,6.0,2,3,1,6,EL POBLADO,EL POBLADO,3+
El Poblado,Casa,Usado,más de 30 años,510.0,510.0,6.0,5,6,3,1,EL POBLADO,EL POBLADO,1
La america,Casa,Usado,menor a 1 año,150.0,150.0,4.0,5,5,0,1,LA AMERICA,LA AMERICA,missing
La pilarica,Apartamento,Usado,1 a 8 años,45.0,45.0,4.0,2,3,0,4,LA PILARICA,LA PILARICA,3+
El Poblado,Apartamento,Usado,16 a 30 años,84.0,84.0,5.0,2,3,2,5,EL POBLADO,EL POBLADO,3+
Perpetuo socorro,Apartamento,Usado,1 a 8 años,35.0,35.0,6.0,1,1,0,3,PERPETUO SOCORRO,PERPETUO SOCORRO,missing
Centro,Apartamento,Usado,16 a 30 años,100.0,100.0,4.0,3,4,0,18,CENTRO,CENTRO,3+
La america,Apartaestudio,Usado,16 a 30 años,70.0,70.0,5.0,2,3,1,16,LA AMERICA,LA AMERICA,3+
Santa teresita,Casa,Usado,16 a 30 años,440.0,440.0,5.0,7,9,3,1,SANTA TERESITA,OTROS,1
Belen La Palma,Casa,Usado,1 a 8 años,350.0,350.0,5.0,7,6,1,1,BELEN LA PALMA,BELEN LA PALMA,1
Belén,Apartamento,Usado,menor a 1 año,70.0,70.0,4.0,2,3,0,3,BELEN,BELEN,missing
Robledo,Apartamento,Usado,1 a 8 años,42.0,42.0,4.0,2,2,0,2,ROBLEDO,ROBLEDO,2
Las palmas,Apartamento,Usado,1 a 8 años,64.0,64.0,6.0,2,2,1,7,LAS PALMAS,LAS PALMAS,missing
Robledo,Apartamento,Usado,más de 30 años,50.0,50.0,2.0,1,3,0,1,ROBLEDO,ROBLEDO,1
Viviendas del Sur,Apartamento,Usado,más de 30 años,55.0,55.0,4.0,2,2,0,4,VIVIENDAS DEL SUR,VIVIENDAS DEL SUR,3+
Prado,Apartamento,Usado,16 a 30 años,72.0,72.0,3.0,1,2,0,2,PRADO,PRADO,2
El tesoro,Apartaestudio,Usado,1 a 8 años,78.0,78.0,6.0,2,1,1,5,EL TESORO,EL TESORO,missing
Calasanz,Apartamento,Usado,1 a 8 años,88.0,88.0,4.0,2,3,11,9,CALASANZ,CALASANZ,missing
Los angeles ,Casa,Nuevo,menor a 1 año,80.0,80.0,3.0,2,3,0,1,LOS ANGELES,OTROS,missing
El velodromo,Apartaestudio,Usado,16 a 30 años,20.0,20.0,4.0,1,1,0,2,EL VELODROMO,EL VELODROMO,2
Loma del Indio,Apartamento,Usado,menor a 1 año,68.0,68.0,5.0,2,2,1,12,LOMA DEL INDIO,LOMA DEL INDIO,missing
Laureles,Apartamento,Usado,menor a 1 año,45.0,45.0,5.0,1,2,0,4,LAURELES,LAURELES,missing
Laureles,Apartaestudio,Usado,1 a 8 años,40.0,40.0,6.0,1,1,0,2,LAURELES,LAURELES,missing
El Poblado,Apartamento,Buen estado,más de 30 años,267.0,267.0,6.0,4,4,3,10,EL POBLADO,EL POBLADO,3+
Centro,Apartamento,Nuevo,16 a 30 años,60.0,60.0,4.0,1,2,0,8,CENTRO,CENTRO,3+
Campo amor,Apartamento,Usado,1 a 8 años,8000.0,8000.0,4.0,2,3,0,4,CAMPO AMOR,CAMPO AMOR,missing
Manrique Central,Apartamento,Usado,1 a 8 años,6000.0,6000.0,3.0,1,2,0,6,MANRIQUE CENTRAL,MANRIQUE CENTRAL,missing
El Poblado,Apartamento,Usado,16 a 30 años,60.0,60.0,5.0,2,2,1,6,EL POBLADO,EL POBLADO,missing
Altos del poblado,Apartamento,Usado,1 a 8 años,76.0,76.0,4.0,2,3,1,4,ALTOS DEL POBLADO,ALTOS DEL POBLADO,missing
El Poblado,Apartamento,Usado,1 a 8 años,72.0,72.0,6.0,2,2,0,14,EL POBLADO,EL POBLADO,3+
Ciudad del Río,Apartamento,Usado,1 a 8 años,84.0,84.0,6.0,2,1,1,5,CIUDAD DEL RIO,CIUDAD DEL RIO,missing
La candelaria ,Casa,Usado,1 a 8 años,370.0,370.0,6.0,3,3,2,1,LA CANDELARIA,LA CANDELARIA,missing
Comuna 1,Apartamento,Usado,16 a 30 años,112.0,112.0,6.0,4,3,0,5,COMUNA 1,OTROS,3+
El Poblado,Apartamento,Usado,9 a 15 años,267.0,267.0,6.0,4,3,2,3,EL POBLADO,EL POBLADO,missing
El rodeo,Casa,Usado,menor a 1 año,126.0,126.0,5.0,3,3,1,1,EL RODEO,OTROS,missing
Calasanz,Apartamento,Usado,9 a 15 años,56.0,56.0,3.0,2,3,0,9,CALASANZ,CALASANZ,3+
Simon bolivar,Apartamento,Buen estado,16 a 30 años,70.0,70.0,5.0,1,2,1,2,SIMON BOLIVAR,SIMON BOLIVAR,2
Bombona no1,Apartaestudio,Usado,menor a 1 año,48.0,48.0,3.0,1,1,0,3,BOMBONA NO1,BOMBONA NO1,3+
El Poblado,Apartamento,Usado,1 a 8 años,96.0,96.0,6.0,3,2,2,9,EL POBLADO,EL POBLADO,missing
Guayaquil,Casa,Buen estado,más de 30 años,120.0,120.0,5.0,3,3,0,1,GUAYAQUIL,GUAYAQUIL,missing
Centro,Casa,Usado,16 a 30 años,8000.0,8000.0,3.0,1,3,0,1,CENTRO,CENTRO,missing
Los Balsos,Apartamento,Usado,1 a 8 años,192.0,192.0,6.0,4,3,2,18,LOS BALSOS,LOS BALSOS,3+
San javier,Casa,Usado,16 a 30 años,250.0,250.0,3.0,4,4,0,1,SAN JAVIER,SAN JAVIER,1
Laureles,Apartaestudio,Usado,16 a 30 años,42.0,42.0,5.0,1,1,1,4,LAURELES,LAURELES,3+
Buenos aires,Apartaestudio,Usado,9 a 15 años,37.0,37.0,3.0,1,1,0,2,BUENOS AIRES,BUENOS AIRES,2
Calasanz parte alta,Apartamento,Usado,1 a 8 años,90.0,90.0,4.0,2,2,1,8,CALASANZ PARTE ALTA,CALASANZ PARTE ALTA,missing
El Poblado,Casa,Buen estado,16 a 30 años,267.0,267.0,6.0,5,4,3,1,EL POBLADO,EL POBLADO,1
El Poblado,Apartamento,Usado,16 a 30 años,137.0,137.0,6.0,3,2,2,4,EL POBLADO,EL POBLADO,3+
El Poblado,Apartamento,Usado,9 a 15 años,65.0,65.0,6.0,2,1,2,11,EL POBLADO,EL POBLADO,missing
El Poblado,Apartamento,Usado,9 a 15 años,58.0,58.0,4.0,2,3,1,10,EL POBLADO,EL POBLADO,missing
Buenos aires,Apartamento,Usado,más de 30 años,77.0,77.0,4.0,2,3,0,2,BUENOS AIRES,BUENOS AIRES,2
El Poblado,Apartamento,Usado,más de 30 años,70.0,70.0,4.0,2,3,0,18,EL POBLADO,EL POBLADO,3+
El Poblado,Apartamento,Usado,más de 30 años,90.0,90.0,6.0,2,3,1,4,EL POBLADO,EL POBLADO,missing
Buenos aires,Apartamento,Usado,más de 30 años,45.0,45.0,3.0,1,2,0,1,BUENOS AIRES,BUENOS AIRES,1
Laureles,Apartamento,Usado,1 a 8 años,66.0,66.0,5.0,2,2,1,13,LAURELES,LAURELES,missing
Guayabal,Apartamento,Usado,más de 30 años,62.0,62.0,4.0,2,3,0,5,GUAYABAL,GUAYABAL,3+
Buenos aires,Apartamento,Usado,1 a 8 años,60.0,60.0,2.0,1,3,0,5,BUENOS AIRES,BUENOS AIRES,missing
El Poblado,Apartamento,Usado,1 a 8 años,67.0,67.0,4.0,2,3,1,5,EL POBLADO,EL POBLADO,missing
Robledo,Apartamento,Usado,1 a 8 años,40.0,40.0,3.0,2,2,0,1,ROBLEDO,ROBLEDO,1
Belén,Apartamento,Usado,16 a 30 años,60.0,60.0,3.0,1,2,0,3,BELEN,BELEN,missing
Robledo,Apartamento,Usado,1 a 8 años,45.0,45.0,3.0,1,1,0,18,ROBLEDO,ROBLEDO,3+
La castellana,Apartamento,Usado,16 a 30 años,80.0,80.0,5.0,2,3,0,9,LA CASTELLANA,LA CASTELLANA,3+
La castellana,Casa,Usado,16 a 30 años,180.0,180.0,5.0,2,5,0,1,LA CASTELLANA,LA CASTELLANA,missing
El Poblado,Apartamento,Usado,1 a 8 años,130.0,130.0,6.0,2,3,1,5,EL POBLADO,EL POBLADO,missing
Conquistadores,Apartamento,Usado,9 a 15 años,120.0,120.0,5.0,4,3,2,6,CONQUISTADORES,CONQUISTADORES,missing
Laureles,Apartamento,Usado,16 a 30 años,420.0,420.0,6.0,8,9,0,1,LAURELES,LAURELES,missing
San diego,Apartamento,Usado,1 a 8 años,102.4,102.4,6.0,2,3,1,5,SAN DIEGO,SAN DIEGO,missing
Buenos aires,Apartaestudio,Usado,más de 30 años,30.0,30.0,3.0,1,1,0,1,BUENOS AIRES,BUENOS AIRES,1
Pajarito,Apartamento,Usado,1 a 8 años,50.0,50.0,3.0,1,3,0,18,PAJARITO,PAJARITO,3+
Laureles ,Casa,Usado,1 a 8 años,95.0,95.0,3.0,2,3,1,1,LAURELES,LAURELES,missing
Calasanz,Apartaestudio,Usado,menor a 1 año,50.0,50.0,5.0,1,1,0,4,CALASANZ,CALASANZ,missing
Vía Las Palmas,Apartamento,Usado,9 a 15 años,80.0,80.0,6.0,2,2,1,12,VIA LAS PALMAS,VIA LAS PALMAS,3+
San miguel,Casa,Buen estado,16 a 30 años,128.6,128.6,4.0,3,4,0,1,SAN MIGUEL,OTROS,1
Caicedo,Apartamento,Usado,9 a 15 años,100.0,100.0,3.0,2,3,0,7,CAICEDO,OTROS,missing
El Poblado,Apartamento,Usado,16 a 30 años,90.0,90.0,5.0,2,3,2,10,EL POBLADO,EL POBLADO,3+
El Poblado,Apartamento,Usado,1 a 8 años,91.0,91.0,6.0,3,2,2,4,EL POBLADO,EL POBLADO,missing
Prado ,Casa,Nuevo,menor a 1 año,110.0,110.0,4.0,1,4,0,1,PRADO,PRADO,missing
Robledo,Apartamento,Usado,más de 30 años,60.0,60.0,3.0,1,2,0,2,ROBLEDO,ROBLEDO,2
Laureles,Apartamento,Buen estado,9 a 15 años,73.0,73.0,5.0,2,2,0,5,LAURELES,LAURELES,3+
Laureles,Casa,Usado,1 a 8 años,184.0,184.0,5.0,2,4,1,1,LAURELES,LAURELES,1
El Diamante,Apartamento,Usado,16 a 30 años,50.0,50.0,3.0,1,2,0,15,EL DIAMANTE,OTROS,3+
Buenos aires,Apartamento,Usado,más de 30 años,34.0,34.0,3.0,1,2,0,1,BUENOS AIRES,BUENOS AIRES,missing
El Poblado,Apartaestudio,Usado,más de 30 años,80.0,80.0,4.0,3,3,0,1,EL POBLADO,EL POBLADO,1
La mota,Apartamento,Usado,16 a 30 años,96.0,96.0,4.0,3,4,1,2,LA MOTA,LA MOTA,2
La castellana,Apartamento,Usado,16 a 30 años,75.0,75.0,5.0,2,3,1,7,LA CASTELLANA,LA CASTELLANA,missing
Buenos aires,Apartamento,Usado,16 a 30 años,45.0,45.0,2.0,1,1,0,4,BUENOS AIRES,BUENOS AIRES,3+
Loma del Indio,Apartamento,Usado,16 a 30 años,85.0,85.0,4.0,3,3,1,1,LOMA DEL INDIO,LOMA DEL INDIO,1
El Poblado,Apartamento,Buen estado,16 a 30 años,130.0,130.0,6.0,3,3,1,6,EL POBLADO,EL POBLADO,3+
Laureles,Apartamento,Usado,1 a 8 años,62.0,62.0,4.0,2,2,1,5,LAURELES,LAURELES,missing
Laureles,Apartaestudio,Usado,menor a 1 año,60.0,60.0,5.0,1,1,0,6,LAURELES,LAURELES,missing
Granizal,Apartamento,Excelente estado,1 a 8 años,15000.0,15000.0,6.0,3,2,2,18,GRANIZAL,GRANIZAL,3+
Manrique,Apartamento,Usado,1 a 8 años,28.0,28.0,3.0,1,1,0,2,MANRIQUE,MANRIQUE,2
La floresta,Apartaestudio,Usado,menor a 1 año,35.0,35.0,4.0,1,1,0,3,LA FLORESTA,LA FLORESTA,missing
Bombona no1,Apartamento,Usado,1 a 8 años,50.0,50.0,3.0,3,2,0,3,BOMBONA NO1,BOMBONA NO1,missing
Loma De San Julian,Apartamento,Usado,16 a 30 años,65.0,65.0,5.0,2,3,1,10,LOMA DE SAN JULIAN,LOMA DE SAN JULIAN,3+
San joaquin,Apartamento,Usado,16 a 30 años,90.0,90.0,4.0,2,2,0,8,SAN JOAQUIN,SAN JOAQUIN,missing
El Poblado,Apartamento,Usado,9 a 15 años,110.0,110.0,5.0,2,3,1,24,EL POBLADO,EL POBLADO,missing
San diego,Apartamento,Usado,9 a 15 años,70.0,70.0,6.0,1,2,0,2,SAN DIEGO,SAN DIEGO,2
Laureles,Apartamento,Usado,9 a 15 años,89.0,89.0,5.0,2,3,1,2,LAURELES,LAURELES,missing
Laureles,Apartamento,Usado,9 a 15 años,49.0,52.0,4.0,1,1,1,10,LAURELES,LAURELES,3+
Calasanz,Apartamento,Usado,9 a 15 años,80.0,80.0,4.0,2,2,1,2,CALASANZ,CALASANZ,missing
Prado,Apartamento,Usado,16 a 30 años,62.0,62.0,4.0,2,3,0,11,PRADO,PRADO,missing
Laureles,Apartamento,Usado,16 a 30 años,95.0,95.0,5.0,4,3,1,4,LAURELES,LAURELES,3+
Trinidad,Apartamento,Usado,más de 30 años,100.0,100.0,3.0,2,3,0,7,TRINIDAD,TRINIDAD,missing
Belén Miravalle,Apartamento,Usado,1 a 8 años,80.0,80.0,4.0,2,2,1,10,BELEN MIRAVALLE,BELEN MIRAVALLE,3+
Estadio,Apartamento,Usado,1 a 8 años,60.0,60.0,4.0,2,3,0,3,ESTADIO,ESTADIO,3+
Llano Grande,Casa,Usado,16 a 30 años,350.0,350.0,4.0,5,4,2,1,LLANO GRANDE,OTROS,1
Loma del Indio,Apartamento,Usado,1 a 8 años,73.0,73.0,4.0,2,2,1,4,LOMA DEL INDIO,LOMA DEL INDIO,3+
Florida nueva,Casa,Usado,16 a 30 años,240.0,240.0,5.0,3,6,0,1,FLORIDA NUEVA,FLORIDA NUEVA,missing
Belen La Palma,Apartamento,Usado,1 a 8 años,79.0,79.0,4.0,2,2,1,2,BELEN LA PALMA,BELEN LA PALMA,2
Laureles,Casa,Usado,16 a 30 años,270.0,270.0,5.0,4,4,1,1,LAURELES,LAURELES,missing
Belén San Bernardo,Apartamento,Usado,16 a 30 años,113.0,113.0,3.0,1,2,0,2,BELEN SAN BERNARDO,BELEN SAN BERNARDO,2
Calasanz,Apartaestudio,Usado,9 a 15 años,40.0,40.0,3.0,1,1,0,8,CALASANZ,CALASANZ,3+
Boston,Apartamento,Usado,16 a 30 años,58.0,58.0,4.0,2,2,0,18,BOSTON,BOSTON,3+
Laureles,Apartamento,Usado,16 a 30 años,31.0,31.0,4.0,1,1,1,1,LAURELES,LAURELES,missing
Villa hermosa,Apartaestudio,Usado,más de 30 años,37.0,37.0,3.0,1,1,0,14,VILLA HERMOSA,VILLA HERMOSA,3+
Boston,Apartaestudio,Usado,1 a 8 años,38.0,38.0,3.0,1,1,0,2,BOSTON,BOSTON,missing
El Poblado,Apartamento,Usado,9 a 15 años,75.0,75.0,6.0,2,2,0,10,EL POBLADO,EL POBLADO,3+
El Poblado,Apartamento,Buen estado,menor a 1 año,87.0,87.0,6.0,3,2,2,16,EL POBLADO,EL POBLADO,3+
La candelaria ,Apartamento,Usado,16 a 30 años,143.0,143.0,5.0,3,4,1,4,LA CANDELARIA,LA CANDELARIA,3+
Belén,Casa,Usado,1 a 8 años,90.0,90.0,4.0,3,3,1,1,BELEN,BELEN,missing
Las palmas,Apartamento,Usado,1 a 8 años,79.0,79.0,6.0,2,2,1,3,LAS PALMAS,LAS PALMAS,3+
Belén,Casa,Usado,16 a 30 años,220.0,220.0,5.0,3,4,0,2,BELEN,BELEN,2
Belén Rosales,Apartamento,Usado,1 a 8 años,35.0,35.0,5.0,1,1,0,3,BELEN ROSALES,BELEN ROSALES,missing
Laureles,Apartamento,Usado,9 a 15 años,105.0,105.0,5.0,2,3,1,7,LAURELES,LAURELES,missing
El Poblado,Apartamento,Nuevo,16 a 30 años,87.0,87.0,6.0,2,2,2,10,EL POBLADO,EL POBLADO,missing
Belen Las Playas,Apartamento,Usado,16 a 30 años,65.0,65.0,3.0,1,3,0,2,BELEN LAS PLAYAS,BELEN LAS PLAYAS,2
La aguacatala,Apartamento,Usado,9 a 15 años,75.0,77.0,5.0,2,2,1,9,LA AGUACATALA,LA AGUACATALA,missing
El salvador,Apartaestudio,Usado,16 a 30 años,40.0,40.0,3.0,1,1,0,1,EL SALVADOR,EL SALVADOR,1
Calasanz,Casa,Usado,1 a 8 años,65.0,65.0,2.0,1,2,0,1,CALASANZ,CALASANZ,1
Belén Las mercedes,Casa,Usado,16 a 30 años,95.0,95.0,3.0,1,3,0,2,BELEN LAS MERCEDES,BELEN LAS MERCEDES,2
Laureles,Casa,Usado,16 a 30 años,212.0,212.0,5.0,2,4,1,1,LAURELES,LAURELES,missing
Belen Malibu,Apartamento,Usado,1 a 8 años,50.0,50.0,5.0,1,1,0,4,BELEN MALIBU,BELEN MALIBU,missing
Calasanz,Apartamento,Usado,menor a 1 año,75.0,75.0,4.0,2,3,1,7,CALASANZ,CALASANZ,missing
Robledo,Apartaestudio,Usado,más de 30 años,40.0,40.0,2.0,1,1,0,3,ROBLEDO,ROBLEDO,3+
San diego,Apartaestudio,Usado,9 a 15 años,68.0,68.0,4.0,2,1,0,1,SAN DIEGO,SAN DIEGO,1
Suroriente,Apartaestudio,Usado,9 a 15 años,41.0,41.0,4.0,1,1,1,11,SURORIENTE,OTROS,3+
Santa Mónica,Casa,Usado,16 a 30 años,440.0,440.0,5.0,4,8,0,2,SANTA MONICA,SANTA MONICA,2
Laureles Nogal,Apartaestudio,Usado,1 a 8 años,53.0,53.0,5.0,2,1,1,5,LAURELES NOGAL,LAURELES NOGAL,missing
Las palmas,Apartamento,Usado,16 a 30 años,70.0,70.0,5.0,2,2,1,18,LAS PALMAS,LAS PALMAS,3+
Calasanz,Casa,Usado,1 a 8 años,196.0,196.0,4.0,3,5,1,1,CALASANZ,CALASANZ,1
El Poblado,Apartamento,Usado,1 a 8 años,70.0,70.0,5.0,2,2,0,10,EL POBLADO,EL POBLADO,missing
Laureles,Apartamento,Usado,1 a 8 años,120.0,120.0,4.0,3,3,1,5,LAURELES,LAURELES,3+
Las palmas,Apartamento,Usado,1 a 8 años,70.0,70.0,4.0,2,2,0,10,LAS PALMAS,LAS PALMAS,missing
El Poblado,Apartamento,Usado,más de 30 años,70.0,70.0,5.0,2,2,0,1,EL POBLADO,EL POBLADO,1
Belén Fatima,Casa,Usado,16 a 30 años,140.0,140.0,4.0,6,7,0,2,BELEN FATIMA,BELEN FATIMA,2
Laureles,Apartaestudio,Usado,menor a 1 año,20.0,20.0,3.0,1,1,0,2,LAURELES,LAURELES,missing
San diego,Apartamento,Usado,1 a 8 años,110.0,110.0,6.0,2,3,1,24,SAN DIEGO,SAN DIEGO,missing
Trinidad,Apartamento,Buen estado,más de 30 años,230.0,230.0,3.0,2,2,1,1,TRINIDAD,TRINIDAD,1
Laureles,Apartamento,Usado,1 a 8 años,85.0,85.0,5.0,2,2,1,6,LAURELES,LAURELES,missing
Castropol,Apartamento,Usado,1 a 8 años,79.0,79.0,5.0,2,3,1,5,CASTROPOL,CASTROPOL,missing
Laureles,Apartamento,Usado,16 a 30 años,147.0,147.0,5.0,4,3,1,4,LAURELES,LAURELES,3+
El Poblado,Apartamento,Usado,9 a 15 años,147.0,147.0,6.0,3,2,2,10,EL POBLADO,EL POBLADO,3+
La america,Apartaestudio,Usado,más de 30 años,45.0,45.0,4.0,1,1,1,2,LA AMERICA,LA AMERICA,2
Loma De San Julian,Apartamento,Usado,16 a 30 años,55.0,55.0,5.0,1,3,1,6,LOMA DE SAN JULIAN,LOMA DE SAN JULIAN,missing
Loma del Indio,Apartamento,Usado,16 a 30 años,56.0,56.0,5.0,1,3,1,6,LOMA DEL INDIO,LOMA DEL INDIO,missing
Castropol,Apartamento,Usado,16 a 30 años,110.0,110.0,6.0,3,2,1,8,CASTROPOL,CASTROPOL,missing
Conquistadores,Apartamento,Usado,1 a 8 años,110.0,110.0,5.0,2,3,1,2,CONQUISTADORES,CONQUISTADORES,2
Robledo,Apartamento,Usado,más de 30 años,55.0,55.0,3.0,2,3,0,18,ROBLEDO,ROBLEDO,3+
Calasanz,Apartamento,Usado,1 a 8 años,58.0,58.0,4.0,2,2,1,18,CALASANZ,CALASANZ,3+
Buenos aires,Casa,Usado,más de 30 años,190.0,190.0,6.0,4,4,0,1,BUENOS AIRES,BUENOS AIRES,missing
El Poblado,Apartamento,Usado,1 a 8 años,87.0,87.0,4.0,3,3,1,7,EL POBLADO,EL POBLADO,missing
Laureles,Apartamento,Buen estado,1 a 8 años,170.0,170.0,5.0,4,3,2,4,LAURELES,LAURELES,3+
Laureles,Casa,Usado,más de 30 años,240.0,240.0,4.0,4,5,1,1,LAURELES,LAURELES,1
Buenos aires,Apartamento,Usado,más de 30 años,6600.0,6600.0,4.0,2,3,0,15,BUENOS AIRES,BUENOS AIRES,3+
La aguacatala,Casa,Usado,16 a 30 años,400.0,400.0,6.0,6,8,7,1,LA AGUACATALA,LA AGUACATALA,missing
Simon bolivar,Apartaestudio,Usado,más de 30 años,50.0,50.0,4.0,2,1,0,5,SIMON BOLIVAR,SIMON BOLIVAR,3+
El Poblado,Apartamento,Usado,16 a 30 años,72.0,72.0,6.0,2,2,1,9,EL POBLADO,EL POBLADO,missing
Laureles,Apartamento,Nuevo,menor a 1 año,75.0,75.0,5.0,3,2,1,8,LAURELES,LAURELES,missing
El Poblado,Apartamento,Usado,16 a 30 años,86.0,86.0,5.0,2,3,1,3,EL POBLADO,EL POBLADO,missing
Laureles,Apartamento,Usado,16 a 30 años,175.0,175.0,4.0,3,3,1,2,LAURELES,LAURELES,2
Shellmar,Apartamento,Nuevo,menor a 1 año,68.0,68.0,5.0,2,3,1,5,SHELLMAR,OTROS,missing
Laureles,Apartamento,Buen estado,9 a 15 años,80.0,80.0,5.0,2,3,1,3,LAURELES,LAURELES,3+
La castellana,Apartamento,Usado,1 a 8 años,85.0,85.0,5.0,3,3,1,11,LA CASTELLANA,LA CASTELLANA,3+
El Poblado,Apartamento,Usado,16 a 30 años,7500.0,7500.0,6.0,2,2,1,1,EL POBLADO,EL POBLADO,1
La América,Apartamento,Usado,1 a 8 años,70.0,70.0,4.0,2,2,1,5,LA AMERICA,LA AMERICA,3+
El Poblado,Apartamento,Buen estado,1 a 8 años,91.0,91.0,6.0,2,3,1,18,EL POBLADO,EL POBLADO,3+
Sevilla,Apartaestudio,Usado,1 a 8 años,35.0,35.0,3.0,1,1,0,2,SEVILLA,SEVILLA,2
Buenos aires,Apartamento,Usado,1 a 8 años,35.0,35.0,3.0,1,1,0,3,BUENOS AIRES,BUENOS AIRES,missing
Buenos aires,Apartamento,Usado,9 a 15 años,70.0,70.0,3.0,2,4,0,2,BUENOS AIRES,BUENOS AIRES,missing
El Poblado,Apartamento,Usado,1 a 8 años,117.0,117.0,6.0,3,2,2,5,EL POBLADO,EL POBLADO,missing
Lorena,Apartamento,Usado,1 a 8 años,50.0,50.0,4.0,2,2,0,8,LORENA,LORENA,missing
San joaquin,Apartamento,Usado,9 a 15 años,200.0,200.0,5.0,4,4,1,8,SAN JOAQUIN,SAN JOAQUIN,3+
Belén,Apartamento,Usado,16 a 30 años,90.0,90.0,4.0,2,3,0,4,BELEN,BELEN,missing
El Poblado,Casa,Usado,16 a 30 años,450.0,450.0,6.0,6,6,0,1,EL POBLADO,EL POBLADO,1
San diego,Apartamento,Buen estado,1 a 8 años,65.0,65.0,6.0,2,2,1,18,SAN DIEGO,SAN DIEGO,3+
Centro,Casa,Usado,1 a 8 años,370.0,370.0,6.0,1,6,0,1,CENTRO,CENTRO,missing
Cristo rey,Casa,Buen estado,más de 30 años,120.0,120.0,4.0,2,3,1,1,CRISTO REY,CRISTO REY,1
Belén Rosales,Apartamento,Usado,16 a 30 años,70.0,70.0,4.0,1,2,0,2,BELEN ROSALES,BELEN ROSALES,missing
El Poblado,Apartamento,Usado,16 a 30 años,90.0,90.0,6.0,2,2,1,8,EL POBLADO,EL POBLADO,missing
El Poblado,Apartamento,Usado,9 a 15 años,80.0,80.0,5.0,2,3,1,12,EL POBLADO,EL POBLADO,3+
El Poblado,Apartamento,Usado,16 a 30 años,100.0,100.0,5.0,2,3,2,6,EL POBLADO,EL POBLADO,3+
Calasanz,Apartamento,Usado,9 a 15 años,60.0,60.0,3.0,2,3,1,10,CALASANZ,CALASANZ,missing
Belén,Apartamento,Excelente estado,16 a 30 años,60.0,60.0,4.0,2,3,0,10,BELEN,BELEN,missing
El Poblado,Apartamento,Buen estado,16 a 30 años,80.0,80.0,6.0,2,3,1,2,EL POBLADO,EL POBLADO,2
La candelaria,Apartamento,Usado,1 a 8 años,80.0,80.0,5.0,2,3,1,6,LA CANDELARIA,LA CANDELARIA,missing
La candelaria,Apartamento,Usado,9 a 15 años,64.0,64.0,4.0,2,2,0,7,LA CANDELARIA,LA CANDELARIA,missing
Laureles,Casa,Buen estado,16 a 30 años,80.0,80.0,5.0,1,2,0,1,LAURELES,LAURELES,1
Miraflores,Apartamento,Usado,9 a 15 años,168.0,168.0,6.0,4,2,2,14,MIRAFLORES,OTROS,3+
San diego,Apartamento,Usado,16 a 30 años,80.0,80.0,4.0,2,4,0,2,SAN DIEGO,SAN DIEGO,missing
La america,Casa,Usado,más de 30 años,170.0,170.0,4.0,3,5,1,1,LA AMERICA,LA AMERICA,1
El Poblado,Apartamento,Usado,1 a 8 años,120.0,120.0,5.0,4,4,2,18,EL POBLADO,EL POBLADO,3+
La castellana,Apartamento,Usado,16 a 30 años,113.0,113.0,5.0,2,3,1,4,LA CASTELLANA,LA CASTELLANA,missing
Robledo,Apartamento,Usado,1 a 8 años,55.0,55.0,4.0,2,2,0,3,ROBLEDO,ROBLEDO,3+
San javier,Apartamento,Usado,menor a 1 año,55.0,55.0,3.0,2,2,0,4,SAN JAVIER,SAN JAVIER,3+
Florida nueva,Casa,Usado,16 a 30 años,110.0,110.0,5.0,2,3,1,1,FLORIDA NUEVA,FLORIDA NUEVA,1
El Poblado,Apartamento,Usado,1 a 8 años,100.0,100.0,6.0,3,3,2,3,EL POBLADO,EL POBLADO,missing
Belén Rincón,Casa,Usado,16 a 30 años,50.0,50.0,3.0,1,2,0,1,BELEN RINCON,BELEN RINCON,1
Belén Los Alpes,Apartamento,Usado,1 a 8 años,64.0,64.0,3.0,1,3,1,3,BELEN LOS ALPES,BELEN LOS ALPES,3+
Vía Las Palmas,Apartamento,Usado,9 a 15 años,150.0,150.0,4.0,3,3,2,18,VIA LAS PALMAS,VIA LAS PALMAS,3+
El Poblado,Apartamento,Buen estado,1 a 8 años,95.0,95.0,5.0,3,2,2,9,EL POBLADO,EL POBLADO,3+
Robledo,Apartamento,Usado,16 a 30 años,43.0,43.0,3.0,1,2,0,18,ROBLEDO,ROBLEDO,3+
Robledo,Apartamento,Usado,16 a 30 años,48.0,48.0,3.0,1,2,0,14,ROBLEDO,ROBLEDO,3+
La castellana,Apartamento,Usado,menor a 1 año,108.0,108.0,5.0,3,3,4,6,LA CASTELLANA,LA CASTELLANA,missing
El Poblado,Apartamento,Buen estado,16 a 30 años,81.0,81.0,6.0,2,3,1,8,EL POBLADO,EL POBLADO,3+
La mota,Casa,Usado,más de 30 años,149.0,149.0,5.0,4,5,3,1,LA MOTA,LA MOTA,missing
El Poblado,Apartamento,Usado,9 a 15 años,120.0,120.0,6.0,2,2,2,4,EL POBLADO,EL POBLADO,missing
Loma de los bernal,Apartamento,Usado,16 a 30 años,103.0,103.0,4.0,3,3,2,16,LOMA DE LOS BERNAL,LOMA DE LOS BERNAL,3+
Buenos aires,Apartamento,Usado,más de 30 años,55.0,55.0,3.0,1,2,0,1,BUENOS AIRES,BUENOS AIRES,1
Buenos aires,Apartamento,Usado,más de 30 años,100.0,100.0,3.0,1,2,0,2,BUENOS AIRES,BUENOS AIRES,2
Laureles,Casa,Usado,16 a 30 años,145.0,145.0,5.0,2,3,0,1,LAURELES,LAURELES,missing
Granada,Casa,Usado,16 a 30 años,100.0,100.0,3.0,3,4,0,1,GRANADA,OTROS,1
Occidente,Apartamento,Usado,1 a 8 años,138.0,138.0,4.0,3,3,1,2,OCCIDENTE,OTROS,2
Vía Las Palmas,Apartamento,Excelente estado,más de 30 años,111.0,111.0,6.0,2,3,2,1,VIA LAS PALMAS,VIA LAS PALMAS,1
Buenos aires,Apartamento,Usado,16 a 30 años,45.0,45.0,5.0,1,1,0,2,BUENOS AIRES,BUENOS AIRES,missing
Los Balsos,Apartamento,Usado,9 a 15 años,82.0,82.0,5.0,3,3,2,6,LOS BALSOS,LOS BALSOS,3+
La candelaria,Apartamento,Usado,más de 30 años,60.0,60.0,3.0,1,1,0,3,LA CANDELARIA,LA CANDELARIA,3+
Granizal,Casa,Excelente estado,9 a 15 años,30000.0,30000.0,6.0,4,3,2,1,GRANIZAL,GRANIZAL,missing
El Poblado,Apartamento,Usado,16 a 30 años,138.0,138.0,5.0,3,3,0,5,EL POBLADO,EL POBLADO,3+
Patio bonito,Apartaestudio,Usado,16 a 30 años,62.0,62.0,4.0,2,1,1,9,PATIO BONITO,PATIO BONITO,missing
Conquistadores,Apartamento,Usado,1 a 8 años,139.0,139.0,5.0,3,3,1,2,CONQUISTADORES,CONQUISTADORES,2
El Poblado,Apartamento,Usado,16 a 30 años,30.0,30.0,4.0,1,1,1,3,EL POBLADO,EL POBLADO,missing
Rodeo Alto,Casa,Usado,menor a 1 año,100.0,100.0,4.0,3,3,1,1,RODEO ALTO,RODEO ALTO,missing
Laureles,Apartamento,Usado,16 a 30 años,45.0,45.0,5.0,1,1,1,2,LAURELES,LAURELES,missing
Laureles,Apartamento,Usado,16 a 30 años,160.0,160.0,5.0,2,4,1,1,LAURELES,LAURELES,missing
La america,Apartamento,Usado,más de 30 años,150.0,150.0,4.0,3,2,0,2,LA AMERICA,LA AMERICA,2
Castropol,Apartamento,Usado,1 a 8 años,106.0,106.0,6.0,3,2,2,7,CASTROPOL,CASTROPOL,missing
Robledo,Apartamento,Usado,9 a 15 años,45.0,45.0,3.0,1,2,0,4,ROBLEDO,ROBLEDO,missing
El Poblado,Apartamento,Buen estado,16 a 30 años,240.0,240.0,6.0,4,3,2,11,EL POBLADO,EL POBLADO,3+
Estadio,Apartamento,Usado,9 a 15 años,60.0,60.0,5.0,2,3,0,10,ESTADIO,ESTADIO,missing
Trinidad,Apartamento,Usado,menor a 1 año,65.0,65.0,3.0,1,3,0,2,TRINIDAD,TRINIDAD,missing
Loma del Indio,Casa,Usado,16 a 30 años,120.0,120.0,4.0,2,4,1,1,LOMA DEL INDIO,LOMA DEL INDIO,1
San german,Apartamento,Usado,más de 30 años,72.0,72.0,4.0,2,3,0,10,SAN GERMAN,SAN GERMAN,missing
El Poblado,Apartaestudio,Buen estado,16 a 30 años,51.0,51.0,6.0,2,1,1,2,EL POBLADO,EL POBLADO,2
Buenos aires,Apartamento,Usado,9 a 15 años,40.0,40.0,3.0,1,2,0,14,BUENOS AIRES,BUENOS AIRES,3+
El Poblado,Apartamento,Usado,9 a 15 años,54.0,54.0,4.0,1,2,0,18,EL POBLADO,EL POBLADO,3+
El Poblado,Apartamento,Usado,9 a 15 años,67.0,67.0,5.0,1,1,1,5,EL POBLADO,EL POBLADO,missing
Calasanz,Apartamento,Usado,1 a 8 años,72.0,72.0,4.0,2,2,1,9,CALASANZ,CALASANZ,missing
Laureles,Apartamento,Usado,16 a 30 años,70.0,70.0,4.0,2,3,1,5,LAURELES,LAURELES,3+
Santa Mónica,Casa,Usado,16 a 30 años,120.0,120.0,4.0,3,3,1,1,SANTA MONICA,SANTA MONICA,1
La milagrosa,Apartamento,Usado,1 a 8 años,70.0,70.0,2.0,1,3,0,2,LA MILAGROSA,LA MILAGROSA,2
Loma del Indio,Apartamento,Usado,1 a 8 años,73.0,73.0,6.0,2,2,1,10,LOMA DEL INDIO,LOMA DEL INDIO,missing
Calasanz,Apartamento,Usado,1 a 8 años,68.0,68.0,4.0,2,3,1,5,CALASANZ,CALASANZ,missing
Vía Las Palmas,Apartamento,Usado,1 a 8 años,60.0,60.0,4.0,2,2,1,6,VIA LAS PALMAS,VIA LAS PALMAS,missing
Prado,Apartaestudio,Usado,más de 30 años,30.0,30.0,3.0,1,1,0,11,PRADO,PRADO,3+
La castellana,Apartamento,Usado,16 a 30 años,85.0,85.0,5.0,2,3,1,18,LA CASTELLANA,LA CASTELLANA,3+
Calasanz,Apartamento,Usado,1 a 8 años,70.0,70.0,4.0,2,3,1,15,CALASANZ,CALASANZ,3+
Belén,Casa,Usado,9 a 15 años,113.0,113.0,4.0,2,2,0,1,BELEN,BELEN,missing
Belén Aliadas,Apartamento,Buen estado,1 a 8 años,78.0,78.0,1.0,2,4,0,6,BELEN ALIADAS,BELEN ALIADAS,missing
El Poblado,Apartamento,Usado,16 a 30 años,85.0,85.0,6.0,2,2,1,6,EL POBLADO,EL POBLADO,missing
Vía Las Palmas,Apartamento,Nuevo,menor a 1 año,109.0,109.0,6.0,3,3,2,4,VIA LAS PALMAS,VIA LAS PALMAS,missing
El Poblado,Apartamento,Usado,16 a 30 años,7000.0,7000.0,4.0,2,3,1,7,EL POBLADO,EL POBLADO,missing
Loma de los bernal,Apartamento,Usado,1 a 8 años,94.0,94.0,5.0,2,3,1,3,LOMA DE LOS BERNAL,LOMA DE LOS BERNAL,missing
Calasanz,Apartamento,Usado,más de 30 años,75.0,75.0,4.0,2,3,1,7,CALASANZ,CALASANZ,missing
El tesoro,Apartamento,Usado,9 a 15 años,55.0,55.0,6.0,2,2,1,5,EL TESORO,EL TESORO,missing
La candelaria ,Apartamento,Usado,9 a 15 años,110.0,110.0,6.0,2,3,2,24,LA CANDELARIA,LA CANDELARIA,missing
Robledo,Apartamento,Usado,más de 30 años,48.0,48.0,3.0,1,2,0,2,ROBLEDO,ROBLEDO,2
Loma de los bernal,Apartamento,Usado,1 a 8 años,89.0,89.0,5.0,2,3,1,2,LOMA DE LOS BERNAL,LOMA DE LOS BERNAL,2
Laureles,Apartamento,Usado,1 a 8 años,88.0,88.0,5.0,3,3,1,8,LAURELES,LAURELES,missing
La america,Apartamento,Usado,más de 30 años,67.0,67.0,4.0,2,3,0,3,LA AMERICA,LA AMERICA,3+
Castilla,Casa,Usado,16 a 30 años,8500.0,8500.0,3.0,1,3,0,1,CASTILLA,CASTILLA,missing
Calasanz,Apartamento,Usado,1 a 8 años,72.0,72.0,4.0,2,3,1,10,CALASANZ,CALASANZ,missing
Calasanz,Casa,Usado,16 a 30 años,320.0,320.0,5.0,4,5,1,1,CALASANZ,CALASANZ,missing
Belén,Casa,Excelente estado,más de 30 años,200.0,160.0,5.0,4,4,1,1,BELEN,BELEN,missing
Barrio Cristóbal,Casa,Usado,más de 30 años,2049.0,2049.0,4.0,1,3,0,1,BARRIO CRISTOBAL,BARRIO CRISTOBAL,missing
Las palmas,Apartamento,Usado,9 a 15 años,70.0,70.0,6.0,2,2,1,3,LAS PALMAS,LAS PALMAS,3+
Calasanz,Apartamento,Usado,9 a 15 años,72.0,72.0,4.0,2,3,1,10,CALASANZ,CALASANZ,missing
El Poblado,Apartamento,Usado,16 a 30 años,59.0,59.0,4.0,3,3,1,5,EL POBLADO,EL POBLADO,3+
El Poblado,Apartamento,Usado,9 a 15 años,93.0,93.0,6.0,2,3,1,10,EL POBLADO,EL POBLADO,3+
Loma de los Gonzalez,Apartamento,Usado,1 a 8 años,104.0,104.0,5.0,3,3,2,12,LOMA DE LOS GONZALEZ,LOMA DE LOS GONZALEZ,3+
Belén Aliadas,Apartaestudio,Usado,1 a 8 años,32.0,32.0,4.0,1,1,0,4,BELEN ALIADAS,BELEN ALIADAS,3+
Loma de los bernal,Apartamento,Usado,1 a 8 años,120.0,120.0,5.0,2,2,1,2,LOMA DE LOS BERNAL,LOMA DE LOS BERNAL,2
Florida nueva,Apartamento,Usado,16 a 30 años,83.0,83.0,4.0,2,2,0,3,FLORIDA NUEVA,FLORIDA NUEVA,3+
Centro,Casa,Usado,más de 30 años,170.0,170.0,4.0,5,4,0,1,CENTRO,CENTRO,1
El Poblado,Apartaestudio,Usado,1 a 8 años,110.0,110.0,6.0,2,2,2,15,EL POBLADO,EL POBLADO,3+
Loma de los bernal,Apartamento,Usado,1 a 8 años,87.0,87.0,5.0,2,3,1,10,LOMA DE LOS BERNAL,LOMA DE LOS BERNAL,missing
Prado,Apartaestudio,Usado,más de 30 años,30.0,30.0,4.0,1,1,0,18,PRADO,PRADO,3+
San diego,Apartamento,Usado,más de 30 años,55.0,55.0,4.0,2,2,0,4,SAN DIEGO,SAN DIEGO,3+
Vía Las Palmas,Apartamento,Usado,1 a 8 años,70.0,70.0,6.0,2,2,1,10,VIA LAS PALMAS,VIA LAS PALMAS,missing
San diego,Apartamento,Usado,1 a 8 años,2594.0,2594.0,6.0,3,3,2,10,SAN DIEGO,SAN DIEGO,missing
San javier,Casa,Usado,menor a 1 año,90.0,90.0,3.0,3,3,0,1,SAN JAVIER,SAN JAVIER,missing
Miravalle,Apartamento,Usado,1 a 8 años,84.0,84.0,3.0,1,3,0,4,MIRAVALLE,OTROS,3+
Patio bonito,Apartamento,Usado,16 a 30 años,85.0,85.0,5.0,2,3,1,7,PATIO BONITO,PATIO BONITO,missing
Las palmas,Apartamento,Usado,1 a 8 años,73.0,73.0,6.0,2,2,1,10,LAS PALMAS,LAS PALMAS,missing
El Poblado,Apartamento,Usado,16 a 30 años,187.0,187.0,5.0,3,3,2,3,EL POBLADO,EL POBLADO,missing
Buenos aires,Casa,Usado,más de 30 años,120.0,120.0,3.0,2,4,0,2,BUENOS AIRES,BUENOS AIRES,2
Bosques de san pablo,Apartamento,Usado,1 a 8 años,50.0,50.0,3.0,1,1,1,4,BOSQUES DE SAN PABLO,BOSQUES DE SAN PABLO,missing
La america,Apartaestudio,Usado,más de 30 años,37.0,37.0,3.0,1,1,0,2,LA AMERICA,LA AMERICA,2
Laureles,Apartamento,Buen estado,16 a 30 años,72.0,72.0,4.0,2,3,1,2,LAURELES,LAURELES,2
Bolivariana,Apartamento,Nuevo,menor a 1 año,115.0,115.0,5.0,2,3,1,4,BOLIVARIANA,OTROS,missing
Calasanz parte alta,Apartamento,Usado,1 a 8 años,77.0,77.0,3.0,2,3,1,6,CALASANZ PARTE ALTA,CALASANZ PARTE ALTA,3+
Laureles,Apartamento,Usado,16 a 30 años,130.0,130.0,5.0,2,2,1,10,LAURELES,LAURELES,missing
Calasanz,Apartamento,Usado,9 a 15 años,48.0,48.0,3.0,1,1,0,8,CALASANZ,CALASANZ,3+
El Poblado,Apartamento,Usado,menor a 1 año,89.0,89.0,5.0,2,3,1,1,EL POBLADO,EL POBLADO,1
Centro,Apartamento,Usado,16 a 30 años,200.0,200.0,4.0,3,4,0,1,CENTRO,CENTRO,missing
Belén,Apartamento,Usado,más de 30 años,68.0,68.0,5.0,2,3,0,6,BELEN,BELEN,3+
Centro,Apartamento,Usado,16 a 30 años,56.0,56.0,4.0,2,2,0,6,CENTRO,CENTRO,3+
La linde,Apartamento,Usado,16 a 30 años,125.0,125.0,6.0,2,3,2,8,LA LINDE,LA LINDE,3+
Prado,Casa,Usado,16 a 30 años,405.0,405.0,4.0,4,5,0,1,PRADO,PRADO,missing
Conquistadores,Casa,Usado,1 a 8 años,308.0,308.0,5.0,2,4,2,1,CONQUISTADORES,CONQUISTADORES,1
Laureles,Apartamento,Usado,1 a 8 años,500.0,500.0,5.0,5,6,2,8,LAURELES,LAURELES,3+
Calasanz,Apartamento,Usado,16 a 30 años,67.0,67.0,3.0,2,3,1,5,CALASANZ,CALASANZ,missing
San miguel,Apartaestudio,Usado,más de 30 años,200.0,200.0,3.0,3,4,0,1,SAN MIGUEL,OTROS,1
El Poblado,Apartamento,Usado,9 a 15 años,74.0,74.0,6.0,2,2,1,9,EL POBLADO,EL POBLADO,missing
Boston,Casa,Usado,16 a 30 años,120.0,120.0,3.0,3,5,0,1,BOSTON,BOSTON,1
El Poblado,Apartamento,Buen estado,1 a 8 años,85.0,85.0,6.0,2,2,2,4,EL POBLADO,EL POBLADO,3+
Altos del poblado,Apartamento,Usado,1 a 8 años,78.0,78.0,6.0,2,2,1,9,ALTOS DEL POBLADO,ALTOS DEL POBLADO,missing
Prado,Casa,Usado,16 a 30 años,330.0,330.0,4.0,6,12,0,1,PRADO,PRADO,1
Castropol,Apartamento,Usado,9 a 15 años,130.0,130.0,6.0,2,3,2,5,CASTROPOL,CASTROPOL,missing
Buenos aires,Apartaestudio,Usado,1 a 8 años,25.0,25.0,3.0,1,1,0,5,BUENOS AIRES,BUENOS AIRES,3+
Cola del Zorro,Apartaestudio,Usado,1 a 8 años,59.0,58.0,6.0,2,1,1,4,COLA DEL ZORRO,COLA DEL ZORRO,missing
Laureles,Apartamento,Usado,menor a 1 año,215.0,215.0,5.0,4,4,1,4,LAURELES,LAURELES,missing
San diego,Apartamento,Usado,1 a 8 años,78.0,78.0,4.0,2,3,1,5,SAN DIEGO,SAN DIEGO,missing
Calasanz,Apartamento,Usado,más de 30 años,53.0,53.0,4.0,2,3,0,18,CALASANZ,CALASANZ,3+
Robledo,Apartamento,Usado,más de 30 años,54.0,54.0,3.0,2,3,1,3,ROBLEDO,ROBLEDO,3+
Laureles,Apartamento,Buen estado,16 a 30 años,64.0,64.0,5.0,2,2,0,2,LAURELES,LAURELES,2
Belén,Apartamento,Usado,más de 30 años,55.0,55.0,3.0,2,3,0,5,BELEN,BELEN,3+
Alejandro echavarria,Casa,Usado,más de 30 años,105.0,105.0,3.0,2,3,0,1,ALEJANDRO ECHAVARRIA,OTROS,missing
Las palmas,Apartamento,Usado,16 a 30 años,80.0,80.0,4.0,2,3,1,13,LAS PALMAS,LAS PALMAS,3+
Las palmas,Apartamento,Usado,1 a 8 años,110.0,110.0,6.0,2,3,1,24,LAS PALMAS,LAS PALMAS,missing
La Florida,Apartamento,Nuevo,menor a 1 año,140.0,140.0,6.0,3,2,2,5,LA FLORIDA,OTROS,missing
Guayabal,Apartamento,Usado,1 a 8 años,90.0,90.0,4.0,2,3,1,8,GUAYABAL,GUAYABAL,3+
Alfonso lopez,Apartamento,Usado,1 a 8 años,78.0,78.0,3.0,2,3,0,5,ALFONSO LOPEZ,ALFONSO LOPEZ,missing
Belen Alameda,Casa,Usado,más de 30 años,324.0,324.0,5.0,5,5,1,1,BELEN ALAMEDA,BELEN ALAMEDA,1
Cristo rey,Apartamento,Usado,9 a 15 años,72.0,72.0,4.0,2,3,1,10,CRISTO REY,CRISTO REY,missing
Vía Las Palmas,Apartamento,Usado,9 a 15 años,7000.0,7000.0,6.0,2,3,1,7,VIA LAS PALMAS,VIA LAS PALMAS,missing
El Poblado,Apartamento,Usado,16 a 30 años,67.0,67.0,5.0,2,2,1,16,EL POBLADO,EL POBLADO,3+
Laureles,Apartamento,Usado,más de 30 años,52.0,52.0,5.0,2,1,1,7,LAURELES,LAURELES,missing
Laureles,Apartamento,Usado,9 a 15 años,55.0,55.0,5.0,1,1,1,1,LAURELES,LAURELES,missing
El Poblado,Apartamento,Usado,1 a 8 años,4600.0,4600.0,4.0,2,1,1,8,EL POBLADO,EL POBLADO,missing
Calasanz,Casa,Usado,16 a 30 años,280.0,280.0,5.0,4,6,1,1,CALASANZ,CALASANZ,1
Calasanz,Apartamento,Usado,9 a 15 años,72.0,72.0,4.0,2,2,1,9,CALASANZ,CALASANZ,missing
Laureles,Casa,Buen estado,más de 30 años,170.0,170.0,5.0,3,3,0,2,LAURELES,LAURELES,2
Laureles,Apartamento,Usado,9 a 15 años,150.0,150.0,5.0,3,3,2,3,LAURELES,LAURELES,3+
Los colores,Apartamento,Usado,1 a 8 años,130.0,130.0,4.0,3,3,1,1,LOS COLORES,LOS COLORES,1
El Poblado,Apartamento,Usado,16 a 30 años,50.0,50.0,4.0,1,2,1,14,EL POBLADO,EL POBLADO,3+
Belén Rosales,Casa,Usado,1 a 8 años,80.0,80.0,5.0,1,3,0,1,BELEN ROSALES,BELEN ROSALES,1
Vía Las Palmas,Apartamento,Usado,9 a 15 años,92.0,92.0,6.0,2,3,2,6,VIA LAS PALMAS,VIA LAS PALMAS,missing
Laureles,Apartamento,Usado,16 a 30 años,66.0,66.0,4.0,2,2,1,1,LAURELES,LAURELES,1
El Diamante,Casa,Usado,16 a 30 años,120.0,120.0,3.0,1,3,0,1,EL DIAMANTE,OTROS,1
Centro,Apartamento,Usado,1 a 8 años,46.0,46.0,4.0,1,1,0,2,CENTRO,CENTRO,missing
Belén,Apartamento,Usado,16 a 30 años,130.0,130.0,4.0,2,3,1,5,BELEN,BELEN,missing
Belén Los Alpes,Apartamento,Usado,1 a 8 años,32.0,32.0,4.0,1,1,0,4,BELEN LOS ALPES,BELEN LOS ALPES,3+
El Poblado,Apartamento,Buen estado,16 a 30 años,90.0,90.0,5.0,3,3,1,2,EL POBLADO,EL POBLADO,2
Prado,Apartamento,Excelente estado,1 a 8 años,160.0,160.0,4.0,3,3,0,3,PRADO,PRADO,missing
Vía Las Palmas,Apartamento,Usado,1 a 8 años,12000.0,12000.0,6.0,3,2,2,8,VIA LAS PALMAS,VIA LAS PALMAS,missing
Belén,Apartamento,Usado,16 a 30 años,80.0,80.0,4.0,3,3,1,3,BELEN,BELEN,3+
Belén,Casa,Usado,9 a 15 años,90.0,90.0,4.0,3,3,1,1,BELEN,BELEN,missing
Conquistadores,Casa,Usado,1 a 8 años,118.0,118.0,5.0,2,3,2,1,CONQUISTADORES,CONQUISTADORES,missing
Laureles,Casa,Buen estado,menor a 1 año,570.0,570.0,5.0,9,9,0,1,LAURELES,LAURELES,1
La floresta,Casa,Usado,1 a 8 años,135.0,135.0,4.0,5,6,1,1,LA FLORESTA,LA FLORESTA,missing
El tesoro,Apartamento,Usado,1 a 8 años,153.0,153.0,6.0,3,2,2,4,EL TESORO,EL TESORO,3+
Belén San Bernardo,Casa,Usado,16 a 30 años,80.0,80.0,3.0,2,3,0,1,BELEN SAN BERNARDO,BELEN SAN BERNARDO,1
La candelaria,Apartamento,Usado,9 a 15 años,160.0,160.0,6.0,4,3,2,4,LA CANDELARIA,LA CANDELARIA,missing
Los colores,Apartamento,Usado,9 a 15 años,75.0,75.0,4.0,2,3,1,7,LOS COLORES,LOS COLORES,missing
Castropol,Apartamento,Usado,1 a 8 años,96.0,96.0,6.0,3,3,2,11,CASTROPOL,CASTROPOL,3+
El Poblado,Apartamento,Usado,16 a 30 años,38.0,38.0,6.0,1,1,0,2,EL POBLADO,EL POBLADO,missing
El Poblado,Apartamento,Usado,16 a 30 años,88.0,88.0,6.0,2,2,1,6,EL POBLADO,EL POBLADO,3+
Las palmas,Apartamento,Usado,9 a 15 años,65.0,65.0,6.0,2,2,1,5,LAS PALMAS,LAS PALMAS,missing
El Poblado,Apartamento,Usado,16 a 30 años,86.0,86.0,5.0,2,3,1,3,EL POBLADO,EL POBLADO,missing
La candelaria ,Apartamento,Excelente estado,1 a 8 años,90.0,90.0,5.0,2,3,1,4,LA CANDELARIA,LA CANDELARIA,missing
El Poblado,Apartamento,Usado,16 a 30 años,5000.0,5000.0,4.0,2,2,1,8,EL POBLADO,EL POBLADO,missing
Loma de los bernal,Apartamento,Usado,16 a 30 años,60.0,60.0,4.0,2,2,1,6,LOMA DE LOS BERNAL,LOMA DE LOS BERNAL,missing
Los cerros - el vergel,Apartamento,Usado,16 a 30 años,5000.0,5000.0,3.0,1,2,0,7,LOS CERROS - EL VERGEL,OTROS,missing
Conquistadores,Apartamento,Usado,1 a 8 años,88.0,88.0,5.0,2,2,1,13,CONQUISTADORES,CONQUISTADORES,missing
El Poblado,Apartamento,Usado,menor a 1 año,90.0,90.0,5.0,3,3,2,14,EL POBLADO,EL POBLADO,3+
El Poblado,Apartamento,Usado,1 a 8 años,108.0,108.0,6.0,3,3,1,6,EL POBLADO,EL POBLADO,missing
Laureles,Apartamento,Usado,16 a 30 años,300.0,300.0,5.0,5,5,2,1,LAURELES,LAURELES,missing
Las palmas,Apartamento,Usado,1 a 8 años,73.0,73.0,5.0,2,2,1,10,LAS PALMAS,LAS PALMAS,missing
Centro,Apartamento,Usado,16 a 30 años,50.0,50.0,4.0,2,2,0,5,CENTRO,CENTRO,3+
San diego,Casa,Usado,1 a 8 años,45.0,45.0,3.0,2,2,0,1,SAN DIEGO,SAN DIEGO,missing
El Poblado,Apartaestudio,Usado,más de 30 años,50.0,50.0,5.0,1,1,0,12,EL POBLADO,EL POBLADO,3+
Loma del Indio,Apartamento,Usado,9 a 15 años,80.0,80.0,6.0,2,3,1,18,LOMA DEL INDIO,LOMA DEL INDIO,3+
La Almeria,Casa,Usado,1 a 8 años,200.0,200.0,5.0,4,4,0,2,LA ALMERIA,LA ALMERIA,2
Laureles,Apartamento,Usado,16 a 30 años,42.0,42.0,3.0,1,3,0,3,LAURELES,LAURELES,3+
Robledo,Apartamento,Usado,más de 30 años,42.0,42.0,3.0,1,2,0,2,ROBLEDO,ROBLEDO,2
Conquistadores,Apartamento,Usado,más de 30 años,66.0,66.0,4.0,1,2,1,3,CONQUISTADORES,CONQUISTADORES,missing
Belén Las mercedes,Apartamento,Usado,16 a 30 años,60.0,60.0,3.0,1,2,0,4,BELEN LAS MERCEDES,BELEN LAS MERCEDES,3+
La america,Casa,Usado,menor a 1 año,150.0,150.0,4.0,3,6,0,1,LA AMERICA,LA AMERICA,missing
San diego,Apartamento,Usado,1 a 8 años,45.0,45.0,5.0,1,2,1,3,SAN DIEGO,SAN DIEGO,3+
El Poblado,Apartamento,Usado,16 a 30 años,90.0,90.0,5.0,2,3,2,18,EL POBLADO,EL POBLADO,3+
Belén Aliadas,Apartamento,Usado,1 a 8 años,65.0,65.0,5.0,2,2,0,5,BELEN ALIADAS,BELEN ALIADAS,missing
Los colores,Apartamento,Usado,9 a 15 años,60.0,60.0,5.0,2,3,1,10,LOS COLORES,LOS COLORES,missing
Aranjuez,Apartamento,Usado,16 a 30 años,50.0,50.0,2.0,2,3,0,4,ARANJUEZ,ARANJUEZ,missing
Belén Los Alpes,Apartamento,Usado,9 a 15 años,67.0,67.0,3.0,1,3,1,5,BELEN LOS ALPES,BELEN LOS ALPES,missing
Boston,Casa,Usado,16 a 30 años,140.0,140.0,3.0,2,5,0,2,BOSTON,BOSTON,2
Loma del Indio,Apartamento,Usado,1 a 8 años,79.0,79.0,6.0,2,2,2,12,LOMA DEL INDIO,LOMA DEL INDIO,3+
Rodeo Alto,Apartamento,Usado,9 a 15 años,55.0,55.0,4.0,2,2,1,5,RODEO ALTO,RODEO ALTO,missing
Laureles,Apartaestudio,Buen estado,9 a 15 años,50.0,50.0,5.0,1,1,0,3,LAURELES,LAURELES,3+
El Poblado,Apartamento,Usado,9 a 15 años,147.0,147.0,4.0,3,2,2,6,EL POBLADO,EL POBLADO,missing
Belén,Apartamento,Usado,1 a 8 años,74.0,74.0,3.0,2,4,0,3,BELEN,BELEN,3+
Vía Las Palmas,Apartamento,Nuevo,menor a 1 año,170.0,170.0,6.0,5,3,2,5,VIA LAS PALMAS,VIA LAS PALMAS,missing
Loma del Indio,Apartamento,Usado,1 a 8 años,102.4,102.4,6.0,2,3,1,5,LOMA DEL INDIO,LOMA DEL INDIO,missing
Buenos aires,Apartaestudio,Usado,16 a 30 años,3500.0,3500.0,3.0,1,1,0,1,BUENOS AIRES,BUENOS AIRES,1
El Poblado,Casa,Buen estado,16 a 30 años,367.0,367.0,6.0,1,3,3,1,EL POBLADO,EL POBLADO,1
El Poblado,Apartamento,Usado,9 a 15 años,60.0,60.0,4.0,2,2,1,6,EL POBLADO,EL POBLADO,missing
El Poblado,Apartamento,Usado,más de 30 años,43.0,43.0,4.0,1,2,0,15,EL POBLADO,EL POBLADO,3+
Loma de los bernal,Apartamento,Usado,9 a 15 años,72.0,72.0,4.0,2,3,1,3,LOMA DE LOS BERNAL,LOMA DE LOS BERNAL,3+
Colon ,Apartamento,Usado,1 a 8 años,40.0,40.0,3.0,1,1,0,6,COLON,COLON,3+
Los colores,Apartamento,Usado,1 a 8 años,64.0,64.0,4.0,2,2,1,14,LOS COLORES,LOS COLORES,3+
Laureles,Apartamento,Nuevo,menor a 1 año,56.0,56.0,5.0,2,1,1,3,LAURELES,LAURELES,missing
El Poblado,Apartamento,Excelente estado,1 a 8 años,101.0,68.0,4.0,1,1,1,1,EL POBLADO,EL POBLADO,missing
San german,Apartamento,Usado,1 a 8 años,75.0,75.0,4.0,2,3,1,7,SAN GERMAN,SAN GERMAN,missing
Buenos aires,Apartaestudio,Usado,más de 30 años,18.0,18.0,3.0,1,1,0,6,BUENOS AIRES,BUENOS AIRES,3+
Robledo,Apartamento,Usado,1 a 8 años,55.0,55.0,3.0,2,2,1,5,ROBLEDO,ROBLEDO,missing
Aranjuez,Apartamento,Usado,1 a 8 años,74.0,74.0,3.0,1,2,0,2,ARANJUEZ,ARANJUEZ,2
El Poblado,Apartamento,Usado,más de 30 años,70.0,70.0,5.0,2,3,0,3,EL POBLADO,EL POBLADO,missing
El Poblado,Apartamento,Usado,1 a 8 años,9900.0,9900.0,6.0,3,2,2,8,EL POBLADO,EL POBLADO,missing
Calasanz,Apartamento,Usado,9 a 15 años,72.0,72.0,4.0,2,3,0,10,CALASANZ,CALASANZ,missing
Estadio,Apartamento,Usado,1 a 8 años,120.0,120.0,5.0,3,3,1,2,ESTADIO,ESTADIO,missing
Laureles,Apartamento,Usado,1 a 8 años,90.0,90.0,4.0,2,3,1,12,LAURELES,LAURELES,3+
San diego,Apartamento,Usado,1 a 8 años,102.4,102.4,5.0,2,3,1,5,SAN DIEGO,SAN DIEGO,missing
El Poblado,Apartamento,Excelente estado,16 a 30 años,50.0,50.0,6.0,2,2,1,8,EL POBLADO,EL POBLADO,missing
Laureles,Apartamento,Usado,16 a 30 años,129.0,129.0,5.0,2,3,2,6,LAURELES,LAURELES,missing
Loma del Indio,Apartamento,Usado,9 a 15 años,68.0,68.0,5.0,2,2,1,1,LOMA DEL INDIO,LOMA DEL INDIO,1
Bombona no1,Apartamento,Usado,menor a 1 año,40.0,40.0,4.0,1,2,0,3,BOMBONA NO1,BOMBONA NO1,missing
Laureles,Casa,Usado,9 a 15 años,65.0,65.0,6.0,1,2,0,1,LAURELES,LAURELES,missing
Las palmas,Apartamento,Usado,más de 30 años,35.0,35.0,3.0,1,2,0,1,LAS PALMAS,LAS PALMAS,1
Las palmas,Apartamento,Usado,16 a 30 años,80.0,80.0,5.0,3,3,1,8,LAS PALMAS,LAS PALMAS,3+
Laureles,Apartamento,Nuevo,menor a 1 año,98.0,98.0,5.0,2,3,1,5,LAURELES,LAURELES,missing
San cristobal,Apartaestudio,Usado,16 a 30 años,35.0,35.0,3.0,1,1,1,1,SAN CRISTOBAL,SAN CRISTOBAL,1
La candelaria,Apartaestudio,Usado,16 a 30 años,30.0,30.0,4.0,1,1,0,11,LA CANDELARIA,LA CANDELARIA,3+
Loreto,Apartamento,Usado,16 a 30 años,40.0,40.0,2.0,1,2,0,3,LORETO,LORETO,missing
Calasanz,Apartamento,Usado,menor a 1 año,47.0,47.0,4.0,2,2,1,13,CALASANZ,CALASANZ,missing
Asomadera no2,Apartamento,Usado,1 a 8 años,70.0,70.0,5.0,2,2,1,10,ASOMADERA NO2,ASOMADERA NO2,missing
El Poblado,Apartamento,Usado,1 a 8 años,148.0,148.0,6.0,3,3,2,5,EL POBLADO,EL POBLADO,missing
Santa Mónica,Apartamento,Usado,menor a 1 año,92.0,92.0,4.0,3,3,0,2,SANTA MONICA,SANTA MONICA,2
Rodeo Alto,Apartamento,Usado,1 a 8 años,70.0,70.0,3.0,2,3,1,4,RODEO ALTO,RODEO ALTO,3+
Altos del poblado,Apartamento,Usado,1 a 8 años,75.0,75.0,4.0,2,2,1,2,ALTOS DEL POBLADO,ALTOS DEL POBLADO,missing
Laureles,Apartamento,Usado,16 a 30 años,150.0,150.0,5.0,3,3,0,3,LAURELES,LAURELES,missing
Belen La Palma,Apartaestudio,Usado,1 a 8 años,42.0,42.0,4.0,1,1,1,5,BELEN LA PALMA,BELEN LA PALMA,missing
El salvador,Apartamento,Usado,16 a 30 años,200.0,200.0,3.0,1,3,0,3,EL SALVADOR,EL SALVADOR,3+
El Poblado,Apartamento,Usado,16 a 30 años,52.0,52.0,4.0,1,2,1,3,EL POBLADO,EL POBLADO,missing
Calasanz,Apartamento,Usado,16 a 30 años,75.0,75.0,3.0,1,2,1,3,CALASANZ,CALASANZ,missing
Laureles,Apartamento,Usado,16 a 30 años,120.0,120.0,5.0,3,3,1,2,LAURELES,LAURELES,missing
El Poblado,Apartamento,Usado,1 a 8 años,92.0,92.0,6.0,3,2,2,2,EL POBLADO,EL POBLADO,missing
Castilla,Apartamento,Usado,16 a 30 años,4000.0,4000.0,2.0,1,1,0,2,CASTILLA,CASTILLA,missing
El Poblado,Apartamento,Usado,1 a 8 años,200.0,200.0,6.0,3,2,1,1,EL POBLADO,EL POBLADO,1
Belén Rincón,Casa,Usado,16 a 30 años,90.0,90.0,3.0,2,5,0,1,BELEN RINCON,BELEN RINCON,1
Belén,Apartamento,Usado,16 a 30 años,62.0,62.0,4.0,2,2,1,5,BELEN,BELEN,missing
Buenos aires,Apartamento,Usado,16 a 30 años,80.0,80.0,3.0,2,4,0,2,BUENOS AIRES,BUENOS AIRES,2
Belén,Apartamento,Usado,16 a 30 años,133.0,133.0,5.0,3,3,1,2,BELEN,BELEN,missing
Centro,Apartaestudio,Usado,más de 30 años,35.0,35.0,3.0,1,1,0,6,CENTRO,CENTRO,3+
La floresta,Apartamento,Usado,16 a 30 años,60.0,60.0,4.0,2,2,1,6,LA FLORESTA,LA FLORESTA,missing
Prado,Apartaestudio,Usado,1 a 8 años,40.0,40.0,4.0,1,1,1,2,PRADO,PRADO,missing
El Poblado,Apartamento,Buen estado,más de 30 años,180.0,180.0,6.0,1,3,2,2,EL POBLADO,EL POBLADO,2
Belén Fatima,Apartamento,Usado,1 a 8 años,70.0,70.0,5.0,2,3,1,3,BELEN FATIMA,BELEN FATIMA,3+
Robledo,Apartamento,Usado,menor a 1 año,62.0,62.0,4.0,2,2,1,5,ROBLEDO,ROBLEDO,missing
Patio bonito,Apartamento,Usado,1 a 8 años,56.0,56.0,6.0,2,1,1,3,PATIO BONITO,PATIO BONITO,missing
Guayabal,Casa,Usado,16 a 30 años,178.0,178.0,4.0,3,4,1,1,GUAYABAL,GUAYABAL,missing
Belén,Casa,Usado,16 a 30 años,205.0,205.0,5.0,4,5,1,1,BELEN,BELEN,missing
Calasanz,Apartamento,Usado,1 a 8 años,77.0,77.0,5.0,2,3,1,18,CALASANZ,CALASANZ,3+
El Poblado,Apartamento,Usado,16 a 30 años,75.0,75.0,4.0,2,2,1,2,EL POBLADO,EL POBLADO,missing
El Poblado,Apartamento,Usado,16 a 30 años,67.0,67.0,5.0,2,3,1,18,EL POBLADO,EL POBLADO,3+
El Poblado,Apartamento,Buen estado,16 a 30 años,115.0,115.0,6.0,2,3,1,4,EL POBLADO,EL POBLADO,3+
La candelaria ,Casa,Usado,1 a 8 años,350.0,350.0,5.0,6,4,0,3,LA CANDELARIA,LA CANDELARIA,3+
Boston,Apartamento,Nuevo,menor a 1 año,44.0,44.0,4.0,1,1,0,2,BOSTON,BOSTON,missing
El Poblado,Apartamento,Buen estado,16 a 30 años,76.0,76.0,5.0,2,3,1,13,EL POBLADO,EL POBLADO,3+
El Diamante 2,Apartamento,Usado,9 a 15 años,207.0,207.0,6.0,4,3,2,3,EL DIAMANTE 2,OTROS,missing
Laureles,Apartamento,Usado,16 a 30 años,55.0,55.0,5.0,1,1,1,1,LAURELES,LAURELES,missing
Laureles,Apartamento,Usado,16 a 30 años,49.0,49.0,2.0,1,2,0,1,LAURELES,LAURELES,1
Los Balsos,Apartamento,Usado,1 a 8 años,86.0,86.0,5.0,2,3,1,3,LOS BALSOS,LOS BALSOS,missing
San german,Casa,Usado,9 a 15 años,160.0,160.0,4.0,3,4,1,1,SAN GERMAN,SAN GERMAN,missing
Prado,Casa,Usado,más de 30 años,300.0,300.0,6.0,4,4,1,2,PRADO,PRADO,2
Villa hermosa,Apartaestudio,Usado,menor a 1 año,20.0,20.0,2.0,1,1,0,2,VILLA HERMOSA,VILLA HERMOSA,missing
El chagualo,Apartamento,Usado,1 a 8 años,43.0,433.0,3.0,3,3,0,3,EL CHAGUALO,EL CHAGUALO,3+
El Poblado,Apartamento,Usado,16 a 30 años,115.0,115.0,4.0,3,3,2,11,EL POBLADO,EL POBLADO,3+
Castropol,Apartamento,Usado,1 a 8 años,104.0,104.0,6.0,3,3,0,13,CASTROPOL,CASTROPOL,3+
Laureles,Apartamento,Usado,16 a 30 años,90.0,90.0,5.0,2,3,0,4,LAURELES,LAURELES,missing
Vía Las Palmas,Apartamento,Buen estado,16 a 30 años,86.0,86.0,4.0,2,3,1,1,VIA LAS PALMAS,VIA LAS PALMAS,1
Loma del Indio,Apartamento,Buen estado,16 a 30 años,57.0,57.0,5.0,2,3,1,5,LOMA DEL INDIO,LOMA DEL INDIO,missing
El chagualo,Apartamento,Nuevo,menor a 1 año,58.0,58.0,3.0,1,2,0,5,EL CHAGUALO,EL CHAGUALO,missing
Laureles,Apartamento,Usado,menor a 1 año,80.0,80.0,5.0,1,2,1,2,LAURELES,LAURELES,2
Calasanz,Apartamento,Usado,1 a 8 años,58.0,58.0,4.0,2,3,1,18,CALASANZ,CALASANZ,3+
El Poblado,Apartamento,Usado,1 a 8 años,114.0,114.0,6.0,3,2,2,3,EL POBLADO,EL POBLADO,missing
Laureles,Apartamento,Usado,16 a 30 años,128.0,128.0,5.0,3,3,1,6,LAURELES,LAURELES,3+
Loma del Indio,Apartamento,Usado,1 a 8 años,62.0,62.0,5.0,2,2,1,18,LOMA DEL INDIO,LOMA DEL INDIO,3+
Belen La Palma,Apartamento,Usado,1 a 8 años,70.0,70.0,4.0,3,2,1,5,BELEN LA PALMA,BELEN LA PALMA,3+
El Poblado,Apartamento,Buen estado,16 a 30 años,69.0,69.0,5.0,2,3,1,8,EL POBLADO,EL POBLADO,3+
Robledo,Apartamento,Usado,más de 30 años,75.0,75.0,4.0,2,2,0,5,ROBLEDO,ROBLEDO,3+
Belén Los Alpes,Apartamento,Usado,9 a 15 años,100.0,100.0,4.0,2,3,1,3,BELEN LOS ALPES,BELEN LOS ALPES,3+
Rodeo Alto,Apartamento,Excelente estado,1 a 8 años,62.0,62.0,4.0,2,2,1,5,RODEO ALTO,RODEO ALTO,missing
La floresta,Casa,Usado,16 a 30 años,120.0,120.0,3.0,2,4,0,2,LA FLORESTA,LA FLORESTA,2
Colasania,Apartamento,Usado,9 a 15 años,65.0,65.0,4.0,2,2,1,9,COLASANIA,COLASANIA,3+
Laureles,Apartaestudio,Usado,16 a 30 años,48.0,48.0,2.0,1,1,0,1,LAURELES,LAURELES,1
Belén San Bernardo,Apartaestudio,Usado,16 a 30 años,55.0,55.0,2.0,1,2,0,2,BELEN SAN BERNARDO,BELEN SAN BERNARDO,2
Laureles,Apartamento,Usado,16 a 30 años,90.0,90.0,4.0,2,3,0,3,LAURELES,LAURELES,3+
Las palmas,Apartamento,Usado,1 a 8 años,85.0,85.0,6.0,2,2,1,6,LAS PALMAS,LAS PALMAS,missing
Belencito,Apartamento,Usado,1 a 8 años,85.0,85.0,3.0,2,3,0,7,BELENCITO,BELENCITO,missing
Belen La Palma,Apartamento,Usado,1 a 8 años,72.0,72.0,5.0,3,2,1,5,BELEN LA PALMA,BELEN LA PALMA,3+
Belén,Apartamento,Usado,16 a 30 años,82.0,82.0,5.0,2,3,1,6,BELEN,BELEN,missing
El Poblado,Apartamento,Usado,menor a 1 año,121.0,121.0,5.0,4,3,2,16,EL POBLADO,EL POBLADO,missing
La floresta,Casa,Usado,16 a 30 años,620.0,620.0,4.0,4,7,1,1,LA FLORESTA,LA FLORESTA,missing
Villa hermosa,Apartaestudio,Usado,9 a 15 años,30.0,30.0,3.0,1,1,0,3,VILLA HERMOSA,VILLA HERMOSA,missing
Loma del Indio,Apartamento,Usado,1 a 8 años,102.4,102.4,5.0,2,3,1,5,LOMA DEL INDIO,LOMA DEL INDIO,missing
Pantanillo,Casa,Nuevo,1 a 8 años,765.0,14770.0,6.0,6,6,2,2,PANTANILLO,OTROS,2
Robledo,Apartaestudio,Usado,más de 30 años,35.0,35.0,2.0,1,1,0,3,ROBLEDO,ROBLEDO,3+
Calasanz,Apartamento,Usado,1 a 8 años,73.0,73.0,4.0,2,2,1,10,CALASANZ,CALASANZ,missing
Belén,Casa,Usado,16 a 30 años,100.0,100.0,3.0,2,3,0,1,BELEN,BELEN,1
El Poblado,Apartamento,Buen estado,más de 30 años,129.0,129.0,6.0,3,3,2,2,EL POBLADO,EL POBLADO,2
Laureles,Apartamento,Usado,16 a 30 años,70.0,70.0,5.0,2,2,0,2,LAURELES,LAURELES,2
Calasanz,Apartamento,Usado,1 a 8 años,85.0,85.0,5.0,3,2,0,18,CALASANZ,CALASANZ,3+
Belén,Casa,Usado,16 a 30 años,220.0,220.0,4.0,4,4,2,1,BELEN,BELEN,missing
Altos del poblado,Apartamento,Usado,1 a 8 años,161.0,161.0,6.0,4,3,2,4,ALTOS DEL POBLADO,ALTOS DEL POBLADO,missing
Santa lucia,Apartamento,Nuevo,menor a 1 año,70.0,70.0,5.0,2,2,1,10,SANTA LUCIA,SANTA LUCIA,missing
Calasanz,Apartamento,Usado,1 a 8 años,56.0,56.0,3.0,2,2,0,6,CALASANZ,CALASANZ,missing
El Poblado,Apartamento,Usado,más de 30 años,84.0,84.0,5.0,2,3,0,6,EL POBLADO,EL POBLADO,3+
El Poblado,Apartamento,Usado,16 a 30 años,57.0,57.0,4.0,2,2,1,10,EL POBLADO,EL POBLADO,missing
El Poblado,Apartamento,Usado,16 a 30 años,38.0,38.0,6.0,1,1,1,2,EL POBLADO,EL POBLADO,missing
Santa maria de los angeles,Apartamento,Usado,16 a 30 años,140.0,140.0,6.0,4,3,2,9,SANTA MARIA DE LOS ANGELES,SANTA MARIA DE LOS ANGELES,missing
Laureles,Casa,Usado,16 a 30 años,240.0,240.0,5.0,4,2,1,2,LAURELES,LAURELES,2
El Poblado,Apartamento,Excelente estado,1 a 8 años,155.0,155.0,6.0,4,2,2,18,EL POBLADO,EL POBLADO,3+
Vía Las Palmas,Apartamento,Usado,1 a 8 años,9000.0,9000.0,6.0,2,3,1,5,VIA LAS PALMAS,VIA LAS PALMAS,missing
Aranjuez,Casa,Usado,más de 30 años,370.0,370.0,3.0,3,5,0,4,ARANJUEZ,ARANJUEZ,3+
El Poblado,Apartamento,Usado,16 a 30 años,200.0,200.0,6.0,4,3,3,10,EL POBLADO,EL POBLADO,3+
Conquistadores,Apartamento,Usado,1 a 8 años,129.0,129.0,5.0,2,3,0,6,CONQUISTADORES,CONQUISTADORES,missing
Nueva villa de aburra,Apartamento,Usado,16 a 30 años,234.0,134.0,5.0,2,3,1,1,NUEVA VILLA DE ABURRA,OTROS,1
El Poblado,Apartamento,Buen estado,16 a 30 años,52.0,52.0,6.0,2,2,1,12,EL POBLADO,EL POBLADO,3+
Santa rosa de lima,Apartaestudio,Usado,1 a 8 años,30.0,30.0,3.0,1,1,0,3,SANTA ROSA DE LIMA,SANTA ROSA DE LIMA,missing
Las brisas,Casa,Usado,16 a 30 años,6500.0,6500.0,3.0,1,3,0,1,LAS BRISAS,OTROS,missing
Calasanz,Apartamento,Usado,1 a 8 años,50.0,49.0,4.0,1,2,0,2,CALASANZ,CALASANZ,2
San javier,Apartamento,Usado,más de 30 años,55.0,55.0,3.0,1,3,0,1,SAN JAVIER,SAN JAVIER,1
Loma del Indio,Casa,Usado,9 a 15 años,100.0,100.0,4.0,3,3,1,1,LOMA DEL INDIO,LOMA DEL INDIO,1
Guayabal,Apartamento,Usado,16 a 30 años,75.0,75.0,3.0,2,3,0,2,GUAYABAL,GUAYABAL,2
Laureles,Casa,Buen estado,más de 30 años,300.0,300.0,6.0,2,5,0,2,LAURELES,LAURELES,2
Rodeo Alto,Apartamento,Usado,16 a 30 años,65.0,65.0,4.0,2,3,1,9,RODEO ALTO,RODEO ALTO,missing
El Poblado,Apartamento,Usado,16 a 30 años,140.0,140.0,6.0,5,3,2,7,EL POBLADO,EL POBLADO,missing
Calasanz,Apartaestudio,Usado,menor a 1 año,28.0,28.0,4.0,1,1,0,5,CALASANZ,CALASANZ,3+
La pilarica,Apartamento,Usado,1 a 8 años,87.0,87.0,3.0,2,3,0,10,LA PILARICA,LA PILARICA,missing
Laureles,Apartamento,Usado,1 a 8 años,71.0,71.0,4.0,2,2,1,12,LAURELES,LAURELES,missing
Laureles,Apartamento,Usado,16 a 30 años,78.0,78.0,4.0,2,3,1,5,LAURELES,LAURELES,missing
El Poblado,Apartamento,Usado,menor a 1 año,380.0,380.0,6.0,5,3,3,2,EL POBLADO,EL POBLADO,missing
Las palmas,Apartamento,Usado,1 a 8 años,75.0,75.0,5.0,2,3,1,7,LAS PALMAS,LAS PALMAS,missing
Calasanz parte alta,Apartamento,Usado,1 a 8 años,70.0,70.0,4.0,2,3,1,15,CALASANZ PARTE ALTA,CALASANZ PARTE ALTA,3+
El tesoro,Casa,Usado,16 a 30 años,280.0,280.0,6.0,4,4,1,3,EL TESORO,EL TESORO,3+
El Poblado,Apartamento,Buen estado,16 a 30 años,95.2,95.2,6.0,2,3,2,5,EL POBLADO,EL POBLADO,missing
Guayaquil,Apartamento,Usado,16 a 30 años,96.0,96.0,3.0,2,3,0,5,GUAYAQUIL,GUAYAQUIL,missing
El Poblado,Apartamento,Buen estado,9 a 15 años,85.0,85.0,6.0,2,3,1,18,EL POBLADO,EL POBLADO,3+
El Poblado,Apartaestudio,Buen estado,16 a 30 años,45.0,45.0,5.0,1,1,1,5,EL POBLADO,EL POBLADO,3+
Belen La Palma,Apartamento,Usado,1 a 8 años,70.0,70.0,4.0,2,3,0,3,BELEN LA PALMA,BELEN LA PALMA,missing
Laureles,Apartamento,Buen estado,16 a 30 años,135.0,135.0,5.0,3,3,0,2,LAURELES,LAURELES,2
El Poblado,Apartaestudio,Usado,1 a 8 años,200.0,200.0,6.0,2,1,2,6,EL POBLADO,EL POBLADO,3+
El Poblado,Apartamento,Usado,más de 30 años,65.0,65.0,5.0,2,3,1,9,EL POBLADO,EL POBLADO,missing
Laureles,Casa,Buen estado,1 a 8 años,300.0,300.0,5.0,2,5,0,2,LAURELES,LAURELES,2
El Poblado,Casa,Buen estado,más de 30 años,400.0,400.0,6.0,6,10,4,1,EL POBLADO,EL POBLADO,1
Las palmas,Casa,Usado,menor a 1 año,660.0,2000.0,6.0,8,4,2,1,LAS PALMAS,LAS PALMAS,missing
Guayabal,Casa,Usado,1 a 8 años,110.0,110.0,4.0,3,5,0,2,GUAYABAL,GUAYABAL,2
Prado,Apartaestudio,Usado,16 a 30 años,30.0,30.0,3.0,1,1,0,1,PRADO,PRADO,1
El Poblado,Apartamento,Usado,9 a 15 años,80.0,80.0,4.0,2,3,1,6,EL POBLADO,EL POBLADO,missing
Las palmas,Apartamento,Usado,menor a 1 año,76.0,76.0,6.0,2,3,1,4,LAS PALMAS,LAS PALMAS,missing
Ciudad del Río,Apartamento,Usado,1 a 8 años,52.0,52.0,6.0,2,1,1,7,CIUDAD DEL RIO,CIUDAD DEL RIO,missing
El Poblado,Apartamento,Usado,16 a 30 años,83.0,83.0,4.0,2,3,1,7,EL POBLADO,EL POBLADO,missing
Castropol,Apartamento,Usado,9 a 15 años,230.0,230.0,6.0,5,5,2,1,CASTROPOL,CASTROPOL,missing
Loma del Indio,Apartamento,Usado,16 a 30 años,87.0,87.0,5.0,3,3,2,11,LOMA DEL INDIO,LOMA DEL INDIO,3+
El Poblado,Apartamento,Usado,1 a 8 años,64.0,64.0,6.0,2,2,1,7,EL POBLADO,EL POBLADO,missing
Loma de los bernal,Casa,Usado,16 a 30 años,156.0,156.0,4.0,4,5,2,1,LOMA DE LOS BERNAL,LOMA DE LOS BERNAL,1
El Poblado,Apartamento,Usado,16 a 30 años,65.0,65.0,6.0,2,2,0,5,EL POBLADO,EL POBLADO,missing
Loma del Indio,Apartamento,Usado,1 a 8 años,75.0,75.0,4.0,2,3,1,24,LOMA DEL INDIO,LOMA DEL INDIO,3+
Boston,Apartaestudio,Usado,9 a 15 años,25.0,25.0,3.0,1,1,0,1,BOSTON,BOSTON,1
Laureles,Apartamento,Nuevo,menor a 1 año,108.0,108.0,5.0,3,3,1,6,LAURELES,LAURELES,missing
Laureles,Casa,Usado,1 a 8 años,72.0,72.0,3.0,2,3,0,1,LAURELES,LAURELES,missing
El Poblado,Apartamento,Usado,9 a 15 años,64.0,64.0,6.0,2,1,1,9,EL POBLADO,EL POBLADO,missing
El Poblado,Apartamento,Buen estado,16 a 30 años,90.0,90.0,6.0,2,3,2,10,EL POBLADO,EL POBLADO,3+
Belén,Apartamento,Excelente estado,16 a 30 años,108.0,108.0,4.0,3,3,2,6,BELEN,BELEN,missing
Loma De San Julian,Apartamento,Usado,16 a 30 años,65.0,65.0,5.0,2,3,1,6,LOMA DE SAN JULIAN,LOMA DE SAN JULIAN,3+
Guayabal,Casa,Usado,1 a 8 años,203.2,203.2,4.0,3,5,1,1,GUAYABAL,GUAYABAL,missing
San diego,Apartamento,Usado,1 a 8 años,87.0,87.0,6.0,2,3,1,10,SAN DIEGO,SAN DIEGO,missing
Ciudad del Río,Apartamento,Usado,menor a 1 año,90.8,90.8,5.0,2,2,1,9,CIUDAD DEL RIO,CIUDAD DEL RIO,missing
Villa hermosa,Casa,Usado,16 a 30 años,120.0,120.0,4.0,2,5,0,1,VILLA HERMOSA,VILLA HERMOSA,1
San german,Apartamento,Usado,1 a 8 años,79.0,79.0,4.0,2,3,0,18,SAN GERMAN,SAN GERMAN,3+
Robledo,Apartamento,Usado,16 a 30 años,83.0,83.0,5.0,2,3,1,4,ROBLEDO,ROBLEDO,3+
San javier,Apartamento,Usado,menor a 1 año,80.0,80.0,3.0,2,3,0,2,SAN JAVIER,SAN JAVIER,2
El Poblado,Apartamento,Usado,1 a 8 años,100.0,100.0,6.0,3,3,2,3,EL POBLADO,EL POBLADO,missing
Manrique,Apartamento,Usado,16 a 30 años,40.0,40.0,2.0,1,2,0,1,MANRIQUE,MANRIQUE,1
Belen La Palma,Apartamento,Usado,1 a 8 años,72.0,72.0,5.0,3,2,0,4,BELEN LA PALMA,BELEN LA PALMA,3+
Calasanz,Casa,Usado,16 a 30 años,100.0,100.0,4.0,3,3,0,1,CALASANZ,CALASANZ,missing
Laureles,Apartaestudio,Usado,16 a 30 años,55.0,55.0,5.0,1,1,1,2,LAURELES,LAURELES,2
San javier,Apartamento,Usado,menor a 1 año,60.0,60.0,3.0,1,2,0,2,SAN JAVIER,SAN JAVIER,2
Belén San Bernardo,Apartaestudio,Usado,16 a 30 años,45.0,45.0,3.0,1,1,0,3,BELEN SAN BERNARDO,BELEN SAN BERNARDO,3+
Las palmas,Apartamento,Usado,16 a 30 años,3000.0,3000.0,3.0,1,1,0,1,LAS PALMAS,LAS PALMAS,1
La america,Casa,Usado,más de 30 años,600.0,600.0,3.0,4,9,1,1,LA AMERICA,LA AMERICA,missing
Laureles,Casa,Usado,1 a 8 años,360.0,360.0,5.0,4,7,0,2,LAURELES,LAURELES,2
Belén San Bernardo,Apartaestudio,Usado,16 a 30 años,20.0,20.0,3.0,1,1,0,2,BELEN SAN BERNARDO,BELEN SAN BERNARDO,2
Santa Mónica,Casa,Usado,16 a 30 años,180.0,180.0,4.0,2,4,0,2,SANTA MONICA,SANTA MONICA,2
Ciudad del Río,Apartamento,Usado,menor a 1 año,116.0,116.0,5.0,3,3,2,3,CIUDAD DEL RIO,CIUDAD DEL RIO,missing
El Poblado,Apartamento,Buen estado,16 a 30 años,89.0,89.0,6.0,2,2,2,3,EL POBLADO,EL POBLADO,3+
Buenos aires,Casa,Usado,más de 30 años,75.0,75.0,3.0,2,3,0,1,BUENOS AIRES,BUENOS AIRES,1
El Poblado,Apartamento,Buen estado,más de 30 años,185.0,185.0,6.0,3,4,0,4,EL POBLADO,EL POBLADO,3+
Belén Fatima,Apartamento,Nuevo,menor a 1 año,87.0,87.0,4.0,2,4,1,9,BELEN FATIMA,BELEN FATIMA,missing
El Poblado,Apartamento,Usado,1 a 8 años,62.0,62.0,6.0,2,1,1,18,EL POBLADO,EL POBLADO,3+
Laureles,Apartamento,Usado,9 a 15 años,116.0,116.0,5.0,2,3,2,5,LAURELES,LAURELES,missing
Loma Del Campestre,Casa,Usado,más de 30 años,170.0,170.0,6.0,1,2,1,1,LOMA DEL CAMPESTRE,OTROS,missing
El velodromo,Casa,Usado,1 a 8 años,141.0,141.0,4.0,2,3,0,2,EL VELODROMO,EL VELODROMO,2
Belén Rincón,Apartamento,Usado,menor a 1 año,67.0,67.0,3.0,2,3,0,5,BELEN RINCON,BELEN RINCON,missing
Ciudad del Río,Apartaestudio,Usado,menor a 1 año,45.0,45.0,5.0,2,1,1,4,CIUDAD DEL RIO,CIUDAD DEL RIO,missing
El Poblado,Apartamento,Usado,16 a 30 años,121.0,121.0,5.0,2,3,2,5,EL POBLADO,EL POBLADO,missing
La pilarica,Apartamento,Usado,1 a 8 años,70.0,70.0,4.0,2,3,0,3,LA PILARICA,LA PILARICA,missing
Calasanz,Casa,Usado,1 a 8 años,162.6,162.6,4.0,3,3,3,1,CALASANZ,CALASANZ,1
La América,Casa,Usado,más de 30 años,150.0,150.0,4.0,4,1,0,1,LA AMERICA,LA AMERICA,1
Simon bolivar,Casa,Usado,más de 30 años,102.0,102.0,5.0,3,4,0,2,SIMON BOLIVAR,SIMON BOLIVAR,2
El velodromo,Casa,Usado,1 a 8 años,220.0,220.0,5.0,3,4,2,1,EL VELODROMO,EL VELODROMO,missing
Calasanz,Apartamento,Usado,1 a 8 años,62.0,62.0,4.0,2,2,1,5,CALASANZ,CALASANZ,missing
El Poblado,Apartamento,Usado,1 a 8 años,70.0,70.0,6.0,2,2,1,10,EL POBLADO,EL POBLADO,missing
El Poblado,Apartamento,Usado,9 a 15 años,70.0,70.0,5.0,2,3,1,3,EL POBLADO,EL POBLADO,3+
Belén Rosales,Apartamento,Usado,16 a 30 años,65.0,65.0,4.0,2,2,1,5,BELEN ROSALES,BELEN ROSALES,3+
Las palmas,Apartamento,Usado,16 a 30 años,81.0,81.0,5.0,2,3,0,10,LAS PALMAS,LAS PALMAS,3+
Calasanz,Apartamento,Usado,menor a 1 año,70.0,70.0,2.0,2,3,1,3,CALASANZ,CALASANZ,missing
Calasanz,Apartamento,Usado,1 a 8 años,95.0,95.0,5.0,2,3,1,5,CALASANZ,CALASANZ,3+
Robledo,Casa,Usado,más de 30 años,370.0,4200.0,4.0,6,7,7,3,ROBLEDO,ROBLEDO,3+
El Poblado,Apartamento,Usado,1 a 8 años,9600.0,9600.0,6.0,2,2,2,10,EL POBLADO,EL POBLADO,missing
Belen Las Playas,Apartaestudio,Nuevo,16 a 30 años,50.0,50.0,5.0,2,1,0,3,BELEN LAS PLAYAS,BELEN LAS PLAYAS,missing
Castropol,Apartamento,Usado,1 a 8 años,95.0,95.0,5.0,2,3,2,25,CASTROPOL,CASTROPOL,3+
El Poblado,Apartamento,Usado,16 a 30 años,76.0,76.0,4.0,2,3,1,4,EL POBLADO,EL POBLADO,missing
La pilarica,Apartamento,Usado,1 a 8 años,65.0,65.0,4.0,2,2,0,4,LA PILARICA,LA PILARICA,3+
San diego,Apartamento,Usado,1 a 8 años,65.0,65.0,6.0,2,3,1,9,SAN DIEGO,SAN DIEGO,missing
El chagualo,Apartamento,Usado,1 a 8 años,45.0,45.0,3.0,1,2,0,4,EL CHAGUALO,EL CHAGUALO,missing
Santa lucia,Apartamento,Usado,16 a 30 años,105.0,105.0,3.0,1,3,1,1,SANTA LUCIA,SANTA LUCIA,1
Belén,Apartamento,Usado,1 a 8 años,92.0,92.0,4.0,2,3,1,2,BELEN,BELEN,2
El tesoro,Casa,Usado,16 a 30 años,298.0,298.0,6.0,3,3,2,1,EL TESORO,EL TESORO,1
Loma del Indio,Apartamento,Usado,9 a 15 años,87.0,87.0,5.0,2,3,1,11,LOMA DEL INDIO,LOMA DEL INDIO,3+
San Pablo Guayabal,Casa,Usado,16 a 30 años,120.0,120.0,4.0,2,3,0,1,SAN PABLO GUAYABAL,OTROS,missing
Castropol,Apartamento,Usado,9 a 15 años,150.0,150.0,4.0,2,4,2,1,CASTROPOL,CASTROPOL,missing
Astorga,Apartamento,Usado,16 a 30 años,220.0,220.0,6.0,4,4,1,2,ASTORGA,ASTORGA,missing
Belén,Apartamento,Usado,16 a 30 años,45.0,45.0,4.0,2,1,0,4,BELEN,BELEN,missing
Laureles,Casa,Usado,16 a 30 años,600.0,600.0,6.0,5,25,2,1,LAURELES,LAURELES,missing
Laureles,Apartamento,Buen estado,9 a 15 años,92.0,92.0,5.0,2,3,1,9,LAURELES,LAURELES,3+
Centro,Apartaestudio,Usado,16 a 30 años,30.0,30.0,4.0,1,1,0,10,CENTRO,CENTRO,3+
Laureles,Apartamento,Nuevo,menor a 1 año,164.0,164.0,5.0,3,4,1,3,LAURELES,LAURELES,missing
Santa Mónica,Apartamento,Usado,16 a 30 años,77.0,77.0,4.0,2,3,1,5,SANTA MONICA,SANTA MONICA,3+
Prado,Apartamento,Usado,16 a 30 años,80.0,80.0,4.0,2,3,1,5,PRADO,PRADO,3+
Robledo,Apartamento,Usado,más de 30 años,78.0,78.0,3.0,2,3,0,4,ROBLEDO,ROBLEDO,3+
Suroriente,Casa,Usado,16 a 30 años,95.0,95.0,3.0,2,3,0,3,SURORIENTE,OTROS,3+
Los colores,Casa,Usado,menor a 1 año,160.0,160.0,5.0,3,5,1,1,LOS COLORES,LOS COLORES,missing
Buenos aires,Apartamento,Usado,menor a 1 año,70.0,70.0,4.0,2,3,0,8,BUENOS AIRES,BUENOS AIRES,3+
Laureles,Apartaestudio,Usado,1 a 8 años,40.0,40.0,3.0,2,1,1,1,LAURELES,LAURELES,missing
Calasanz,Apartamento,Usado,menor a 1 año,47.0,47.0,4.0,2,2,1,13,CALASANZ,CALASANZ,missing
Laureles,Casa,Usado,9 a 15 años,190.0,190.0,5.0,4,5,1,1,LAURELES,LAURELES,missing
San diego,Apartamento,Usado,1 a 8 años,44.0,44.0,5.0,1,2,1,1,SAN DIEGO,SAN DIEGO,missing
Las palmas,Apartamento,Usado,1 a 8 años,75.0,75.0,6.0,2,2,1,18,LAS PALMAS,LAS PALMAS,3+
El Poblado,Apartamento,Usado,1 a 8 años,320.0,320.0,6.0,2,3,1,5,EL POBLADO,EL POBLADO,3+
Simon bolivar,Casa,Usado,16 a 30 años,180.0,180.0,5.0,3,4,1,1,SIMON BOLIVAR,SIMON BOLIVAR,missing
Belén San Bernardo,Casa,Usado,16 a 30 años,170.0,170.0,3.0,2,4,0,1,BELEN SAN BERNARDO,BELEN SAN BERNARDO,1
Moravia,Apartamento,Buen estado,más de 30 años,100.0,100.0,3.0,2,4,0,2,MORAVIA,OTROS,2
El chagualo,Apartamento,Usado,1 a 8 años,60.0,60.0,3.0,2,2,0,6,EL CHAGUALO,EL CHAGUALO,missing
La candelaria,Apartaestudio,Usado,1 a 8 años,40.0,40.0,4.0,1,1,0,2,LA CANDELARIA,LA CANDELARIA,missing
El Poblado,Apartamento,Usado,9 a 15 años,90.0,90.0,4.0,2,3,1,4,EL POBLADO,EL POBLADO,missing
El Poblado,Apartamento,Usado,16 a 30 años,85.0,85.0,5.0,2,3,1,7,EL POBLADO,EL POBLADO,missing
El tesoro,Apartamento,Usado,1 a 8 años,96.0,96.0,5.0,3,3,2,5,EL TESORO,EL TESORO,missing
Ciudad del Río,Apartamento,Usado,1 a 8 años,100.0,100.0,5.0,2,3,2,7,CIUDAD DEL RIO,CIUDAD DEL RIO,missing
Picacho,Casa,Usado,16 a 30 años,80.0,80.0,2.0,1,3,0,1,PICACHO,OTROS,1
Aranjuez,Apartamento,Usado,1 a 8 años,92.0,92.0,3.0,2,3,0,6,ARANJUEZ,ARANJUEZ,missing
Boston,Casa,Buen estado,más de 30 años,580.0,580.0,4.0,4,14,0,1,BOSTON,BOSTON,1
Conquistadores,Apartaestudio,Usado,1 a 8 años,40.0,40.0,4.0,1,1,0,1,CONQUISTADORES,CONQUISTADORES,1
Robledo,Apartamento,Usado,9 a 15 años,45.0,45.0,3.0,1,2,0,4,ROBLEDO,ROBLEDO,missing
San Lucas,Casa,Usado,16 a 30 años,200.0,200.0,5.0,4,3,1,1,SAN LUCAS,SAN LUCAS,1
El Poblado,Apartamento,Usado,menor a 1 año,106.0,106.0,6.0,2,3,1,5,EL POBLADO,EL POBLADO,missing
La candelaria ,Apartamento,Usado,9 a 15 años,145.0,145.0,6.0,4,4,2,2,LA CANDELARIA,LA CANDELARIA,2
Colon,Apartamento,Usado,más de 30 años,46.0,46.0,3.0,2,2,0,13,COLON,COLON,3+
Robledo,Apartamento,Usado,más de 30 años,50.0,50.0,4.0,1,2,1,3,ROBLEDO,ROBLEDO,3+
San diego,Apartamento,Usado,1 a 8 años,70.0,70.0,4.0,2,3,1,18,SAN DIEGO,SAN DIEGO,3+
Laureles,Casa,Excelente estado,más de 30 años,384.0,384.0,5.0,8,8,0,1,LAURELES,LAURELES,missing
Buenos aires,Apartaestudio,Usado,más de 30 años,45.0,45.0,3.0,1,1,0,18,BUENOS AIRES,BUENOS AIRES,3+
El Poblado,Apartamento,Usado,1 a 8 años,50.0,50.0,3.0,2,2,0,8,EL POBLADO,EL POBLADO,missing
San javier,Apartamento,Usado,menor a 1 año,68.0,68.0,2.0,2,3,0,5,SAN JAVIER,SAN JAVIER,missing
Centro,Apartamento,Nuevo,9 a 15 años,40.0,40.0,3.0,1,2,0,18,CENTRO,CENTRO,3+
Santa lucia,Apartaestudio,Usado,más de 30 años,85.0,85.0,4.0,2,3,0,1,SANTA LUCIA,SANTA LUCIA,1
Centro,Apartamento,Nuevo,16 a 30 años,44.0,44.0,4.0,1,2,0,1,CENTRO,CENTRO,missing
El Poblado,Apartamento,Usado,más de 30 años,97.0,97.0,4.0,2,2,0,14,EL POBLADO,EL POBLADO,3+
El Poblado,Apartamento,Buen estado,más de 30 años,200.0,200.0,6.0,1,3,2,4,EL POBLADO,EL POBLADO,3+
Laureles,Apartamento,Buen estado,16 a 30 años,120.0,120.0,4.0,3,3,0,3,LAURELES,LAURELES,3+
La pilarica,Apartamento,Usado,1 a 8 años,57.0,57.0,5.0,2,3,0,5,LA PILARICA,LA PILARICA,missing
El Poblado,Apartamento,Usado,9 a 15 años,50.0,50.0,5.0,1,1,0,4,EL POBLADO,EL POBLADO,missing
La mota,Apartamento,Usado,16 a 30 años,90.0,90.0,5.0,2,3,1,3,LA MOTA,LA MOTA,3+
Belén,Apartamento,Nuevo,menor a 1 año,78.0,78.0,5.0,2,3,1,5,BELEN,BELEN,missing
Santa Mónica,Apartamento,Usado,16 a 30 años,60.0,60.0,4.0,2,2,0,2,SANTA MONICA,SANTA MONICA,2
San diego,Apartamento,Usado,9 a 15 años,68.0,68.0,5.0,2,2,1,12,SAN DIEGO,SAN DIEGO,missing
Pajarito,Apartamento,Usado,16 a 30 años,45.0,45.0,3.0,1,3,0,2,PAJARITO,PAJARITO,missing
La candelaria,Apartamento,Usado,9 a 15 años,56.0,56.0,4.0,1,3,0,3,LA CANDELARIA,LA CANDELARIA,3+
La macarena,Apartamento,Usado,16 a 30 años,54.0,54.0,3.0,2,3,0,9,LA MACARENA,OTROS,3+
Calasanz,Apartamento,Usado,1 a 8 años,80.0,80.0,3.0,2,3,1,9,CALASANZ,CALASANZ,3+
El Poblado,Apartamento,Usado,9 a 15 años,70.0,70.0,6.0,2,2,1,10,EL POBLADO,EL POBLADO,missing
Centro,Apartamento,Usado,16 a 30 años,100.0,100.0,4.0,3,4,1,3,CENTRO,CENTRO,3+
La candelaria,Apartaestudio,Usado,1 a 8 años,180.0,180.0,4.0,2,3,0,1,LA CANDELARIA,LA CANDELARIA,missing
Guayabal,Apartamento,Usado,9 a 15 años,68.0,68.0,3.0,2,3,1,5,GUAYABAL,GUAYABAL,missing
Laureles,Casa,Usado,16 a 30 años,180.0,180.0,5.0,2,5,0,1,LAURELES,LAURELES,missing
Santa fe,Casa,Usado,16 a 30 años,78.0,78.0,4.0,2,2,0,1,SANTA FE,SANTA FE,1
San diego,Apartamento,Usado,1 a 8 años,87.0,87.0,5.0,3,4,1,1,SAN DIEGO,SAN DIEGO,missing
Belen Malibu,Apartamento,Usado,1 a 8 años,65.0,65.0,5.0,2,2,1,3,BELEN MALIBU,BELEN MALIBU,3+
Laureles,Apartamento,Usado,1 a 8 años,89.0,89.0,5.0,2,2,1,9,LAURELES,LAURELES,missing
La candelaria,Apartamento,Buen estado,1 a 8 años,51.0,51.0,4.0,2,2,0,8,LA CANDELARIA,LA CANDELARIA,3+
El Poblado,Apartamento,Usado,más de 30 años,135.0,135.0,5.0,3,3,2,3,EL POBLADO,EL POBLADO,3+
Rodeo Alto,Apartamento,Usado,1 a 8 años,74.0,74.0,3.0,2,3,1,12,RODEO ALTO,RODEO ALTO,3+
La america,Apartamento,Usado,1 a 8 años,40.0,40.0,4.0,1,1,0,2,LA AMERICA,LA AMERICA,missing
La pradera,Apartamento,Usado,1 a 8 años,50.0,50.0,3.0,1,3,0,4,LA PRADERA,OTROS,missing
Laureles,Apartamento,Usado,16 a 30 años,140.0,140.0,5.0,3,2,1,5,LAURELES,LAURELES,missing
Estadio,Casa,Usado,1 a 8 años,262.0,262.0,4.0,4,7,1,1,ESTADIO,ESTADIO,missing
El Poblado,Casa,Usado,16 a 30 años,300.0,300.0,5.0,4,4,1,3,EL POBLADO,EL POBLADO,3+
El velodromo,Apartamento,Usado,1 a 8 años,70.0,70.0,5.0,2,2,0,10,EL VELODROMO,EL VELODROMO,missing
Laureles,Apartaestudio,Usado,16 a 30 años,50.0,50.0,4.0,1,1,0,2,LAURELES,LAURELES,2
Robledo,Apartamento,Usado,16 a 30 años,75.0,75.0,3.0,3,3,0,2,ROBLEDO,ROBLEDO,2
Guayabal,Apartamento,Usado,1 a 8 años,87.0,87.0,5.0,2,3,1,10,GUAYABAL,GUAYABAL,missing
La candelaria,Apartamento,Buen estado,9 a 15 años,58.0,58.0,3.0,2,2,0,15,LA CANDELARIA,LA CANDELARIA,3+
Bombona no1,Apartamento,Usado,1 a 8 años,75.0,75.0,4.0,2,2,0,2,BOMBONA NO1,BOMBONA NO1,missing
Laureles,Apartamento,Usado,16 a 30 años,89.0,89.0,5.0,3,2,1,2,LAURELES,LAURELES,missing
Prado,Casa,Usado,más de 30 años,180.0,180.0,3.0,3,6,0,1,PRADO,PRADO,missing
Belén,Casa,Buen estado,16 a 30 años,127.0,127.0,3.0,2,4,0,2,BELEN,BELEN,2
El Poblado,Apartamento,Usado,1 a 8 años,60.0,60.0,5.0,2,1,1,13,EL POBLADO,EL POBLADO,missing
Vía Las Palmas,Apartamento,Excelente estado,1 a 8 años,135.0,135.0,6.0,3,3,1,18,VIA LAS PALMAS,VIA LAS PALMAS,3+
Loma de los bernal,Apartamento,Usado,1 a 8 años,120.0,120.0,5.0,2,2,1,4,LOMA DE LOS BERNAL,LOMA DE LOS BERNAL,missing
Laureles,Apartamento,Usado,1 a 8 años,200.0,200.0,5.0,3,3,2,9,LAURELES,LAURELES,3+
San cristobal,Apartamento,Usado,1 a 8 años,58.0,58.0,3.0,1,2,0,3,SAN CRISTOBAL,SAN CRISTOBAL,3+
Cataluña,Apartamento,Usado,1 a 8 años,148.0,148.0,6.0,3,3,1,14,CATALUNA,CATALUNA,3+
Manrique Central,Apartaestudio,Usado,menor a 1 año,3200.0,3200.0,3.0,1,1,0,1,MANRIQUE CENTRAL,MANRIQUE CENTRAL,missing
Altos del poblado,Apartamento,Usado,16 a 30 años,64.0,64.0,5.0,1,2,1,1,ALTOS DEL POBLADO,ALTOS DEL POBLADO,1
Vía Las Palmas,Apartamento,Buen estado,9 a 15 años,63.0,63.0,4.0,2,3,1,14,VIA LAS PALMAS,VIA LAS PALMAS,3+
El Poblado,Apartaestudio,Usado,más de 30 años,40.0,40.0,6.0,1,1,0,3,EL POBLADO,EL POBLADO,3+
El Poblado,Apartamento,Usado,9 a 15 años,5900.0,5900.0,5.0,1,2,1,6,EL POBLADO,EL POBLADO,missing
Simon bolivar,Apartamento,Usado,más de 30 años,40.0,40.0,5.0,1,1,0,2,SIMON BOLIVAR,SIMON BOLIVAR,2
Laureles,Apartamento,Usado,1 a 8 años,110.0,110.0,6.0,2,3,1,5,LAURELES,LAURELES,3+
El tesoro,Apartamento,Usado,16 a 30 años,99.0,99.0,6.0,2,3,2,12,EL TESORO,EL TESORO,3+
Centro,Apartamento,Usado,16 a 30 años,87.6,87.6,2.0,2,3,0,3,CENTRO,CENTRO,3+
Laureles,Apartaestudio,Buen estado,16 a 30 años,60.0,60.0,4.0,2,1,0,14,LAURELES,LAURELES,3+
Robledo,Apartamento,Usado,más de 30 años,40.0,40.0,3.0,1,2,0,6,ROBLEDO,ROBLEDO,3+
Viviendas del Sur,Apartamento,Usado,1 a 8 años,70.0,70.0,3.0,2,3,1,3,VIVIENDAS DEL SUR,VIVIENDAS DEL SUR,missing
Florida nueva,Casa,Usado,más de 30 años,150.0,150.0,5.0,2,3,0,1,FLORIDA NUEVA,FLORIDA NUEVA,1
Colasania,Apartamento,Usado,9 a 15 años,157.0,157.0,6.0,4,3,2,2,COLASANIA,COLASANIA,2
La floresta,Apartamento,Usado,16 a 30 años,62.0,62.0,3.0,2,2,1,6,LA FLORESTA,LA FLORESTA,3+
El Poblado,Apartamento,Usado,1 a 8 años,5000.0,5000.0,6.0,2,1,2,1,EL POBLADO,EL POBLADO,1
El Poblado,Casa,Excelente estado,1 a 8 años,13200.0,13200.0,6.0,5,3,2,1,EL POBLADO,EL POBLADO,missing
El Poblado,Apartamento,Usado,16 a 30 años,78.0,78.0,6.0,2,2,1,9,EL POBLADO,EL POBLADO,missing
Perpetuo socorro,Apartamento,Usado,1 a 8 años,45.0,45.0,2.0,1,1,0,2,PERPETUO SOCORRO,PERPETUO SOCORRO,missing
Los Balsos,Apartamento,Usado,1 a 8 años,120.0,120.0,6.0,4,3,2,3,LOS BALSOS,LOS BALSOS,3+
Aranjuez,Apartamento,Usado,más de 30 años,65.0,65.0,3.0,1,3,0,6,ARANJUEZ,ARANJUEZ,3+
Vía Las Palmas,Apartamento,Usado,1 a 8 años,83.0,83.0,6.0,2,3,2,7,VIA LAS PALMAS,VIA LAS PALMAS,missing
San diego,Apartamento,Usado,1 a 8 años,65.0,65.0,4.0,2,3,0,9,SAN DIEGO,SAN DIEGO,missing
Belén,Casa,Usado,16 a 30 años,140.0,140.0,5.0,3,4,3,1,BELEN,BELEN,missing
Calasanz,Apartamento,Usado,menor a 1 año,52.0,52.0,4.0,2,2,0,9,CALASANZ,CALASANZ,missing
Los Balsos,Apartaestudio,Usado,16 a 30 años,60.0,60.0,5.0,2,1,1,16,LOS BALSOS,LOS BALSOS,3+
El Poblado,Apartamento,Buen estado,16 a 30 años,90.27,90.27,6.0,1,3,1,2,EL POBLADO,EL POBLADO,2
Santa cruz,Apartamento,Usado,1 a 8 años,52.0,52.0,2.0,1,1,0,5,SANTA CRUZ,OTROS,missing
Manila,Apartamento,Usado,16 a 30 años,78.0,78.0,4.0,2,2,1,2,MANILA,OTROS,2
El Poblado,Apartamento,Usado,9 a 15 años,8800.0,8800.0,5.0,2,3,1,5,EL POBLADO,EL POBLADO,missing
El Poblado,Apartamento,Usado,más de 30 años,60.0,60.0,4.0,1,2,0,8,EL POBLADO,EL POBLADO,3+
Loma del Indio,Apartamento,Buen estado,16 a 30 años,57.0,57.0,5.0,2,2,1,3,LOMA DEL INDIO,LOMA DEL INDIO,3+
Los colores,Apartamento,Usado,9 a 15 años,55.0,55.0,4.0,2,2,0,18,LOS COLORES,LOS COLORES,3+
Guayabal,Apartaestudio,Usado,16 a 30 años,40.0,40.0,3.0,1,1,0,3,GUAYABAL,GUAYABAL,3+
Robledo,Apartamento,Usado,menor a 1 año,47.0,47.0,3.0,1,2,0,2,ROBLEDO,ROBLEDO,missing
El Poblado,Apartamento,Usado,16 a 30 años,98.0,98.0,6.0,2,3,2,3,EL POBLADO,EL POBLADO,3+
Belén,Apartamento,Usado,9 a 15 años,80.0,80.0,4.0,1,3,0,1,BELEN,BELEN,missing
Villa hermosa,Apartaestudio,Nuevo,menor a 1 año,26.0,26.0,4.0,1,1,0,1,VILLA HERMOSA,VILLA HERMOSA,1
Laureles,Apartamento,Usado,16 a 30 años,75.0,75.0,5.0,2,2,1,2,LAURELES,LAURELES,missing
Belén San Bernardo,Apartamento,Usado,16 a 30 años,85.0,85.0,3.0,2,3,0,1,BELEN SAN BERNARDO,BELEN SAN BERNARDO,1
El Poblado,Apartamento,Usado,9 a 15 años,74.0,74.0,6.0,2,3,1,11,EL POBLADO,EL POBLADO,missing
Castropol,Apartamento,Usado,16 a 30 años,100.0,100.0,5.0,2,3,2,9,CASTROPOL,CASTROPOL,3+
Boston,Apartamento,Usado,1 a 8 años,3900.0,3900.0,3.0,1,2,0,2,BOSTON,BOSTON,2
Las palmas,Casa,Usado,1 a 8 años,400.0,400.0,6.0,5,5,1,1,LAS PALMAS,LAS PALMAS,missing
El Poblado,Apartamento,Usado,1 a 8 años,97.0,97.0,6.0,3,2,1,10,EL POBLADO,EL POBLADO,missing
Manrique,Apartamento,Usado,16 a 30 años,40.0,40.0,3.0,1,1,0,2,MANRIQUE,MANRIQUE,missing
Belén San Bernardo,Apartamento,Usado,16 a 30 años,50.0,50.0,3.0,2,2,0,4,BELEN SAN BERNARDO,BELEN SAN BERNARDO,3+
Vía Las Palmas,Apartamento,Usado,1 a 8 años,74.0,74.0,5.0,2,2,1,9,VIA LAS PALMAS,VIA LAS PALMAS,missing
Loma del Indio,Apartamento,Usado,1 a 8 años,79.0,79.0,6.0,2,2,2,12,LOMA DEL INDIO,LOMA DEL INDIO,3+
Belén,Casa,Usado,16 a 30 años,120.0,120.0,3.0,2,3,1,1,BELEN,BELEN,missing
Belen La Palma,Apartamento,Usado,menor a 1 año,96.0,96.0,5.0,4,3,1,8,BELEN LA PALMA,BELEN LA PALMA,missing
El Poblado,Apartamento,Usado,9 a 15 años,30.0,30.0,6.0,1,1,1,3,EL POBLADO,EL POBLADO,3+
Buenos aires,Apartamento,Usado,16 a 30 años,40.0,40.0,3.0,1,2,0,8,BUENOS AIRES,BUENOS AIRES,3+
Prado,Apartamento,Usado,más de 30 años,100.0,100.0,4.0,3,4,1,4,PRADO,PRADO,3+
El Poblado,Casa,Usado,1 a 8 años,250.0,250.0,6.0,4,3,1,1,EL POBLADO,EL POBLADO,missing
La america,Apartamento,Usado,9 a 15 años,98.0,98.0,5.0,3,3,1,2,LA AMERICA,LA AMERICA,2
El Poblado,Apartamento,Usado,16 a 30 años,96.0,96.0,5.0,2,2,0,5,EL POBLADO,EL POBLADO,3+
Vía Las Palmas,Apartamento,Usado,1 a 8 años,10100.0,10100.0,4.0,2,3,1,14,VIA LAS PALMAS,VIA LAS PALMAS,3+
Laureles,Apartaestudio,Usado,16 a 30 años,30.0,30.0,2.0,1,1,0,1,LAURELES,LAURELES,1
Boston,Apartamento,Usado,1 a 8 años,90.0,90.0,4.0,2,3,1,4,BOSTON,BOSTON,missing
Robledo,Casa,Usado,más de 30 años,120.0,120.0,4.0,3,4,0,1,ROBLEDO,ROBLEDO,1
San diego,Apartamento,Usado,16 a 30 años,35.0,35.0,5.0,1,1,0,3,SAN DIEGO,SAN DIEGO,3+
Buenos aires,Apartaestudio,Usado,1 a 8 años,38.0,38.0,4.0,1,1,0,2,BUENOS AIRES,BUENOS AIRES,missing
Laureles,Apartamento,Usado,menor a 1 año,87.0,87.0,5.0,2,3,1,10,LAURELES,LAURELES,missing
Conquistadores,Casa,Usado,más de 30 años,293.0,293.0,5.0,3,4,2,1,CONQUISTADORES,CONQUISTADORES,1
Laureles,Apartamento,Usado,1 a 8 años,240.0,240.0,5.0,4,4,2,7,LAURELES,LAURELES,missing
Los Balsos,Apartamento,Usado,1 a 8 años,94.0,94.0,6.0,2,3,1,3,LOS BALSOS,LOS BALSOS,missing
El chagualo,Apartamento,Usado,1 a 8 años,50.0,50.0,3.0,1,2,0,4,EL CHAGUALO,EL CHAGUALO,missing
Boston,Apartamento,Usado,16 a 30 años,74.0,74.0,4.0,2,2,0,2,BOSTON,BOSTON,2
Belén Fatima,Apartamento,Usado,1 a 8 años,92.0,92.0,4.0,2,2,0,10,BELEN FATIMA,BELEN FATIMA,missing
Castropol,Casa,Usado,16 a 30 años,220.0,220.0,5.0,4,3,2,1,CASTROPOL,CASTROPOL,missing
Boston,Casa,Nuevo,menor a 1 año,300.0,300.0,3.0,3,1,0,1,BOSTON,BOSTON,missing
Santa maria de los angeles,Apartamento,Usado,1 a 8 años,100.0,100.0,6.0,3,3,2,3,SANTA MARIA DE LOS ANGELES,SANTA MARIA DE LOS ANGELES,missing
Buenos aires,Apartamento,Usado,16 a 30 años,50.0,50.0,3.0,1,3,0,2,BUENOS AIRES,BUENOS AIRES,2
La america,Apartamento,Usado,más de 30 años,49.0,49.0,4.0,2,2,0,4,LA AMERICA,LA AMERICA,3+
Boston,Apartamento,Usado,1 a 8 años,3900.0,3900.0,3.0,1,2,0,2,BOSTON,BOSTON,2
Calasanz,Apartamento,Usado,1 a 8 años,60.0,60.0,3.0,1,3,0,5,CALASANZ,CALASANZ,missing
El Poblado,Apartamento,Usado,16 a 30 años,115.0,115.0,6.0,4,3,2,5,EL POBLADO,EL POBLADO,missing
Loma De San Julian,Apartamento,Usado,9 a 15 años,75.0,75.0,4.0,2,3,1,18,LOMA DE SAN JULIAN,LOMA DE SAN JULIAN,3+
Cristo rey,Casa,Usado,1 a 8 años,75.0,75.0,3.0,2,3,0,2,CRISTO REY,CRISTO REY,2
Castropol,Apartamento,Usado,9 a 15 años,110.0,110.0,6.0,3,3,2,24,CASTROPOL,CASTROPOL,3+
San diego,Apartamento,Usado,1 a 8 años,85.0,85.0,4.0,3,2,1,13,SAN DIEGO,SAN DIEGO,missing
Calle larga,Apartamento,Usado,9 a 15 años,65.0,65.0,4.0,2,2,1,23,CALLE LARGA,OTROS,3+
El Poblado,Apartamento,Buen estado,1 a 8 años,56.0,56.0,6.0,1,1,1,9,EL POBLADO,EL POBLADO,3+
El Poblado,Apartamento,Buen estado,9 a 15 años,90.0,90.0,6.0,2,3,2,18,EL POBLADO,EL POBLADO,3+
Santa lucia,Apartamento,Usado,menor a 1 año,52.0,52.0,3.0,2,2,0,1,SANTA LUCIA,SANTA LUCIA,1
Vía Las Palmas,Casa,Usado,más de 30 años,420.0,420.0,6.0,7,3,2,1,VIA LAS PALMAS,VIA LAS PALMAS,1
Simon bolivar,Apartamento,Usado,más de 30 años,72.0,72.0,5.0,2,2,0,3,SIMON BOLIVAR,SIMON BOLIVAR,3+
El Poblado,Apartamento,Usado,16 a 30 años,115.0,115.0,5.0,4,3,2,5,EL POBLADO,EL POBLADO,missing
Belén,Apartamento,Usado,9 a 15 años,32.0,32.0,4.0,1,1,0,3,BELEN,BELEN,missing
Laureles,Apartamento,Usado,16 a 30 años,120.0,120.0,5.0,2,3,2,5,LAURELES,LAURELES,3+
Aranjuez,Apartamento,Usado,9 a 15 años,52.0,52.0,3.0,1,2,0,3,ARANJUEZ,ARANJUEZ,3+
Estadio,Apartamento,Usado,16 a 30 años,255.0,255.0,5.0,4,4,1,1,ESTADIO,ESTADIO,missing
Laureles,Apartaestudio,Buen estado,menor a 1 año,34.0,34.0,5.0,1,1,0,3,LAURELES,LAURELES,3+
Robledo,Apartamento,Usado,1 a 8 años,45.0,45.0,3.0,1,2,0,4,ROBLEDO,ROBLEDO,missing
Laureles,Casa,Usado,más de 30 años,220.0,220.0,4.0,4,3,0,1,LAURELES,LAURELES,missing
El Poblado,Apartamento,Usado,9 a 15 años,75.0,75.0,4.0,2,3,1,7,EL POBLADO,EL POBLADO,missing
Calasanz parte alta,Apartamento,Usado,1 a 8 años,77.0,77.0,4.0,2,3,1,6,CALASANZ PARTE ALTA,CALASANZ PARTE ALTA,3+
Calasanz,Apartamento,Usado,1 a 8 años,75.0,75.0,4.0,2,3,1,15,CALASANZ,CALASANZ,3+
El Poblado,Apartamento,Usado,más de 30 años,68.0,68.0,4.0,2,2,0,1,EL POBLADO,EL POBLADO,1
El Poblado,Apartamento,Usado,más de 30 años,85.0,85.0,5.0,2,2,1,2,EL POBLADO,EL POBLADO,2
El Poblado,Apartamento,Usado,1 a 8 años,78.0,78.0,5.0,2,3,2,5,EL POBLADO,EL POBLADO,missing
El Poblado,Apartamento,Buen estado,16 a 30 años,88.0,88.0,6.0,2,2,2,18,EL POBLADO,EL POBLADO,3+
El salvador,Apartaestudio,Usado,16 a 30 años,30.0,30.0,3.0,1,1,0,4,EL SALVADOR,EL SALVADOR,3+
Laureles,Apartaestudio,Usado,16 a 30 años,50.0,50.0,5.0,2,1,0,1,LAURELES,LAURELES,1
El Poblado,Apartamento,Usado,9 a 15 años,153.0,143.0,6.0,5,3,2,1,EL POBLADO,EL POBLADO,missing
Robledo,Apartamento,Usado,más de 30 años,42.0,42.0,3.0,1,2,0,2,ROBLEDO,ROBLEDO,2
Laureles,Apartamento,Usado,16 a 30 años,280.0,280.0,5.0,5,5,2,2,LAURELES,LAURELES,missing
Simesa,Apartamento,Nuevo,menor a 1 año,62.0,62.0,4.0,2,1,1,9,SIMESA,SIMESA,missing
Las palmas,Casa,Usado,menor a 1 año,300.0,300.0,5.0,7,3,2,1,LAS PALMAS,LAS PALMAS,missing
Belén,Apartamento,Usado,menor a 1 año,76.0,76.0,5.0,2,2,1,15,BELEN,BELEN,missing
San german,Casa,Usado,1 a 8 años,93.0,93.0,4.0,3,3,1,1,SAN GERMAN,SAN GERMAN,missing
La candelaria ,Apartamento,Excelente estado,1 a 8 años,180.0,180.0,5.0,3,4,1,1,LA CANDELARIA,LA CANDELARIA,missing
El Poblado,Apartamento,Usado,16 a 30 años,60.0,60.0,4.0,2,2,2,6,EL POBLADO,EL POBLADO,missing
Calasanz,Apartamento,Usado,16 a 30 años,115.0,115.0,4.0,2,4,0,1,CALASANZ,CALASANZ,missing
El Poblado,Casa,Buen estado,más de 30 años,300.0,300.0,6.0,5,3,2,1,EL POBLADO,EL POBLADO,1
El Poblado,Apartamento,Usado,1 a 8 años,67.0,67.0,6.0,2,1,1,4,EL POBLADO,EL POBLADO,missing
Altos del poblado,Apartamento,Usado,menor a 1 año,140.0,140.0,6.0,4,3,2,9,ALTOS DEL POBLADO,ALTOS DEL POBLADO,missing
Las palmas,Apartamento,Usado,1 a 8 años,134.2,134.2,6.0,4,3,2,7,LAS PALMAS,LAS PALMAS,missing
La milagrosa,Apartamento,Usado,16 a 30 años,89.0,89.0,3.0,2,4,1,4,LA MILAGROSA,LA MILAGROSA,3+
Belén,Apartaestudio,Usado,más de 30 años,225.0,225.0,5.0,4,6,0,1,BELEN,BELEN,1
El Poblado,Apartamento,Usado,16 a 30 años,76.0,76.0,4.0,2,3,1,1,EL POBLADO,EL POBLADO,1
Boston,Apartaestudio,Usado,1 a 8 años,40.0,40.0,4.0,1,1,0,2,BOSTON,BOSTON,missing
Cordoba,Apartaestudio,Usado,16 a 30 años,60.0,60.0,3.0,1,1,0,2,CORDOBA,CORDOBA,2
Caicedo,Apartamento,Usado,1 a 8 años,50.0,50.0,3.0,1,2,0,4,CAICEDO,OTROS,missing
Boston,Casa,Usado,16 a 30 años,320.0,320.0,4.0,5,3,1,1,BOSTON,BOSTON,1
Laureles,Apartamento,Nuevo,menor a 1 año,130.0,130.0,5.0,3,3,1,2,LAURELES,LAURELES,missing
El Poblado,Apartamento,Usado,1 a 8 años,69.0,69.0,6.0,2,3,0,16,EL POBLADO,EL POBLADO,3+
Boston,Apartamento,Usado,16 a 30 años,50.0,50.0,4.0,2,2,0,5,BOSTON,BOSTON,3+
Estadio,Apartamento,Usado,más de 30 años,140.0,140.0,5.0,3,2,2,4,ESTADIO,ESTADIO,3+
San diego,Apartamento,Usado,9 a 15 años,60.0,60.0,6.0,2,3,1,10,SAN DIEGO,SAN DIEGO,missing
San javier,Apartamento,Usado,9 a 15 años,70.0,70.0,4.0,2,3,0,1,SAN JAVIER,SAN JAVIER,1
Santa maria de los angeles,Apartamento,Usado,9 a 15 años,150.0,150.0,6.0,3,3,2,6,SANTA MARIA DE LOS ANGELES,SANTA MARIA DE LOS ANGELES,3+
El Poblado,Apartamento,Usado,9 a 15 años,74.0,74.0,6.0,2,3,0,9,EL POBLADO,EL POBLADO,3+
La Tomatera,Apartamento,Usado,9 a 15 años,110.0,110.0,6.0,3,3,1,13,LA TOMATERA,OTROS,missing
Belén Miravalle,Apartamento,Usado,1 a 8 años,76.0,76.0,4.0,2,3,1,3,BELEN MIRAVALLE,BELEN MIRAVALLE,3+
Castropol,Apartamento,Usado,1 a 8 años,80.0,80.0,6.0,2,3,1,11,CASTROPOL,CASTROPOL,3+
Belén,Apartaestudio,Usado,1 a 8 años,32.0,32.0,4.0,1,1,0,4,BELEN,BELEN,3+
El Poblado,Apartamento,Usado,16 a 30 años,56.0,56.0,5.0,1,2,1,10,EL POBLADO,EL POBLADO,3+
Las palmas,Apartamento,Usado,1 a 8 años,76.0,76.0,4.0,2,3,1,4,LAS PALMAS,LAS PALMAS,missing
El Poblado,Apartamento,Usado,1 a 8 años,171.0,171.0,6.0,4,3,3,5,EL POBLADO,EL POBLADO,missing
Conquistadores,Apartamento,Usado,9 a 15 años,115.0,115.0,5.0,2,3,1,4,CONQUISTADORES,CONQUISTADORES,missing
Calasanz,Apartaestudio,Nuevo,1 a 8 años,35.0,35.0,5.0,1,1,0,2,CALASANZ,CALASANZ,2
Aeroparque juan pablo ii,Apartaestudio,Buen estado,16 a 30 años,35.0,35.0,4.0,1,1,1,1,AEROPARQUE JUAN PABLO II,OTROS,1
Belén Rincón,Casa,Usado,16 a 30 años,90.0,90.0,3.0,2,3,0,1,BELEN RINCON,BELEN RINCON,missing
Los Balsos,Apartaestudio,Usado,9 a 15 años,50.0,50.0,6.0,1,1,1,4,LOS BALSOS,LOS BALSOS,missing
Laureles,Apartamento,Usado,16 a 30 años,195.0,195.0,5.0,3,4,1,3,LAURELES,LAURELES,missing
Laureles,Apartamento,Excelente estado,16 a 30 años,54.0,54.0,4.0,2,3,0,9,LAURELES,LAURELES,3+
Laureles,Casa,Usado,1 a 8 años,370.4,370.4,5.0,5,6,2,2,LAURELES,LAURELES,2
Campo valdes no1,Apartamento,Usado,16 a 30 años,70.0,70.0,3.0,1,1,0,1,CAMPO VALDES NO1,CAMPO VALDES NO1,1
Laureles,Apartamento,Usado,16 a 30 años,70.0,70.0,5.0,2,3,0,3,LAURELES,LAURELES,3+
Calasanz,Apartamento,Usado,16 a 30 años,80.0,80.0,4.0,2,3,1,6,CALASANZ,CALASANZ,missing
Robledo,Apartamento,Usado,16 a 30 años,65.0,65.0,3.0,2,2,0,4,ROBLEDO,ROBLEDO,3+
Centro,Apartaestudio,Usado,16 a 30 años,3700.0,3700.0,3.0,1,1,0,2,CENTRO,CENTRO,2
Belén,Casa,Usado,9 a 15 años,113.0,113.0,4.0,2,2,1,1,BELEN,BELEN,missing
Simon bolivar,Apartamento,Usado,1 a 8 años,50.0,50.0,5.0,2,2,1,8,SIMON BOLIVAR,SIMON BOLIVAR,missing
El Poblado,Apartamento,Usado,más de 30 años,250.0,250.0,6.0,3,4,2,1,EL POBLADO,EL POBLADO,missing
Laureles,Apartaestudio,Usado,16 a 30 años,40.0,40.0,5.0,1,1,1,2,LAURELES,LAURELES,missing
Belén,Apartamento,Usado,16 a 30 años,100.0,100.0,2.0,3,3,0,2,BELEN,BELEN,2
Castropol,Apartamento,Usado,1 a 8 años,74.0,74.0,6.0,2,3,1,11,CASTROPOL,CASTROPOL,missing
Laureles,Apartamento,Usado,1 a 8 años,220.0,220.0,5.0,4,2,1,12,LAURELES,LAURELES,3+
Campo valdes no1,Casa,Usado,16 a 30 años,68.0,68.0,3.0,1,3,0,2,CAMPO VALDES NO1,CAMPO VALDES NO1,2
El Poblado,Casa,Buen estado,16 a 30 años,995.0,995.0,5.0,5,4,2,1,EL POBLADO,EL POBLADO,1
Belen La Palma,Apartamento,Usado,9 a 15 años,80.0,80.0,4.0,2,3,1,12,BELEN LA PALMA,BELEN LA PALMA,3+
Buenos aires,Apartaestudio,Usado,más de 30 años,180.0,180.0,4.0,2,3,1,1,BUENOS AIRES,BUENOS AIRES,1
Robledo,Apartamento,Usado,más de 30 años,50.0,50.0,3.0,2,2,0,3,ROBLEDO,ROBLEDO,3+
Belen Las Playas,Apartamento,Usado,más de 30 años,50.0,50.0,3.0,1,2,0,4,BELEN LAS PLAYAS,BELEN LAS PLAYAS,missing
Conquistadores,Apartamento,Usado,1 a 8 años,120.0,120.0,4.0,2,3,1,3,CONQUISTADORES,CONQUISTADORES,3+
Campo amor ,Casa,Nuevo,menor a 1 año,110.0,110.0,4.0,2,4,0,1,CAMPO AMOR,CAMPO AMOR,missing
Milla de Oro,Apartamento,Usado,1 a 8 años,90.0,90.0,6.0,2,2,2,8,MILLA DE ORO,MILLA DE ORO,missing
Belen La Palma,Casa,Usado,1 a 8 años,320.0,320.0,5.0,4,5,3,1,BELEN LA PALMA,BELEN LA PALMA,1
Enciso,Apartaestudio,Usado,16 a 30 años,30.0,30.0,2.0,1,2,0,1,ENCISO,ENCISO,1
El Poblado,Apartamento,Usado,16 a 30 años,128.0,128.0,4.0,2,3,2,1,EL POBLADO,EL POBLADO,1
El Poblado,Apartaestudio,Buen estado,9 a 15 años,45.0,45.0,6.0,1,1,2,3,EL POBLADO,EL POBLADO,3+
Laureles,Apartamento,Usado,16 a 30 años,110.0,110.0,5.0,2,4,1,1,LAURELES,LAURELES,missing
El Poblado,Apartamento,Usado,más de 30 años,85.0,85.0,6.0,3,2,0,15,EL POBLADO,EL POBLADO,3+
Loma de los bernal,Apartamento,Usado,1 a 8 años,68.0,68.0,4.0,2,2,0,12,LOMA DE LOS BERNAL,LOMA DE LOS BERNAL,missing
Laureles,Apartamento,Usado,1 a 8 años,77.0,77.0,4.0,2,2,1,10,LAURELES,LAURELES,3+
Laureles,Apartamento,Nuevo,1 a 8 años,100.0,100.0,5.0,2,2,1,6,LAURELES,LAURELES,3+
El Poblado,Casa,Excelente estado,9 a 15 años,26000.0,26000.0,6.0,4,3,2,1,EL POBLADO,EL POBLADO,missing
Robledo,Apartamento,Usado,más de 30 años,55.0,55.0,3.0,2,3,0,6,ROBLEDO,ROBLEDO,3+
Bombona no1,Apartamento,Usado,menor a 1 año,45.0,45.0,4.0,1,1,0,2,BOMBONA NO1,BOMBONA NO1,missing
Belén,Apartamento,Buen estado,16 a 30 años,70.0,70.0,5.0,2,3,1,5,BELEN,BELEN,3+
Belen La Palma,Apartamento,Usado,1 a 8 años,72.0,72.0,4.0,2,2,0,4,BELEN LA PALMA,BELEN LA PALMA,3+
Belén,Casa,Usado,16 a 30 años,110.0,110.0,4.0,1,4,0,1,BELEN,BELEN,1
El Poblado,Apartamento,Usado,16 a 30 años,8300.0,8300.0,6.0,2,2,2,9,EL POBLADO,EL POBLADO,missing
Laureles,Apartamento,Usado,1 a 8 años,108.0,108.0,5.0,2,3,1,5,LAURELES,LAURELES,missing
El Poblado,Apartamento,Usado,1 a 8 años,120.0,120.0,6.0,3,2,2,2,EL POBLADO,EL POBLADO,missing
Boston,Apartamento,Buen estado,16 a 30 años,120.0,120.0,4.0,2,4,1,3,BOSTON,BOSTON,3+
Milla de Oro,Apartamento,Usado,1 a 8 años,138.0,138.0,5.0,4,3,2,4,MILLA DE ORO,MILLA DE ORO,missing
Guayabal,Casa,Usado,más de 30 años,178.0,178.0,4.0,3,4,1,1,GUAYABAL,GUAYABAL,1
Alejandria,Apartamento,Usado,1 a 8 años,88.0,88.0,6.0,2,2,2,13,ALEJANDRIA,ALEJANDRIA,missing
Cristo rey,Casa,Buen estado,más de 30 años,450.0,450.0,6.0,1,2,0,1,CRISTO REY,CRISTO REY,1
El Poblado,Apartamento,Buen estado,16 a 30 años,60.0,60.0,6.0,2,3,1,10,EL POBLADO,EL POBLADO,3+
El Poblado,Apartamento,Buen estado,9 a 15 años,135.0,135.0,6.0,3,3,2,11,EL POBLADO,EL POBLADO,3+
El Poblado,Apartamento,Usado,menor a 1 año,7200.0,7200.0,4.0,2,3,1,3,EL POBLADO,EL POBLADO,missing
San diego,Apartamento,Usado,16 a 30 años,80.0,80.0,5.0,2,2,1,2,SAN DIEGO,SAN DIEGO,2
Boston,Apartamento,Usado,16 a 30 años,8500.0,8500.0,4.0,2,3,0,3,BOSTON,BOSTON,3+
El Poblado,Apartamento,Usado,1 a 8 años,78.0,78.0,5.0,2,3,1,5,EL POBLADO,EL POBLADO,missing
Santa maria de los angeles,Apartamento,Usado,16 a 30 años,205.0,205.0,6.0,4,3,3,12,SANTA MARIA DE LOS ANGELES,SANTA MARIA DE LOS ANGELES,3+
Ciudad del Río,Apartamento,Usado,1 a 8 años,90.0,90.0,5.0,2,3,1,23,CIUDAD DEL RIO,CIUDAD DEL RIO,3+
Pajarito,Apartamento,Usado,1 a 8 años,49.0,49.0,3.0,1,3,0,3,PAJARITO,PAJARITO,missing
Belén,Apartamento,Usado,16 a 30 años,81.4,81.4,3.0,3,3,1,5,BELEN,BELEN,3+
Belén San Bernardo,Apartamento,Usado,16 a 30 años,64.0,64.0,4.0,1,2,0,3,BELEN SAN BERNARDO,BELEN SAN BERNARDO,missing
Guayabal,Apartamento,Usado,1 a 8 años,7200.0,7200.0,4.0,2,3,1,18,GUAYABAL,GUAYABAL,3+
Belén,Apartaestudio,Usado,menor a 1 año,15.0,15.0,4.0,1,1,0,2,BELEN,BELEN,missing
Laureles,Apartamento,Usado,16 a 30 años,80.0,80.0,5.0,2,3,1,3,LAURELES,LAURELES,3+
El Poblado,Apartamento,Buen estado,16 a 30 años,60.0,60.0,5.0,2,3,2,18,EL POBLADO,EL POBLADO,3+
San diego,Apartamento,Usado,1 a 8 años,73.0,73.0,5.0,2,2,1,10,SAN DIEGO,SAN DIEGO,missing
Castropol,Apartamento,Usado,1 a 8 años,77.0,77.0,3.0,1,3,1,6,CASTROPOL,CASTROPOL,3+
Conquistadores,Apartamento,Usado,1 a 8 años,110.0,110.0,4.0,3,3,0,13,CONQUISTADORES,CONQUISTADORES,missing
El Poblado,Apartamento,Buen estado,9 a 15 años,85.0,85.0,6.0,3,2,1,13,EL POBLADO,EL POBLADO,3+
Castropol,Apartamento,Usado,9 a 15 años,125.0,125.0,6.0,3,3,2,2,CASTROPOL,CASTROPOL,missing
Estadio,Apartaestudio,Usado,16 a 30 años,48.0,48.0,4.0,1,1,0,3,ESTADIO,ESTADIO,3+
Belén San Bernardo,Apartamento,Usado,16 a 30 años,67.0,67.0,3.0,1,2,0,4,BELEN SAN BERNARDO,BELEN SAN BERNARDO,missing
Belén,Apartamento,Usado,1 a 8 años,60.0,60.0,4.0,2,3,1,10,BELEN,BELEN,missing
El Poblado,Apartamento,Usado,16 a 30 años,55.0,55.0,6.0,2,2,1,18,EL POBLADO,EL POBLADO,3+
El Poblado,Apartamento,Usado,1 a 8 años,87.0,87.0,6.0,2,2,1,5,EL POBLADO,EL POBLADO,3+
La candelaria ,Apartamento,Usado,16 a 30 años,65.0,65.0,3.0,2,3,0,5,LA CANDELARIA,LA CANDELARIA,3+
Belén Aliadas,Apartamento,Usado,1 a 8 años,31.0,31.0,4.0,1,1,0,2,BELEN ALIADAS,BELEN ALIADAS,missing
El Poblado,Apartamento,Buen estado,16 a 30 años,160.0,160.0,6.0,4,3,2,3,EL POBLADO,EL POBLADO,3+
El tesoro,Apartaestudio,Usado,1 a 8 años,61.0,61.0,6.0,2,1,1,5,EL TESORO,EL TESORO,missing
Barro blanco,Apartamento,Usado,1 a 8 años,73.0,73.0,5.0,2,3,1,12,BARRO BLANCO,OTROS,3+
Palenque,Apartamento,Usado,16 a 30 años,52.0,52.0,2.0,2,2,0,1,PALENQUE,OTROS,1
Loma del Indio,Apartamento,Usado,1 a 8 años,134.2,134.2,6.0,4,3,2,7,LOMA DEL INDIO,LOMA DEL INDIO,missing
El Poblado,Apartamento,Buen estado,1 a 8 años,173.0,173.0,6.0,4,3,0,11,EL POBLADO,EL POBLADO,3+
Loma del Indio,Apartamento,Usado,1 a 8 años,56.0,56.0,5.0,1,1,1,6,LOMA DEL INDIO,LOMA DEL INDIO,missing
Loma del Indio,Apartamento,Usado,1 a 8 años,87.0,87.0,5.0,2,3,1,13,LOMA DEL INDIO,LOMA DEL INDIO,3+
Laureles,Apartaestudio,Usado,16 a 30 años,45.0,45.0,5.0,1,1,1,2,LAURELES,LAURELES,missing
Belén,Apartamento,Usado,16 a 30 años,84.0,84.0,3.0,1,3,0,4,BELEN,BELEN,3+
Laureles,Apartamento,Usado,16 a 30 años,38.0,38.0,5.0,1,1,0,1,LAURELES,LAURELES,1
La candelaria ,Apartamento,Usado,16 a 30 años,84.0,84.0,5.0,2,3,1,12,LA CANDELARIA,LA CANDELARIA,3+
San Lucas,Apartamento,Usado,16 a 30 años,140.0,140.0,6.0,3,3,3,5,SAN LUCAS,SAN LUCAS,3+
Los naranjos,Apartamento,Usado,16 a 30 años,173.0,173.0,6.0,3,3,2,4,LOS NARANJOS,LOS NARANJOS,missing
Belén,Apartamento,Buen estado,9 a 15 años,72.0,72.0,4.0,2,2,0,4,BELEN,BELEN,3+
La america,Apartaestudio,Usado,más de 30 años,37.0,37.0,3.0,1,1,0,2,LA AMERICA,LA AMERICA,2
El Poblado,Apartamento,Usado,16 a 30 años,75.0,75.0,6.0,3,2,1,8,EL POBLADO,EL POBLADO,missing
Boston,Apartamento,Usado,16 a 30 años,60.0,60.0,4.0,2,3,0,4,BOSTON,BOSTON,3+
Las palmas,Apartamento,Usado,1 a 8 años,57.0,57.0,4.0,2,2,1,10,LAS PALMAS,LAS PALMAS,missing
Diego echavarria,Casa,Usado,9 a 15 años,114.0,114.0,4.0,3,3,1,1,DIEGO ECHAVARRIA,OTROS,missing
La pilarica,Apartaestudio,Usado,menor a 1 año,35.0,35.0,4.0,1,1,0,3,LA PILARICA,LA PILARICA,missing
Villa hermosa,Apartamento,Usado,1 a 8 años,80.0,80.0,3.0,1,3,0,1,VILLA HERMOSA,VILLA HERMOSA,missing
El Poblado,Apartamento,Usado,9 a 15 años,72.0,72.0,4.0,2,3,1,10,EL POBLADO,EL POBLADO,missing
El Poblado,Apartamento,Usado,16 a 30 años,113.0,113.0,6.0,3,2,2,18,EL POBLADO,EL POBLADO,3+
El Poblado,Apartamento,Usado,16 a 30 años,51.0,51.0,4.0,2,2,1,6,EL POBLADO,EL POBLADO,3+
Castilla,Casa,Usado,16 a 30 años,8000.0,8000.0,3.0,2,3,0,1,CASTILLA,CASTILLA,missing
Belén,Casa,Usado,1 a 8 años,140.0,140.0,4.0,2,3,1,1,BELEN,BELEN,missing
Santa lucia,Apartamento,Nuevo,menor a 1 año,70.0,70.0,5.0,2,2,1,10,SANTA LUCIA,SANTA LUCIA,missing
Laureles,Apartamento,Usado,1 a 8 años,70.0,70.0,4.0,2,2,1,10,LAURELES,LAURELES,missing
El Poblado,Apartamento,Usado,9 a 15 años,75.0,75.0,6.0,2,3,1,7,EL POBLADO,EL POBLADO,missing
El Poblado,Apartamento,Usado,1 a 8 años,100.0,100.0,6.0,2,2,2,12,EL POBLADO,EL POBLADO,3+
El Poblado,Apartamento,Usado,9 a 15 años,73.0,73.0,4.0,2,2,1,10,EL POBLADO,EL POBLADO,missing
El Poblado,Apartamento,Usado,menor a 1 año,100.0,100.0,5.0,3,3,2,3,EL POBLADO,EL POBLADO,missing
Campo valdes no1,Apartaestudio,Usado,16 a 30 años,20.0,20.0,3.0,1,1,0,1,CAMPO VALDES NO1,CAMPO VALDES NO1,1
Buenos aires,Apartaestudio,Usado,más de 30 años,40.0,40.0,3.0,1,1,0,1,BUENOS AIRES,BUENOS AIRES,1
Santa maria de los angeles,Apartamento,Usado,16 a 30 años,81.0,81.0,5.0,2,3,1,7,SANTA MARIA DE LOS ANGELES,SANTA MARIA DE LOS ANGELES,missing
El Poblado,Casa,Usado,16 a 30 años,334.0,825.0,6.0,4,3,5,1,EL POBLADO,EL POBLADO,missing
Laureles,Apartamento,Usado,9 a 15 años,70.0,70.0,5.0,1,3,1,2,LAURELES,LAURELES,missing
Belén,Apartamento,Buen estado,16 a 30 años,90.0,90.0,4.0,3,3,1,5,BELEN,BELEN,3+
Belen Alameda,Casa,Usado,9 a 15 años,105.0,105.0,4.0,2,3,1,1,BELEN ALAMEDA,BELEN ALAMEDA,1
El Poblado,Apartamento,Usado,1 a 8 años,111.0,111.0,6.0,3,3,1,4,EL POBLADO,EL POBLADO,missing
Florida nueva,Apartamento,Usado,más de 30 años,60.0,60.0,4.0,1,2,0,4,FLORIDA NUEVA,FLORIDA NUEVA,3+
El Poblado,Apartamento,Buen estado,16 a 30 años,195.0,195.0,6.0,2,3,3,10,EL POBLADO,EL POBLADO,3+
El Poblado,Apartamento,Usado,menor a 1 año,81.0,81.0,5.0,2,3,1,14,EL POBLADO,EL POBLADO,3+
Santa maria de los angeles,Apartamento,Usado,más de 30 años,78.0,78.0,6.0,2,2,1,3,SANTA MARIA DE LOS ANGELES,SANTA MARIA DE LOS ANGELES,3+
Suramérica,Apartamento,Usado,1 a 8 años,70.0,70.0,3.0,2,3,1,3,SURAMERICA,OTROS,missing
Belén,Apartamento,Usado,16 a 30 años,97.0,97.0,4.0,3,4,1,2,BELEN,BELEN,2
El Poblado,Apartamento,Usado,1 a 8 años,6300.0,6300.0,6.0,3,2,1,8,EL POBLADO,EL POBLADO,missing
Calasanz,Casa,Usado,16 a 30 años,215.0,215.0,5.0,4,4,0,4,CALASANZ,CALASANZ,3+
Cordoba,Casa,Usado,1 a 8 años,132.0,132.0,3.0,2,4,0,1,CORDOBA,CORDOBA,missing
El Poblado,Apartamento,Usado,1 a 8 años,223.0,224.0,6.0,5,3,2,1,EL POBLADO,EL POBLADO,missing
Belén Las mercedes,Casa,Usado,16 a 30 años,111.0,111.0,4.0,2,3,1,1,BELEN LAS MERCEDES,BELEN LAS MERCEDES,missing
Pajarito,Apartamento,Usado,1 a 8 años,63.0,63.0,3.0,2,2,0,6,PAJARITO,PAJARITO,missing
Manrique,Apartaestudio,Nuevo,1 a 8 años,26.0,26.0,3.0,1,1,0,5,MANRIQUE,MANRIQUE,3+
Simon bolivar,Casa,Usado,1 a 8 años,238.0,238.0,5.0,3,3,3,1,SIMON BOLIVAR,SIMON BOLIVAR,missing
Laureles,Apartamento,Nuevo,menor a 1 año,84.0,84.0,5.0,2,2,1,10,LAURELES,LAURELES,missing
Laureles,Casa,Usado,16 a 30 años,85.0,85.0,5.0,2,3,0,1,LAURELES,LAURELES,missing
El Poblado,Apartamento,Usado,1 a 8 años,87.0,87.0,5.0,2,3,0,9,EL POBLADO,EL POBLADO,3+
Laureles,Apartamento,Usado,16 a 30 años,150.0,150.0,5.0,4,3,2,11,LAURELES,LAURELES,3+
Manrique,Apartamento,Usado,16 a 30 años,78.0,78.0,3.0,1,2,0,5,MANRIQUE,MANRIQUE,missing
Robledo,Casa,Usado,16 a 30 años,93.0,93.0,4.0,3,3,1,1,ROBLEDO,ROBLEDO,missing
San javier,Apartamento,Usado,menor a 1 año,65.0,65.0,3.0,2,3,0,9,SAN JAVIER,SAN JAVIER,missing
Buenos aires,Casa,Usado,más de 30 años,205.0,205.0,4.0,4,6,0,1,BUENOS AIRES,BUENOS AIRES,missing
Laureles,Apartamento,Usado,menor a 1 año,70.0,70.0,5.0,2,2,1,10,LAURELES,LAURELES,missing
Centro,Apartamento,Usado,16 a 30 años,4700.0,4700.0,3.0,1,2,0,6,CENTRO,CENTRO,3+
Rodeo Alto,Apartamento,Buen estado,1 a 8 años,60.0,60.0,4.0,2,3,1,10,RODEO ALTO,RODEO ALTO,missing
Los colores,Apartamento,Usado,menor a 1 año,73.0,73.0,4.0,2,2,1,10,LOS COLORES,LOS COLORES,missing
El Poblado,Apartamento,Usado,9 a 15 años,6000.0,6000.0,4.0,2,2,1,9,EL POBLADO,EL POBLADO,missing
Santa maria de los angeles,Apartamento,Usado,más de 30 años,140.0,140.0,6.0,2,3,1,2,SANTA MARIA DE LOS ANGELES,SANTA MARIA DE LOS ANGELES,2
San joaquin,Apartaestudio,Usado,1 a 8 años,70.0,70.0,4.0,1,2,0,3,SAN JOAQUIN,SAN JOAQUIN,3+
Cristo rey,Casa,Buen estado,más de 30 años,70.0,70.0,3.0,2,3,0,1,CRISTO REY,CRISTO REY,1
La floresta,Apartaestudio,Usado,16 a 30 años,45.0,45.0,3.0,1,1,0,1,LA FLORESTA,LA FLORESTA,1
Calasanz,Apartamento,Usado,1 a 8 años,47.0,47.0,3.0,2,2,1,13,CALASANZ,CALASANZ,missing
Rodeo Alto,Apartamento,Usado,9 a 15 años,72.0,72.0,4.0,2,3,1,10,RODEO ALTO,RODEO ALTO,missing
Laureles,Apartamento,Usado,1 a 8 años,100.0,100.0,4.0,3,3,1,3,LAURELES,LAURELES,missing
Laureles,Apartamento,Buen estado,1 a 8 años,160.0,160.0,4.0,3,4,1,4,LAURELES,LAURELES,3+
Rodeo Alto,Apartamento,Usado,1 a 8 años,70.0,70.0,5.0,2,3,1,12,RODEO ALTO,RODEO ALTO,3+
Campo valdes no1,Apartamento,Usado,16 a 30 años,76.0,76.0,3.0,2,3,0,3,CAMPO VALDES NO1,CAMPO VALDES NO1,3+
Laureles,Casa,Usado,más de 30 años,500.0,550.0,5.0,5,5,2,1,LAURELES,LAURELES,missing
Belen Las Playas,Apartamento,Usado,1 a 8 años,60.0,60.0,3.0,1,2,0,2,BELEN LAS PLAYAS,BELEN LAS PLAYAS,2
Aranjuez,Casa,Usado,más de 30 años,65.0,65.0,3.0,2,3,0,3,ARANJUEZ,ARANJUEZ,3+
Villa hermosa,Apartaestudio,Usado,1 a 8 años,35.0,35.0,3.0,1,1,0,3,VILLA HERMOSA,VILLA HERMOSA,missing
El Poblado,Apartamento,Usado,16 a 30 años,90.0,90.0,6.0,2,3,1,4,EL POBLADO,EL POBLADO,missing
Santa Mónica,Casa,Usado,16 a 30 años,115.0,115.0,4.0,1,3,0,1,SANTA MONICA,SANTA MONICA,1
La candelaria,Apartamento,Usado,1 a 8 años,103.0,101.0,4.0,2,2,1,9,LA CANDELARIA,LA CANDELARIA,missing
Calasanz,Apartamento,Usado,1 a 8 años,58.0,58.0,4.0,2,3,1,18,CALASANZ,CALASANZ,3+
Loma de los bernal,Apartamento,Usado,16 a 30 años,103.0,103.0,5.0,3,3,1,16,LOMA DE LOS BERNAL,LOMA DE LOS BERNAL,3+
Robledo,Apartamento,Usado,1 a 8 años,47.0,47.0,3.0,1,2,0,2,ROBLEDO,ROBLEDO,missing
Buenos aires,Apartamento,Usado,más de 30 años,70.0,70.0,2.0,1,2,0,1,BUENOS AIRES,BUENOS AIRES,1
Belén,Casa,Usado,9 a 15 años,100.0,100.0,4.0,3,4,3,1,BELEN,BELEN,missing
Zuñiga,Apartamento,Usado,más de 30 años,125.0,125.0,6.0,3,3,1,5,ZUNIGA,OTROS,3+
Prado,Casa,Usado,9 a 15 años,300.0,300.0,6.0,3,6,0,1,PRADO,PRADO,missing
Calasanz,Apartamento,Usado,más de 30 años,67.0,67.0,3.0,2,2,1,4,CALASANZ,CALASANZ,3+
El Poblado,Apartamento,Usado,16 a 30 años,72.0,72.0,6.0,2,3,1,10,EL POBLADO,EL POBLADO,missing
Loma del Indio,Apartamento,Usado,1 a 8 años,90.0,90.0,4.0,3,3,1,1,LOMA DEL INDIO,LOMA DEL INDIO,missing
La castellana,Apartamento,Usado,1 a 8 años,97.0,97.0,4.0,2,3,1,5,LA CASTELLANA,LA CASTELLANA,missing
La america,Casa,Usado,más de 30 años,160.0,160.0,5.0,2,4,1,1,LA AMERICA,LA AMERICA,1
Castropol,Apartamento,Usado,1 a 8 años,85.0,85.0,5.0,2,2,2,6,CASTROPOL,CASTROPOL,missing
Belén,Apartamento,Usado,16 a 30 años,94.0,94.0,4.0,2,3,1,3,BELEN,BELEN,missing
Calasanz,Apartaestudio,Usado,menor a 1 año,25.0,25.0,4.0,1,1,0,5,CALASANZ,CALASANZ,3+
San german,Apartamento,Usado,1 a 8 años,68.0,68.0,4.0,2,2,0,18,SAN GERMAN,SAN GERMAN,3+
El tesoro,Casa,Usado,16 a 30 años,315.0,315.0,6.0,3,3,2,1,EL TESORO,EL TESORO,missing
El rodeo,Apartamento,Usado,16 a 30 años,63.0,63.0,4.0,2,3,1,13,EL RODEO,OTROS,3+
La floresta,Casa,Usado,más de 30 años,125.0,125.0,4.0,3,6,0,1,LA FLORESTA,LA FLORESTA,missing
Laureles,Apartamento,Usado,1 a 8 años,65.0,65.0,5.0,1,1,1,18,LAURELES,LAURELES,3+
Guayabal,Casa,Usado,menor a 1 año,85.0,85.0,4.0,2,3,0,1,GUAYABAL,GUAYABAL,missing
Laureles,Apartamento,Usado,16 a 30 años,89.0,89.0,5.0,2,2,0,9,LAURELES,LAURELES,missing
La pilarica,Apartamento,Usado,16 a 30 años,50.0,50.0,4.0,2,2,0,4,LA PILARICA,LA PILARICA,3+
Loma De San Julian,Apartamento,Usado,16 a 30 años,94.0,94.0,5.0,2,3,2,3,LOMA DE SAN JULIAN,LOMA DE SAN JULIAN,missing
Loma de los bernal,Casa,Usado,1 a 8 años,184.0,184.0,5.0,4,5,1,1,LOMA DE LOS BERNAL,LOMA DE LOS BERNAL,missing
Conquistadores,Apartamento,Usado,1 a 8 años,80.0,80.0,5.0,3,2,1,18,CONQUISTADORES,CONQUISTADORES,3+
El Poblado,Apartamento,Usado,9 a 15 años,58.0,58.0,4.0,2,3,1,10,EL POBLADO,EL POBLADO,missing
Cristo rey,Apartaestudio,Buen estado,1 a 8 años,41.0,41.0,4.0,2,1,1,18,CRISTO REY,CRISTO REY,3+
Prado,Casa,Usado,más de 30 años,95.0,95.0,4.0,2,2,1,1,PRADO,PRADO,missing
Belen La Palma,Apartamento,Usado,9 a 15 años,70.0,70.0,4.0,2,2,0,4,BELEN LA PALMA,BELEN LA PALMA,3+
Guayabal,Apartamento,Usado,1 a 8 años,125.0,125.0,3.0,3,3,1,1,GUAYABAL,GUAYABAL,1
Simon bolivar,Apartamento,Usado,9 a 15 años,70.0,70.0,4.0,2,3,0,6,SIMON BOLIVAR,SIMON BOLIVAR,3+
La candelaria,Apartamento,Usado,9 a 15 años,95.0,95.0,4.0,2,3,0,3,LA CANDELARIA,LA CANDELARIA,3+
Calasanz,Apartamento,Usado,16 a 30 años,130.0,130.0,4.0,2,5,1,1,CALASANZ,CALASANZ,missing
Belén,Apartamento,Usado,más de 30 años,115.0,115.0,4.0,2,3,0,3,BELEN,BELEN,3+
Buenos aires,Apartamento,Usado,9 a 15 años,3800.0,3800.0,4.0,1,2,0,1,BUENOS AIRES,BUENOS AIRES,1
Laureles,Apartamento,Usado,16 a 30 años,160.0,160.0,5.0,3,3,0,2,LAURELES,LAURELES,2
Cataluña ,Apartamento,Excelente estado,1 a 8 años,95.0,95.0,6.0,2,3,2,9,CATALUNA,CATALUNA,missing
El Poblado,Apartamento,Usado,1 a 8 años,54.0,54.0,5.0,2,2,1,9,EL POBLADO,EL POBLADO,missing
Estadio,Apartamento,Usado,1 a 8 años,48.0,48.0,5.0,1,2,0,5,ESTADIO,ESTADIO,3+
Los Balsos,Casa,Usado,1 a 8 años,222.4,222.4,6.0,5,4,3,1,LOS BALSOS,LOS BALSOS,1
Los Parra,Apartamento,Usado,16 a 30 años,207.0,207.0,6.0,5,3,2,12,LOS PARRA,LOS PARRA,3+
Belén San Bernardo,Apartamento,Usado,16 a 30 años,85.0,85.0,3.0,2,3,0,3,BELEN SAN BERNARDO,BELEN SAN BERNARDO,3+
Calasanz,Apartamento,Usado,1 a 8 años,80.0,80.0,4.0,2,2,0,1,CALASANZ,CALASANZ,1
Prado,Casa,Usado,16 a 30 años,200.0,200.0,4.0,3,6,0,1,PRADO,PRADO,missing
Buenos aires,Apartaestudio,Usado,más de 30 años,78.0,78.0,3.0,2,3,0,1,BUENOS AIRES,BUENOS AIRES,1
Laureles,Apartamento,Usado,9 a 15 años,124.0,124.0,5.0,3,4,2,1,LAURELES,LAURELES,missing
Las palmas,Casa,Usado,1 a 8 años,310.0,310.0,6.0,4,3,0,2,LAS PALMAS,LAS PALMAS,2
Santa Elena,Casa,Usado,1 a 8 años,140.0,483.0,4.0,2,3,1,1,SANTA ELENA,OTROS,missing
Boston,Casa,Usado,16 a 30 años,400.0,400.0,3.0,4,8,0,1,BOSTON,BOSTON,missing
Guayabal,Apartamento,Usado,1 a 8 años,60.0,60.0,4.0,2,3,1,14,GUAYABAL,GUAYABAL,3+
El Poblado,Apartamento,Usado,9 a 15 años,130.0,130.0,6.0,4,3,2,5,EL POBLADO,EL POBLADO,missing
El Poblado,Apartamento,Usado,9 a 15 años,8800.0,8800.0,5.0,2,3,2,5,EL POBLADO,EL POBLADO,missing
La candelaria,Apartamento,Usado,9 a 15 años,40.0,40.0,4.0,1,2,0,3,LA CANDELARIA,LA CANDELARIA,3+
Castropol,Apartamento,Usado,1 a 8 años,130.0,130.0,6.0,3,3,1,2,CASTROPOL,CASTROPOL,missing
El Poblado,Apartamento,Usado,16 a 30 años,52.0,52.0,5.0,2,3,1,9,EL POBLADO,EL POBLADO,missing
Santa fe,Casa,Buen estado,16 a 30 años,1043.0,1043.0,4.0,1,2,1,1,SANTA FE,SANTA FE,1
Vía Las Palmas,Apartamento,Usado,1 a 8 años,5000.0,5000.0,4.0,1,2,0,7,VIA LAS PALMAS,VIA LAS PALMAS,missing
Loma del Indio,Casa,Usado,1 a 8 años,220.0,220.0,5.0,3,3,2,1,LOMA DEL INDIO,LOMA DEL INDIO,missing
Los naranjos,Apartamento,Usado,16 a 30 años,300.0,300.0,6.0,4,4,3,2,LOS NARANJOS,LOS NARANJOS,missing
Aves Maria,Apartamento,Usado,Desconocido,45.0,45.0,3.0,1,2,0,5,AVES MARIA,AVES MARIA,3+
Calasanz,Apartamento,Usado,9 a 15 años,60.0,60.0,3.0,2,3,1,10,CALASANZ,CALASANZ,missing
Belencito,Casa,Usado,16 a 30 años,80.0,80.0,3.0,2,3,1,1,BELENCITO,BELENCITO,1
Ciudad del Río,Apartamento,Usado,1 a 8 años,94.0,94.0,5.0,2,2,2,9,CIUDAD DEL RIO,CIUDAD DEL RIO,missing
Villa hermosa,Apartaestudio,Usado,menor a 1 año,19.0,19.0,2.0,1,1,0,5,VILLA HERMOSA,VILLA HERMOSA,missing
Calasanz,Apartamento,Usado,1 a 8 años,90.0,90.0,3.0,2,3,1,4,CALASANZ,CALASANZ,missing
Las palmas,Apartamento,Usado,1 a 8 años,137.0,137.0,6.0,3,3,1,4,LAS PALMAS,LAS PALMAS,missing
Belen Alameda,Apartamento,Usado,1 a 8 años,80.0,80.0,5.0,2,3,1,5,BELEN ALAMEDA,BELEN ALAMEDA,3+
Belén,Apartamento,Usado,menor a 1 año,64.0,64.0,4.0,2,2,0,7,BELEN,BELEN,missing
Patio bonito,Apartamento,Usado,16 a 30 años,70.0,70.0,6.0,2,2,1,10,PATIO BONITO,PATIO BONITO,missing
Loma de los bernal,Apartamento,Usado,9 a 15 años,72.0,72.0,5.0,2,3,1,16,LOMA DE LOS BERNAL,LOMA DE LOS BERNAL,3+
Astorga,Casa,Nuevo,menor a 1 año,250.0,250.0,5.0,2,3,0,1,ASTORGA,ASTORGA,missing
La america,Casa,Usado,16 a 30 años,150.0,150.0,4.0,3,3,1,1,LA AMERICA,LA AMERICA,missing
Loma de los bernal,Apartamento,Usado,9 a 15 años,78.0,75.0,4.0,2,3,1,5,LOMA DE LOS BERNAL,LOMA DE LOS BERNAL,missing
La candelaria,Apartamento,Buen estado,1 a 8 años,40.0,40.0,4.0,1,2,0,6,LA CANDELARIA,LA CANDELARIA,3+
Laureles,Apartamento,Usado,16 a 30 años,97.0,97.0,5.0,3,3,2,4,LAURELES,LAURELES,3+
El nogal- los almendros,Casa,Usado,menor a 1 año,326.0,326.0,5.0,3,5,1,1,EL NOGAL- LOS ALMENDROS,EL NOGAL- LOS ALMENDROS,missing
Robledo,Apartamento,Excelente estado,más de 30 años,40.0,40.0,3.0,1,1,0,2,ROBLEDO,ROBLEDO,missing
Laureles,Apartamento,Buen estado,16 a 30 años,80.0,80.0,5.0,2,3,1,5,LAURELES,LAURELES,3+
El Poblado,Apartamento,Usado,más de 30 años,60.0,60.0,5.0,2,2,0,10,EL POBLADO,EL POBLADO,3+
Laureles,Apartamento,Usado,16 a 30 años,115.0,115.0,4.0,3,3,1,2,LAURELES,LAURELES,2
Prado,Apartaestudio,Usado,16 a 30 años,40.0,40.0,4.0,1,1,0,2,PRADO,PRADO,missing
El Poblado,Apartamento,Usado,menor a 1 año,75.0,75.0,5.0,3,2,1,8,EL POBLADO,EL POBLADO,3+
Belén Fatima,Apartamento,Usado,1 a 8 años,66.0,66.0,4.0,2,2,0,3,BELEN FATIMA,BELEN FATIMA,3+
Loma del Indio,Apartamento,Usado,1 a 8 años,90.0,90.0,4.0,2,3,1,4,LOMA DEL INDIO,LOMA DEL INDIO,missing
Robledo,Apartamento,Usado,16 a 30 años,55.0,55.0,3.0,1,3,1,2,ROBLEDO,ROBLEDO,2
Rodeo Alto,Apartamento,Usado,16 a 30 años,59.0,59.0,3.0,1,3,1,18,RODEO ALTO,RODEO ALTO,3+
Belén,Apartamento,Usado,1 a 8 años,60.0,60.0,3.0,2,2,0,6,BELEN,BELEN,missing
Calasanz,Apartamento,Usado,1 a 8 años,72.0,72.0,4.0,2,3,1,10,CALASANZ,CALASANZ,missing
Las palmas,Apartamento,Usado,1 a 8 años,65.0,65.0,6.0,2,2,1,2,LAS PALMAS,LAS PALMAS,2
El Poblado,Apartaestudio,Usado,16 a 30 años,62.0,62.0,5.0,2,2,1,4,EL POBLADO,EL POBLADO,3+
Suramericana,Apartaestudio,Usado,menor a 1 año,27.0,27.0,5.0,1,1,0,1,SURAMERICANA,SURAMERICANA,1
La gloria,Casa,Usado,16 a 30 años,120.0,120.0,4.0,2,3,0,3,LA GLORIA,LA GLORIA,3+
Calasanz,Apartamento,Usado,1 a 8 años,75.0,75.0,4.0,2,3,1,4,CALASANZ,CALASANZ,3+
San german,Apartamento,Usado,1 a 8 años,102.4,102.4,4.0,2,3,1,5,SAN GERMAN,SAN GERMAN,missing
Laureles,Apartamento,Buen estado,16 a 30 años,93.0,93.0,5.0,3,2,1,3,LAURELES,LAURELES,3+
El Poblado,Apartamento,Buen estado,1 a 8 años,259.0,259.0,6.0,4,3,3,15,EL POBLADO,EL POBLADO,3+
El Poblado,Apartamento,Usado,16 a 30 años,87.0,87.0,6.0,3,2,2,16,EL POBLADO,EL POBLADO,3+
Belén Aliadas,Apartaestudio,Usado,1 a 8 años,35.0,35.0,4.0,1,1,0,4,BELEN ALIADAS,BELEN ALIADAS,3+
La floresta,Apartaestudio,Usado,16 a 30 años,50.0,50.0,4.0,1,1,0,5,LA FLORESTA,LA FLORESTA,3+
Ciudad del Río,Apartamento,Usado,1 a 8 años,70.0,70.0,5.0,2,3,1,3,CIUDAD DEL RIO,CIUDAD DEL RIO,missing
Loma de los bernal,Apartamento,Usado,1 a 8 años,67.0,67.0,3.0,2,3,1,5,LOMA DE LOS BERNAL,LOMA DE LOS BERNAL,missing
Robledo,Casa,Usado,menor a 1 año,44.0,44.0,2.0,1,3,0,1,ROBLEDO,ROBLEDO,missing
El Poblado,Apartamento,Usado,9 a 15 años,57.0,57.0,6.0,2,1,1,4,EL POBLADO,EL POBLADO,missing
Calasanz,Apartamento,Usado,1 a 8 años,62.0,62.0,4.0,2,2,0,5,CALASANZ,CALASANZ,missing
Manrique,Casa,Usado,16 a 30 años,130.0,130.0,2.0,3,6,0,1,MANRIQUE,MANRIQUE,1
Robledo,Apartaestudio,Usado,1 a 8 años,38.0,38.0,3.0,1,1,0,3,ROBLEDO,ROBLEDO,3+
Loma de los bernal,Apartamento,Usado,1 a 8 años,240.0,240.0,4.0,4,4,2,6,LOMA DE LOS BERNAL,LOMA DE LOS BERNAL,3+
San joaquin,Casa,Usado,1 a 8 años,190.0,190.0,4.0,3,6,0,1,SAN JOAQUIN,SAN JOAQUIN,missing
El Poblado,Apartamento,Usado,1 a 8 años,90.0,90.0,3.0,2,3,0,4,EL POBLADO,EL POBLADO,missing
Laureles,Apartamento,Usado,16 a 30 años,98.0,98.0,4.0,2,3,2,5,LAURELES,LAURELES,missing
San diego,Apartamento,Usado,1 a 8 años,102.4,102.4,5.0,2,3,1,5,SAN DIEGO,SAN DIEGO,missing
La candelaria ,Apartaestudio,Usado,1 a 8 años,121.0,121.0,4.0,3,3,1,13,LA CANDELARIA,LA CANDELARIA,3+
Prado,Casa,Usado,más de 30 años,450.0,450.0,4.0,2,3,1,1,PRADO,PRADO,missing
Simesa,Apartamento,Usado,1 a 8 años,70.0,70.0,5.0,2,2,1,18,SIMESA,SIMESA,3+
El Poblado,Apartamento,Usado,1 a 8 años,11700.0,11700.0,6.0,3,2,2,8,EL POBLADO,EL POBLADO,missing
Buenos aires,Apartaestudio,Usado,más de 30 años,20.0,20.0,3.0,1,1,0,1,BUENOS AIRES,BUENOS AIRES,1
Laureles,Apartamento,Buen estado,16 a 30 años,80.0,80.0,5.0,2,3,1,2,LAURELES,LAURELES,2
Belén,Apartamento,Usado,menor a 1 año,50.0,50.0,3.0,1,3,0,4,BELEN,BELEN,missing
Laureles,Apartamento,Usado,16 a 30 años,135.0,135.0,5.0,4,3,2,8,LAURELES,LAURELES,3+
Buenos aires,Apartamento,Usado,16 a 30 años,43.0,43.0,3.0,1,2,0,1,BUENOS AIRES,BUENOS AIRES,1
Aves Maria,Apartaestudio,Usado,Desconocido,30.0,30.0,3.0,1,1,0,5,AVES MARIA,AVES MARIA,3+
Prado,Apartaestudio,Usado,9 a 15 años,40.0,40.0,4.0,1,1,0,2,PRADO,PRADO,missing
Villa hermosa,Apartaestudio,Usado,menor a 1 año,32.0,32.0,3.0,1,1,0,3,VILLA HERMOSA,VILLA HERMOSA,missing
El Poblado,Apartamento,Excelente estado,1 a 8 años,7000.0,7000.0,6.0,2,3,1,18,EL POBLADO,EL POBLADO,3+
Belén San Bernardo,Apartaestudio,Usado,16 a 30 años,28.0,28.0,3.0,1,1,0,1,BELEN SAN BERNARDO,BELEN SAN BERNARDO,1
Boston,Apartamento,Usado,1 a 8 años,30.0,30.0,4.0,1,1,0,3,BOSTON,BOSTON,missing
Conquistadores,Apartamento,Usado,9 a 15 años,100.0,100.0,5.0,2,3,0,12,CONQUISTADORES,CONQUISTADORES,3+
Aranjuez,Casa,Usado,más de 30 años,110.0,110.0,2.0,2,3,0,2,ARANJUEZ,ARANJUEZ,2
Bosques de san pablo,Apartaestudio,Usado,9 a 15 años,50.0,50.0,3.0,1,1,0,2,BOSQUES DE SAN PABLO,BOSQUES DE SAN PABLO,2
Loma de los bernal,Apartamento,Usado,16 a 30 años,60.0,60.0,4.0,2,3,0,10,LOMA DE LOS BERNAL,LOMA DE LOS BERNAL,3+
El tesoro,Apartamento,Usado,16 a 30 años,76.0,76.0,6.0,2,2,2,15,EL TESORO,EL TESORO,3+
El Poblado,Apartamento,Usado,16 a 30 años,120.0,120.0,6.0,2,3,2,3,EL POBLADO,EL POBLADO,missing
Conquistadores,Apartamento,Usado,1 a 8 años,110.0,110.0,5.0,2,3,1,24,CONQUISTADORES,CONQUISTADORES,missing
La candelaria ,Casa,Usado,1 a 8 años,200.0,2700.0,4.0,3,3,0,1,LA CANDELARIA,LA CANDELARIA,1
La pilarica,Apartamento,Usado,1 a 8 años,48.0,48.0,4.0,1,2,0,5,LA PILARICA,LA PILARICA,missing
Las esmeraldas,Apartamento,Usado,16 a 30 años,67.0,67.0,5.0,2,2,1,1,LAS ESMERALDAS,OTROS,1
Villa hermosa,Apartaestudio,Nuevo,menor a 1 año,21.0,21.0,4.0,1,1,0,3,VILLA HERMOSA,VILLA HERMOSA,3+
El Poblado,Apartamento,Usado,más de 30 años,65.0,65.0,5.0,2,3,0,5,EL POBLADO,EL POBLADO,3+
La pilarica,Apartamento,Usado,1 a 8 años,90.0,90.0,3.0,2,2,0,8,LA PILARICA,LA PILARICA,missing
Calasanz,Apartamento,Usado,9 a 15 años,55.0,55.0,4.0,2,3,0,4,CALASANZ,CALASANZ,missing
Rodeo Alto,Apartamento,Usado,1 a 8 años,56.0,56.0,4.0,2,2,1,6,RODEO ALTO,RODEO ALTO,missing
Centro,Apartamento,Usado,16 a 30 años,54.0,54.0,4.0,2,3,0,18,CENTRO,CENTRO,3+
Santa rosa de lima,Apartamento,Nuevo,1 a 8 años,58.0,58.0,3.0,2,3,1,18,SANTA ROSA DE LIMA,SANTA ROSA DE LIMA,3+
Villa hermosa,Apartaestudio,Usado,más de 30 años,30.0,30.0,3.0,1,1,0,1,VILLA HERMOSA,VILLA HERMOSA,1
Conquistadores,Apartamento,Usado,9 a 15 años,105.0,105.0,5.0,4,3,1,10,CONQUISTADORES,CONQUISTADORES,3+
Prado,Apartamento,Usado,16 a 30 años,90.0,90.0,3.0,1,2,0,1,PRADO,PRADO,1
El tesoro,Apartamento,Usado,9 a 15 años,115.0,115.0,6.0,3,2,2,6,EL TESORO,EL TESORO,3+
San joaquin,Apartamento,Usado,1 a 8 años,90.0,90.0,5.0,3,3,0,1,SAN JOAQUIN,SAN JOAQUIN,missing
Calasanz,Apartamento,Usado,1 a 8 años,77.0,77.0,4.0,2,3,1,6,CALASANZ,CALASANZ,3+
Laureles,Apartamento,Usado,16 a 30 años,70.0,70.0,4.0,2,3,1,8,LAURELES,LAURELES,3+
Conquistadores,Apartaestudio,Usado,1 a 8 años,45.0,45.0,5.0,1,1,1,2,CONQUISTADORES,CONQUISTADORES,missing
Belen La Palma,Apartamento,Usado,1 a 8 años,93.61,93.61,4.0,3,3,1,2,BELEN LA PALMA,BELEN LA PALMA,2
Provenza,Apartamento,Usado,más de 30 años,79.0,79.0,5.0,2,2,1,4,PROVENZA,PROVENZA,missing
Manrique Central,Apartaestudio,Usado,16 a 30 años,20.0,20.0,3.0,1,1,0,1,MANRIQUE CENTRAL,MANRIQUE CENTRAL,1
Loma del Indio,Apartamento,Usado,1 a 8 años,50.0,50.0,4.0,1,2,1,19,LOMA DEL INDIO,LOMA DEL INDIO,3+
